latitude,longitude,frp,brightness_k,confidence,nearest_facility,distance_km,classification,severity
27.80422,96.25511,5.56,335.35,n,None,1154.2,Agricultural / Stubble Burning,MODERATE
28.04317,96.47542,4.29,330.4,n,None,1185.51,Agricultural / Stubble Burning,MODERATE
6.23675,80.86526,4.12,334.31,n,None,1663.65,Agricultural / Stubble Burning,MODERATE
6.33034,80.99194,4.99,351.23,n,None,1652.85,Agricultural / Stubble Burning,MODERATE
6.35857,80.94335,3.97,340.79,n,None,1649.85,Agricultural / Stubble Burning,MODERATE
6.42279,81.28326,9.28,336.83,n,None,1642.07,Agricultural / Stubble Burning,MODERATE
6.53911,80.9467,2.0,331.79,n,None,1629.77,Agricultural / Stubble Burning,MODERATE
6.67181,81.1211,6.5,330.05,n,None,1614.59,Agricultural / Stubble Burning,MODERATE
6.70483,81.3157,17.86,344.06,n,None,1610.69,Agricultural / Stubble Burning,MODERATE
6.70966,81.31493,9.5,350.75,n,None,1610.16,Agricultural / Stubble Burning,MODERATE
6.71541,81.3196,9.5,332.8,n,None,1609.51,Agricultural / Stubble Burning,MODERATE
6.74071,81.49876,9.91,344.26,n,None,1606.74,Agricultural / Stubble Burning,MODERATE
6.75242,81.36433,8.71,343.11,n,None,1605.39,Agricultural / Stubble Burning,MODERATE
6.75315,81.36772,15.74,345.31,n,None,1605.31,Agricultural / Stubble Burning,MODERATE
6.75334,81.36961,8.71,339.08,n,None,1605.28,Agricultural / Stubble Burning,MODERATE
6.76568,81.38377,3.62,330.37,l,None,1603.91,Agricultural / Stubble Burning,MODERATE
6.78033,81.56044,4.9,333.59,l,None,1602.4,Agricultural / Stubble Burning,MODERATE
6.78106,81.55669,4.65,336.12,n,None,1602.31,Agricultural / Stubble Burning,MODERATE
6.8919,81.63732,6.6,341.36,n,None,1590.12,Agricultural / Stubble Burning,MODERATE
6.89411,81.63881,3.22,341.13,n,None,1589.87,Agricultural / Stubble Burning,MODERATE
6.95228,81.63975,6.6,341.12,n,None,1583.41,Agricultural / Stubble Burning,MODERATE
7.04393,81.3398,9.34,339.54,n,None,1572.98,Agricultural / Stubble Burning,MODERATE
7.06148,81.55836,3.81,339.75,n,None,1571.14,Agricultural / Stubble Burning,MODERATE
7.29534,80.90753,9.43,332.06,n,None,1545.85,Agricultural / Stubble Burning,MODERATE
7.34159,81.73363,5.02,332.62,l,None,1540.34,Agricultural / Stubble Burning,MODERATE
7.36861,81.83842,2.84,333.38,n,None,1537.66,Agricultural / Stubble Burning,MODERATE
7.4696,81.26337,9.11,341.38,n,None,1525.69,Agricultural / Stubble Burning,MODERATE
7.46992,81.26645,9.36,341.78,n,None,1525.65,Agricultural / Stubble Burning,MODERATE
7.50373,81.0055,20.32,343.1,n,None,1522.38,Agricultural / Stubble Burning,MODERATE
7.58117,81.05603,7.49,346.56,n,None,1513.63,Agricultural / Stubble Burning,MODERATE
7.58505,81.0498,7.49,333.23,n,None,1513.22,Agricultural / Stubble Burning,MODERATE
7.58989,81.04897,12.93,342.75,n,None,1512.68,Agricultural / Stubble Burning,MODERATE
7.59083,81.05435,12.93,341.08,n,None,1512.56,Agricultural / Stubble Burning,MODERATE
7.59472,81.04814,12.93,330.11,l,None,1512.15,Agricultural / Stubble Burning,MODERATE
7.59566,81.05355,12.93,341.84,n,None,1512.03,Agricultural / Stubble Burning,MODERATE
7.60043,81.70636,4.0,333.79,l,None,1511.5,Agricultural / Stubble Burning,MODERATE
7.63271,81.00848,17.66,342.55,n,None,1508.03,Agricultural / Stubble Burning,MODERATE
7.70216,81.24224,21.8,355.84,n,None,1499.85,Agricultural / Stubble Burning,MODERATE
7.70227,81.2403,24.75,343.05,n,None,1499.84,Agricultural / Stubble Burning,MODERATE
7.70587,81.54907,5.25,335.39,l,None,1499.48,Agricultural / Stubble Burning,MODERATE
7.72287,80.65866,2.6,331.59,n,None,1499.48,Agricultural / Stubble Burning,MODERATE
7.75616,81.04324,3.9,333.1,n,None,1494.21,Agricultural / Stubble Burning,MODERATE
7.75739,81.04642,3.09,333.01,n,None,1494.07,Agricultural / Stubble Burning,MODERATE
7.76149,80.46893,5.2,331.17,n,None,1496.38,Agricultural / Stubble Burning,MODERATE
7.76352,80.10153,2.2,330.15,n,None,1499.25,Agricultural / Stubble Burning,MODERATE
7.76651,80.46803,2.93,339.65,n,None,1495.83,Agricultural / Stubble Burning,MODERATE
7.78214,80.61802,8.07,340.18,n,None,1493.13,Agricultural / Stubble Burning,MODERATE
7.86162,80.01357,6.27,335.91,n,None,1489.29,Agricultural / Stubble Burning,MODERATE
7.86603,80.21651,1.27,336.47,n,None,1486.81,Agricultural / Stubble Burning,MODERATE
7.89261,80.00832,13.53,336.03,n,None,1485.92,Agricultural / Stubble Burning,MODERATE
7.89316,80.01147,13.53,367.0,h,None,1485.82,Agricultural / Stubble Burning,MODERATE
7.9272,81.20104,9.78,343.9,n,None,1474.88,Agricultural / Stubble Burning,MODERATE
7.95415,80.10401,6.79,335.43,n,None,1478.12,Agricultural / Stubble Burning,MODERATE
7.95961,81.19024,4.8,332.3,l,None,1471.29,Agricultural / Stubble Burning,MODERATE
7.96052,81.19545,4.8,331.99,l,None,1471.18,Agricultural / Stubble Burning,MODERATE
7.96143,81.2007,2.71,332.0,n,None,1471.08,Agricultural / Stubble Burning,MODERATE
7.96473,80.04477,3.02,334.68,n,None,1477.55,Agricultural / Stubble Burning,MODERATE
7.96528,81.19466,4.8,330.75,l,None,1470.66,Agricultural / Stubble Burning,MODERATE
7.96914,81.18865,5.15,333.18,n,None,1470.24,Agricultural / Stubble Burning,MODERATE
7.9765,80.17004,6.16,355.35,n,None,1475.0,Agricultural / Stubble Burning,MODERATE
8.00678,80.95213,4.32,332.53,n,None,1466.63,Agricultural / Stubble Burning,MODERATE
8.02262,81.30133,4.39,331.31,l,None,1464.17,Agricultural / Stubble Burning,MODERATE
8.02483,81.304,6.72,330.92,l,None,1463.92,Agricultural / Stubble Burning,MODERATE
8.02955,80.58305,12.23,334.53,n,None,1465.87,Agricultural / Stubble Burning,MODERATE
8.03451,80.58224,12.23,367.0,h,None,1465.33,Agricultural / Stubble Burning,MODERATE
8.14744,81.34031,12.16,336.64,n,None,1450.27,Agricultural / Stubble Burning,MODERATE
8.14977,81.34171,8.72,331.74,n,None,1450.01,Agricultural / Stubble Burning,MODERATE
8.22174,81.02438,7.89,339.9,n,None,1442.51,Agricultural / Stubble Burning,MODERATE
8.22999,80.67237,9.52,341.78,n,None,1443.09,Agricultural / Stubble Burning,MODERATE
8.23185,80.67056,9.01,339.54,n,None,1442.89,Agricultural / Stubble Burning,MODERATE
8.24239,80.55995,9.17,351.1,n,None,1442.39,Agricultural / Stubble Burning,MODERATE
8.31679,80.25421,6.52,332.65,n,None,1436.52,Agricultural / Stubble Burning,MODERATE
8.31783,80.31797,3.64,338.65,n,None,1435.85,Agricultural / Stubble Burning,MODERATE
8.3213,80.2504,4.77,332.07,n,None,1436.05,Agricultural / Stubble Burning,MODERATE
8.32473,81.02138,8.15,341.73,n,None,1431.07,Agricultural / Stubble Burning,MODERATE
8.32823,80.23088,5.46,342.45,n,None,1435.46,Agricultural / Stubble Burning,MODERATE
8.32876,80.23387,7.23,339.45,n,None,1435.38,Agricultural / Stubble Burning,MODERATE
8.36492,80.20286,2.81,331.59,n,None,1431.66,Agricultural / Stubble Burning,MODERATE
8.38192,80.41776,3.18,331.62,n,None,1427.93,Agricultural / Stubble Burning,MODERATE
8.38243,80.42065,3.18,338.16,n,None,1427.85,Agricultural / Stubble Burning,MODERATE
8.40434,80.71754,8.35,340.95,n,None,1423.47,Agricultural / Stubble Burning,MODERATE
8.41959,80.30999,3.31,332.9,n,None,1424.63,Agricultural / Stubble Burning,MODERATE
8.42012,80.31292,4.12,330.4,n,None,1424.55,Agricultural / Stubble Burning,MODERATE
8.42402,80.53297,8.83,331.06,n,None,1422.42,Agricultural / Stubble Burning,MODERATE
8.46777,81.13238,8.26,340.6,n,None,1414.9,Agricultural / Stubble Burning,MODERATE
8.48778,80.46198,5.09,343.36,n,None,1415.85,Agricultural / Stubble Burning,MODERATE
8.49171,80.13688,4.54,330.79,n,None,1418.26,Agricultural / Stubble Burning,MODERATE
8.4992,80.86546,12.46,341.78,n,None,1412.23,Agricultural / Stubble Burning,MODERATE
8.50053,80.86825,13.46,342.17,n,None,1412.07,Agricultural / Stubble Burning,MODERATE
8.50601,80.53648,10.21,339.22,n,None,1413.29,Agricultural / Stubble Burning,MODERATE
8.50888,80.17417,10.01,354.53,n,None,1415.99,Agricultural / Stubble Burning,MODERATE
8.55598,80.87775,5.35,335.73,n,None,1405.87,Agricultural / Stubble Burning,MODERATE
8.57436,80.76235,7.34,336.16,n,None,1404.36,Agricultural / Stubble Burning,MODERATE
8.57594,80.76398,7.74,336.03,n,None,1404.17,Agricultural / Stubble Burning,MODERATE
8.59022,80.93218,10.06,339.24,n,None,1401.85,Agricultural / Stubble Burning,MODERATE
8.59064,80.60149,7.12,333.61,n,None,1403.47,Agricultural / Stubble Burning,MODERATE
8.60761,80.38096,2.75,333.57,n,None,1403.19,Agricultural / Stubble Burning,MODERATE
8.61894,80.47482,11.07,341.77,n,None,1401.2,Agricultural / Stubble Burning,MODERATE
8.64861,80.37698,2.77,332.81,n,None,1398.68,Agricultural / Stubble Burning,MODERATE
8.65176,81.00031,5.52,335.77,n,None,1394.78,Agricultural / Stubble Burning,MODERATE
8.71072,80.17675,3.48,342.12,n,None,1393.61,Agricultural / Stubble Burning,MODERATE
8.73159,80.35374,2.52,332.03,n,None,1389.67,Agricultural / Stubble Burning,MODERATE
8.73255,80.35361,2.9,331.42,n,None,1389.57,Agricultural / Stubble Burning,MODERATE
8.82634,80.8719,8.93,330.43,n,None,1375.85,Agricultural / Stubble Burning,MODERATE
8.83713,80.99182,6.93,342.96,n,None,1374.21,Agricultural / Stubble Burning,MODERATE
8.83843,80.99353,9.53,342.38,n,None,1374.06,Agricultural / Stubble Burning,MODERATE
8.86342,80.68942,6.84,337.74,n,None,1372.65,Agricultural / Stubble Burning,MODERATE
8.87713,80.65346,27.45,343.41,n,None,1371.34,Wildfire / Forest Thermal Event,HIGH
8.87997,80.6513,11.41,335.16,n,None,1371.04,Agricultural / Stubble Burning,MODERATE
8.88096,80.65672,13.05,341.19,n,None,1370.89,Agricultural / Stubble Burning,MODERATE
8.94751,80.86004,7.29,330.31,n,None,1362.44,Agricultural / Stubble Burning,MODERATE
9.11983,80.27057,2.86,340.54,n,None,1347.39,Agricultural / Stubble Burning,MODERATE
27.76085,96.31447,12.89,367.0,h,None,1157.29,Agricultural / Stubble Burning,MODERATE
27.76173,96.05025,30.46,367.0,h,None,1134.07,Wildfire / Forest Thermal Event,HIGH
27.99545,94.19669,7.15,367.0,h,None,989.83,Agricultural / Stubble Burning,MODERATE
27.99705,94.19421,4.76,334.8,n,None,989.73,Agricultural / Stubble Burning,MODERATE
27.99753,94.20003,5.08,331.57,n,None,990.23,Agricultural / Stubble Burning,MODERATE
21.09986,72.63593,16.4,367.0,h,None,306.75,Agricultural / Stubble Burning,MODERATE
21.10254,72.64712,16.69,332.28,n,None,307.61,Agricultural / Stubble Burning,MODERATE
22.35861,82.30355,8.07,339.08,n,None,161.18,Agricultural / Stubble Burning,MODERATE
22.57294,85.89919,6.26,333.56,n,None,39.06,Agricultural / Stubble Burning,MODERATE
22.57568,85.89491,2.21,327.48,n,None,39.19,Agricultural / Stubble Burning,MODERATE
23.69744,86.0788,3.98,332.04,n,None,99.87,Agricultural / Stubble Burning,MODERATE
27.50222,69.06162,11.92,348.59,n,None,568.41,Agricultural / Stubble Burning,MODERATE
27.50323,69.05852,15.12,336.53,n,None,568.57,Agricultural / Stubble Burning,MODERATE
27.75157,74.47194,3.31,343.81,n,None,318.46,Agricultural / Stubble Burning,MODERATE
27.75231,74.47518,5.24,336.59,n,None,318.14,Agricultural / Stubble Burning,MODERATE
27.75248,74.47375,6.72,350.83,n,None,318.28,Agricultural / Stubble Burning,MODERATE
27.75653,74.47059,3.31,337.62,n,None,318.61,Agricultural / Stubble Burning,MODERATE
30.62286,73.82132,9.0,336.28,n,None,505.28,Agricultural / Stubble Burning,MODERATE
30.85914,74.36917,21.78,347.79,n,None,485.97,Agricultural / Stubble Burning,MODERATE
30.98748,74.20461,9.25,340.2,n,None,507.1,Agricultural / Stubble Burning,MODERATE
30.98889,74.20782,14.78,339.84,n,None,507.01,Agricultural / Stubble Burning,MODERATE
31.1145,74.67035,6.49,339.39,n,None,489.21,Agricultural / Stubble Burning,MODERATE
31.11475,74.66734,4.29,339.31,n,None,489.4,Agricultural / Stubble Burning,MODERATE
31.32291,74.4838,7.71,342.04,n,None,518.39,Agricultural / Stubble Burning,MODERATE
31.39054,75.07154,4.44,331.47,n,None,492.74,Agricultural / Stubble Burning,MODERATE
31.61656,76.17597,4.46,335.25,n,None,470.78,Agricultural / Stubble Burning,MODERATE
31.61751,76.18054,5.4,331.97,n,None,470.74,Agricultural / Stubble Burning,MODERATE
34.15691,74.18864,5.54,340.37,n,None,802.74,Agricultural / Stubble Burning,MODERATE
36.96885,81.35052,6.01,345.07,n,None,1097.0,Agricultural / Stubble Burning,MODERATE
21.10432,72.6347,9.4,328.58,n,None,306.39,Agricultural / Stubble Burning,MODERATE
21.1052,72.64534,9.33,331.35,n,None,307.3,Agricultural / Stubble Burning,MODERATE
22.93165,69.69714,4.55,335.59,n,None,63.21,Agricultural / Stubble Burning,MODERATE
23.40523,71.8103,7.8,332.64,n,None,207.38,Agricultural / Stubble Burning,MODERATE
24.35433,69.38046,1.42,331.47,n,None,220.55,Agricultural / Stubble Burning,MODERATE
25.87052,68.93066,4.91,343.6,n,None,394.95,Agricultural / Stubble Burning,MODERATE
25.87083,68.93423,4.91,346.81,n,None,394.87,Agricultural / Stubble Burning,MODERATE
25.92188,69.27729,3.36,331.42,l,None,391.83,Agricultural / Stubble Burning,MODERATE
27.50557,69.06078,8.64,353.18,n,None,568.79,Agricultural / Stubble Burning,MODERATE
27.63493,68.38425,10.44,352.41,n,None,598.44,Agricultural / Stubble Burning,MODERATE
27.63523,68.38776,9.84,367.0,h,None,598.37,Agricultural / Stubble Burning,MODERATE
28.05424,69.36775,7.06,336.04,l,None,624.72,Agricultural / Stubble Burning,MODERATE
25.54349,91.23439,0.92,297.52,n,None,595.8,Agricultural / Stubble Burning,MODERATE
29.12307,75.77782,1.31,304.05,n,None,253.5,Agricultural / Stubble Burning,MODERATE
19.02263,72.88951,1.35,304.46,n,None,483.4,Agricultural / Stubble Burning,MODERATE
20.95472,85.0117,1.51,305.7,n,None,99.2,Agricultural / Stubble Burning,MODERATE
20.99696,86.01632,0.89,307.58,n,None,8.76,Agricultural / Stubble Burning,MODERATE
20.99756,86.01261,1.12,307.32,n,None,8.59,Agricultural / Stubble Burning,MODERATE
21.07221,85.04323,1.01,305.32,n,None,97.1,Agricultural / Stubble Burning,MODERATE
21.07493,85.04748,0.74,302.27,n,None,96.71,Agricultural / Stubble Burning,MODERATE
21.0755,85.04382,1.32,305.95,n,None,97.1,Agricultural / Stubble Burning,MODERATE
21.07664,85.03648,1.57,309.74,n,None,97.87,Agricultural / Stubble Burning,MODERATE
21.07936,85.04073,1.32,306.61,n,None,97.48,Agricultural / Stubble Burning,MODERATE
21.0805,85.0334,1.57,310.31,n,None,98.25,Agricultural / Stubble Burning,MODERATE
21.10294,72.64367,5.81,335.0,n,None,307.27,Agricultural / Stubble Burning,MODERATE
21.10339,72.63818,3.16,302.27,n,None,306.76,Agricultural / Stubble Burning,MODERATE
21.10385,72.63268,3.16,302.78,n,None,306.24,Agricultural / Stubble Burning,MODERATE
21.10931,72.64422,5.81,302.54,n,None,306.97,Agricultural / Stubble Burning,MODERATE
21.16521,72.6657,8.02,336.35,n,None,305.86,Agricultural / Stubble Burning,MODERATE
21.16739,72.67079,5.82,304.39,n,None,306.2,Agricultural / Stubble Burning,MODERATE
21.16783,72.66529,8.96,338.24,n,None,305.68,Agricultural / Stubble Burning,MODERATE
21.76534,85.58006,0.96,305.93,n,None,100.81,Agricultural / Stubble Burning,MODERATE
21.87683,83.55544,1.66,308.71,n,None,237.62,Agricultural / Stubble Burning,MODERATE
21.87796,83.54762,0.88,304.22,n,None,236.89,Agricultural / Stubble Burning,MODERATE
22.20574,84.86871,2.16,320.35,n,None,150.76,Agricultural / Stubble Burning,MODERATE
22.20687,84.86127,0.97,306.37,n,None,151.39,Agricultural / Stubble Burning,MODERATE
22.21017,84.86185,0.97,307.55,n,None,151.18,Agricultural / Stubble Burning,MODERATE
22.21299,84.84327,0.98,314.26,n,None,152.76,Agricultural / Stubble Burning,MODERATE
22.24044,87.3886,1.16,314.37,n,None,138.59,Agricultural / Stubble Burning,MODERATE
22.35592,87.28951,1.54,302.91,n,None,123.85,Agricultural / Stubble Burning,MODERATE
22.36406,87.30318,2.24,311.16,n,None,124.78,Agricultural / Stubble Burning,MODERATE
22.36472,87.29928,2.24,324.69,n,None,124.38,Agricultural / Stubble Burning,MODERATE
22.36809,87.29993,1.36,304.77,n,None,124.29,Agricultural / Stubble Burning,MODERATE
22.37475,87.28107,0.83,301.4,n,None,122.22,Agricultural / Stubble Burning,MODERATE
22.3754,87.27717,0.83,308.31,n,None,121.82,Agricultural / Stubble Burning,MODERATE
22.37811,87.28172,2.33,317.49,n,None,122.13,Agricultural / Stubble Burning,MODERATE
22.37877,87.27782,2.33,322.13,n,None,121.74,Agricultural / Stubble Burning,MODERATE
22.57284,85.89931,1.62,305.63,n,None,39.06,Agricultural / Stubble Burning,MODERATE
22.57343,85.8956,1.62,320.43,n,None,39.3,Agricultural / Stubble Burning,MODERATE
22.57401,85.8919,1.34,309.25,n,None,39.55,Agricultural / Stubble Burning,MODERATE
22.60839,85.91376,2.18,315.08,n,None,35.39,Agricultural / Stubble Burning,MODERATE
23.48114,87.36388,0.71,300.63,n,None,142.05,Agricultural / Stubble Burning,MODERATE
23.48179,87.35999,1.54,307.59,n,None,141.75,Agricultural / Stubble Burning,MODERATE
23.48449,87.36453,1.42,300.17,n,None,142.3,Agricultural / Stubble Burning,MODERATE
23.54914,87.24515,0.92,301.77,n,None,136.34,Agricultural / Stubble Burning,MODERATE
23.55709,87.23873,0.97,307.57,n,None,136.36,Agricultural / Stubble Burning,MODERATE
23.5598,87.24324,0.94,304.7,n,None,136.91,Agricultural / Stubble Burning,MODERATE
23.56043,87.23938,1.58,315.45,n,None,136.64,Agricultural / Stubble Burning,MODERATE
23.56173,87.08474,1.68,310.35,n,None,124.65,Agricultural / Stubble Burning,MODERATE
23.66225,87.15884,0.85,302.59,n,None,137.79,Agricultural / Stubble Burning,MODERATE
23.66289,87.155,2.3,314.51,n,None,137.56,Agricultural / Stubble Burning,MODERATE
23.66392,86.91837,0.94,301.29,n,None,121.4,Agricultural / Stubble Burning,MODERATE
23.66558,87.15948,0.85,305.32,n,None,138.1,Agricultural / Stubble Burning,MODERATE
23.67711,86.39232,0.97,298.21,n,None,99.3,Agricultural / Stubble Burning,MODERATE
23.68916,87.12046,0.85,303.64,n,None,137.12,Agricultural / Stubble Burning,MODERATE
23.69186,87.12494,1.16,302.73,n,None,137.65,Agricultural / Stubble Burning,MODERATE
23.69248,87.1211,0.85,305.1,n,None,137.42,Agricultural / Stubble Burning,MODERATE
23.69311,87.11726,0.85,303.4,n,None,137.2,Agricultural / Stubble Burning,MODERATE
23.69636,85.28938,0.96,299.63,n,None,134.95,Agricultural / Stubble Burning,MODERATE
23.70923,85.42641,0.56,301.3,n,None,127.01,Agricultural / Stubble Burning,MODERATE
23.70947,86.44797,1.58,315.12,n,None,104.13,Agricultural / Stubble Burning,MODERATE
23.71216,86.45234,1.58,317.83,n,None,104.54,Agricultural / Stubble Burning,MODERATE
23.71276,86.44859,1.58,310.25,n,None,104.5,Agricultural / Stubble Burning,MODERATE
23.71368,86.42171,1.0,308.73,n,None,103.93,Agricultural / Stubble Burning,MODERATE
23.71697,86.42233,1.0,310.16,n,None,104.3,Agricultural / Stubble Burning,MODERATE
23.71726,86.4417,2.08,311.89,n,None,104.81,Agricultural / Stubble Burning,MODERATE
23.72445,86.4392,1.47,310.37,n,None,105.52,Agricultural / Stubble Burning,MODERATE
23.7247,86.50117,0.45,301.85,n,None,107.27,Agricultural / Stubble Burning,MODERATE
23.73554,86.43355,1.84,321.97,n,None,106.57,Agricultural / Stubble Burning,MODERATE
23.73614,86.4298,1.84,312.63,n,None,106.55,Agricultural / Stubble Burning,MODERATE
23.73884,86.43418,3.09,327.36,n,None,106.95,Agricultural / Stubble Burning,MODERATE
23.75172,86.41727,2.61,316.26,n,None,107.95,Agricultural / Stubble Burning,MODERATE
23.75472,86.39852,1.25,304.43,n,None,107.87,Agricultural / Stubble Burning,MODERATE
23.75741,86.40289,1.93,318.42,n,None,108.25,Agricultural / Stubble Burning,MODERATE
23.76071,86.4035,1.93,320.94,n,None,108.62,Agricultural / Stubble Burning,MODERATE
23.76131,86.39976,2.69,312.3,n,None,108.61,Agricultural / Stubble Burning,MODERATE
23.7634,86.40787,2.71,313.48,n,None,109.01,Agricultural / Stubble Burning,MODERATE
23.764,86.40412,2.71,337.11,n,None,108.99,Agricultural / Stubble Burning,MODERATE
23.7646,86.40038,1.45,307.69,n,None,108.98,Agricultural / Stubble Burning,MODERATE
23.7658,86.39287,1.9,310.35,n,None,108.96,Agricultural / Stubble Burning,MODERATE
23.7673,86.40474,2.71,321.37,n,None,109.37,Agricultural / Stubble Burning,MODERATE
23.76789,86.401,1.45,311.15,n,None,109.35,Agricultural / Stubble Burning,MODERATE
23.77195,86.20503,0.61,303.16,n,None,107.58,Agricultural / Stubble Burning,MODERATE
23.77314,86.19756,2.01,316.19,n,None,107.7,Agricultural / Stubble Burning,MODERATE
23.77388,86.36349,1.65,319.54,n,None,109.3,Agricultural / Stubble Burning,MODERATE
23.77465,86.20938,2.02,308.18,n,None,107.89,Agricultural / Stubble Burning,MODERATE
23.77687,86.38723,2.52,320.22,n,None,110.06,Agricultural / Stubble Burning,MODERATE
23.77794,86.21,2.02,323.72,n,None,108.26,Agricultural / Stubble Burning,MODERATE
23.77927,86.37223,1.36,308.96,n,None,110.05,Agricultural / Stubble Burning,MODERATE
23.77957,86.3916,1.54,316.23,n,None,110.44,Agricultural / Stubble Burning,MODERATE
23.78017,86.38784,1.58,312.82,n,None,110.43,Agricultural / Stubble Burning,MODERATE
23.78123,86.21062,2.91,321.15,n,None,108.63,Agricultural / Stubble Burning,MODERATE
23.78256,86.37284,0.93,306.24,n,None,110.42,Agricultural / Stubble Burning,MODERATE
23.78287,86.39221,1.54,305.72,n,None,110.81,Agricultural / Stubble Burning,MODERATE
23.79602,86.35221,2.67,319.74,n,None,111.55,Agricultural / Stubble Burning,MODERATE
23.80289,86.33033,2.48,341.03,n,None,111.99,Agricultural / Stubble Burning,MODERATE
23.80349,86.32658,2.48,305.26,n,None,112.0,Agricultural / Stubble Burning,MODERATE
23.80618,86.33095,2.48,309.99,n,None,112.36,Agricultural / Stubble Burning,MODERATE
24.1132,86.86172,1.12,303.61,n,None,161.03,Agricultural / Stubble Burning,MODERATE
24.11712,86.85856,1.12,305.53,n,None,161.29,Agricultural / Stubble Burning,MODERATE
24.11981,86.86299,0.67,304.79,n,None,161.75,Agricultural / Stubble Burning,MODERATE
24.16286,82.62945,0.73,302.19,n,None,338.92,Agricultural / Stubble Burning,MODERATE
24.18079,82.6594,1.48,306.02,n,None,338.81,Agricultural / Stubble Burning,MODERATE
24.20588,82.52586,0.79,301.82,n,None,329.45,Agricultural / Stubble Burning,MODERATE
11.63526,77.78582,1.59,305.27,n,None,1129.3,Agricultural / Stubble Burning,MODERATE
11.63575,77.78219,1.59,311.22,n,None,1129.38,Agricultural / Stubble Burning,MODERATE
13.44537,80.09873,0.39,300.75,n,None,871.82,Agricultural / Stubble Burning,MODERATE
15.33156,76.28658,0.75,296.84,n,None,844.56,Agricultural / Stubble Burning,MODERATE
17.14091,77.17721,1.62,303.44,n,None,630.44,Agricultural / Stubble Burning,MODERATE
6.86858,81.53471,2.84,310.71,n,None,1592.56,Agricultural / Stubble Burning,MODERATE
6.86912,81.53126,3.13,314.56,n,None,1592.49,Agricultural / Stubble Burning,MODERATE
7.01476,81.53342,0.68,308.97,n,None,1576.3,Agricultural / Stubble Burning,MODERATE
7.03347,79.88908,1.44,308.42,n,None,1582.27,Agricultural / Stubble Burning,MODERATE
7.21097,80.88227,0.9,306.21,n,None,1555.32,Agricultural / Stubble Burning,MODERATE
9.33208,77.42133,0.57,306.37,n,None,1384.95,Agricultural / Stubble Burning,MODERATE
32.72242,72.92347,1.65,300.7,n,None,731.89,Agricultural / Stubble Burning,MODERATE
32.88718,71.61486,4.06,305.81,n,None,829.14,Agricultural / Stubble Burning,MODERATE
33.23782,73.32808,0.51,302.18,n,None,754.41,Agricultural / Stubble Burning,MODERATE
20.90911,71.45748,1.27,302.22,n,None,225.98,Agricultural / Stubble Burning,MODERATE
21.1023,72.64445,4.61,325.85,n,None,307.38,Agricultural / Stubble Burning,MODERATE
21.10851,72.64623,1.73,300.23,n,None,307.19,Agricultural / Stubble Burning,MODERATE
21.16195,72.67301,7.13,331.97,n,None,306.69,Agricultural / Stubble Burning,MODERATE
21.16321,72.66759,5.75,306.16,n,None,306.13,Agricultural / Stubble Burning,MODERATE
21.16448,72.67401,7.51,335.15,n,None,306.65,Agricultural / Stubble Burning,MODERATE
21.16577,72.6686,7.51,324.7,n,None,306.09,Agricultural / Stubble Burning,MODERATE
22.3335,69.86754,1.92,305.97,n,None,24.8,Agricultural / Stubble Burning,MODERATE
22.33359,69.86769,1.95,305.68,n,None,24.78,Agricultural / Stubble Burning,MODERATE
22.93052,69.69683,0.79,309.17,n,None,63.12,Agricultural / Stubble Burning,MODERATE
22.93487,69.70141,1.1,303.23,n,None,63.24,Agricultural / Stubble Burning,MODERATE
23.11865,70.08547,2.13,318.92,n,None,72.1,Agricultural / Stubble Burning,MODERATE
23.31297,70.1991,0.85,305.38,n,None,94.77,Agricultural / Stubble Burning,MODERATE
24.68875,73.00188,1.46,303.27,n,None,388.37,Agricultural / Stubble Burning,MODERATE
25.38727,68.58311,1.53,306.55,n,None,357.25,Agricultural / Stubble Burning,MODERATE
28.05321,69.36735,1.98,312.98,n,None,624.61,Agricultural / Stubble Burning,MODERATE
28.42666,69.69976,2.13,308.44,n,None,663.25,Agricultural / Stubble Burning,MODERATE
19.37056,71.35753,4.62,305.87,n,None,370.21,Agricultural / Stubble Burning,MODERATE
19.37163,71.35265,4.62,336.4,n,None,369.91,Agricultural / Stubble Burning,MODERATE
19.37215,71.35577,7.94,322.79,n,None,369.97,Agricultural / Stubble Burning,MODERATE
6.62034,80.86146,9.44,335.6,n,None,1621.03,Agricultural / Stubble Burning,MODERATE
6.70589,81.02266,11.03,345.97,n,None,1611.02,Agricultural / Stubble Burning,MODERATE
7.64065,81.0046,13.08,334.48,n,None,1507.16,Agricultural / Stubble Burning,MODERATE
7.73534,81.04542,22.31,354.29,n,None,1496.52,Agricultural / Stubble Burning,MODERATE
7.73657,81.04612,35.46,367.0,h,None,1496.38,Wildfire / Forest Thermal Event,HIGH
7.80653,79.93188,7.33,334.09,n,None,1496.27,Agricultural / Stubble Burning,MODERATE
7.99491,81.06725,7.48,334.84,n,None,1467.61,Agricultural / Stubble Burning,MODERATE
7.99596,81.07281,7.48,332.97,n,None,1467.48,Agricultural / Stubble Burning,MODERATE
8.00538,80.94382,9.43,333.27,n,None,1466.81,Agricultural / Stubble Burning,MODERATE
8.06398,81.00715,7.16,344.74,n,None,1460.1,Agricultural / Stubble Burning,MODERATE
8.06483,81.00875,5.07,337.46,n,None,1460.0,Agricultural / Stubble Burning,MODERATE
8.11225,81.11897,11.26,333.05,n,None,1454.45,Agricultural / Stubble Burning,MODERATE
8.22898,81.02676,14.88,338.61,n,None,1441.7,Agricultural / Stubble Burning,MODERATE
8.37628,80.63567,16.35,340.64,n,None,1427.05,Agricultural / Stubble Burning,MODERATE
8.38111,80.63701,15.39,341.41,n,None,1426.51,Agricultural / Stubble Burning,MODERATE
8.4907,80.74339,19.34,332.45,n,None,1413.75,Agricultural / Stubble Burning,MODERATE
8.823,80.86677,5.41,332.54,n,None,1376.25,Agricultural / Stubble Burning,MODERATE
9.01332,79.85774,14.78,339.15,n,None,1363.77,Agricultural / Stubble Burning,MODERATE
9.11475,80.29814,9.59,340.92,n,None,1347.7,Agricultural / Stubble Burning,MODERATE
9.24255,80.70767,14.99,339.86,n,None,1330.44,Agricultural / Stubble Burning,MODERATE
9.40651,80.41932,29.65,367.0,h,None,1314.29,Wildfire / Forest Thermal Event,HIGH
9.40808,80.41743,13.27,339.5,n,None,1314.13,Agricultural / Stubble Burning,MODERATE
9.40922,80.42326,13.27,344.76,n,None,1313.96,Agricultural / Stubble Burning,MODERATE
22.78984,86.20039,4.25,332.01,n,"Tata Steel Plant, Jamshedpur",2.25,Routine Industrial Flaring / Smelting,LOW
24.19735,82.71543,3.65,330.3,n,None,340.28,Agricultural / Stubble Burning,MODERATE
27.74572,96.28419,3.97,337.11,n,None,1153.87,Agricultural / Stubble Burning,MODERATE
27.9212,96.75629,20.58,367.0,h,None,1204.15,Agricultural / Stubble Burning,MODERATE
27.98864,95.93889,4.11,331.25,n,None,1136.06,Agricultural / Stubble Burning,MODERATE
31.71096,74.98926,4.81,331.99,n,None,527.27,Agricultural / Stubble Burning,MODERATE
31.72677,74.97857,6.54,329.29,n,None,529.3,Agricultural / Stubble Burning,MODERATE
31.96281,74.84226,3.0,331.6,n,None,558.45,Agricultural / Stubble Burning,MODERATE
7.42443,81.5742,19.62,355.4,n,None,1530.8,Agricultural / Stubble Burning,MODERATE
7.81918,79.90168,7.27,332.21,n,None,1495.21,Agricultural / Stubble Burning,MODERATE
7.82129,79.89932,5.85,333.92,n,None,1495.01,Agricultural / Stubble Burning,MODERATE
7.86066,79.92656,3.53,330.14,n,None,1490.34,Agricultural / Stubble Burning,MODERATE
7.91105,80.07076,5.36,334.4,n,None,1483.22,Agricultural / Stubble Burning,MODERATE
7.94965,81.16211,6.89,330.23,n,None,1472.45,Agricultural / Stubble Burning,MODERATE
7.96745,81.08487,6.95,334.77,n,None,1470.62,Agricultural / Stubble Burning,MODERATE
8.17655,80.60171,21.29,367.0,h,None,1449.44,Agricultural / Stubble Burning,MODERATE
8.17673,79.90968,7.87,332.24,n,None,1455.58,Agricultural / Stubble Burning,MODERATE
8.18016,79.91205,9.38,331.16,n,None,1455.18,Agricultural / Stubble Burning,MODERATE
8.22284,80.55346,13.85,352.38,n,None,1444.61,Agricultural / Stubble Burning,MODERATE
8.22425,80.55553,18.81,367.0,h,None,1444.44,Agricultural / Stubble Burning,MODERATE
8.22942,80.5527,5.86,333.56,n,None,1443.88,Agricultural / Stubble Burning,MODERATE
8.24815,80.27408,3.14,332.29,n,None,1443.95,Agricultural / Stubble Burning,MODERATE
8.38151,77.63257,2.87,336.2,n,None,1479.85,Agricultural / Stubble Burning,MODERATE
8.4721,80.47921,9.06,334.47,n,None,1417.46,Agricultural / Stubble Burning,MODERATE
8.5061,80.53806,9.67,331.64,n,None,1413.27,Agricultural / Stubble Burning,MODERATE
8.51389,80.60078,9.02,336.95,n,None,1411.99,Agricultural / Stubble Burning,MODERATE
8.53039,80.25745,11.51,339.81,n,None,1412.82,Agricultural / Stubble Burning,MODERATE
8.53139,80.2601,10.7,335.51,n,None,1412.68,Agricultural / Stubble Burning,MODERATE
8.63273,77.95695,5.13,343.66,n,None,1443.71,Agricultural / Stubble Burning,MODERATE
8.76355,80.2114,12.8,345.58,n,None,1387.42,Agricultural / Stubble Burning,MODERATE
8.84051,77.56339,6.23,351.95,n,None,1432.79,Agricultural / Stubble Burning,MODERATE
8.9391,77.54266,3.16,330.88,l,None,1422.91,Agricultural / Stubble Burning,MODERATE
9.01183,79.85493,8.15,339.29,n,None,1363.97,Agricultural / Stubble Burning,MODERATE
9.01281,77.36678,2.23,330.69,n,None,1420.63,Agricultural / Stubble Burning,MODERATE
9.23561,77.48406,4.11,333.74,n,None,1393.17,Agricultural / Stubble Burning,MODERATE
9.2401,77.48399,4.15,330.96,n,None,1392.69,Agricultural / Stubble Burning,MODERATE
9.273,77.95239,2.97,335.16,n,None,1374.97,Agricultural / Stubble Burning,MODERATE
9.80803,77.91698,2.8,330.79,n,None,1318.68,Agricultural / Stubble Burning,MODERATE
9.81062,77.91656,5.64,332.04,n,None,1318.42,Agricultural / Stubble Burning,MODERATE
19.37202,71.35451,8.29,340.83,n,None,369.94,Agricultural / Stubble Burning,MODERATE
22.85335,69.71429,3.25,334.46,n,None,55.25,Agricultural / Stubble Burning,MODERATE
23.05704,69.18311,3.99,336.55,n,None,110.87,Agricultural / Stubble Burning,MODERATE
23.2305,69.8563,7.15,337.99,n,None,86.97,Agricultural / Stubble Burning,MODERATE
23.70831,68.89656,6.33,338.83,n,None,181.78,Agricultural / Stubble Burning,MODERATE
23.7121,68.89597,5.25,338.73,n,None,182.14,Agricultural / Stubble Burning,MODERATE
24.82654,68.06606,15.75,342.1,n,None,331.31,Agricultural / Stubble Burning,MODERATE
24.83513,68.07449,12.79,348.36,n,None,331.54,Agricultural / Stubble Burning,MODERATE
25.31203,69.17378,4.39,332.44,l,None,328.47,Agricultural / Stubble Burning,MODERATE
25.31208,69.17742,5.03,338.01,n,None,328.37,Agricultural / Stubble Burning,MODERATE
25.97624,68.75241,5.06,336.12,n,None,411.65,Agricultural / Stubble Burning,MODERATE
27.60912,68.40923,12.4,337.98,n,None,594.99,Agricultural / Stubble Burning,MODERATE
27.71588,68.99443,7.86,338.71,l,None,592.97,Agricultural / Stubble Burning,MODERATE
28.05107,69.37104,5.08,341.0,n,None,624.33,Agricultural / Stubble Burning,MODERATE
28.22972,69.52414,7.31,348.33,n,None,642.61,Agricultural / Stubble Burning,MODERATE
29.35258,71.12714,6.37,341.85,n,None,671.49,Agricultural / Stubble Burning,MODERATE
30.67366,72.12801,2.49,331.19,n,None,640.28,Agricultural / Stubble Burning,MODERATE
31.11015,74.6165,3.68,330.77,n,None,491.98,Agricultural / Stubble Burning,MODERATE
31.11121,74.61674,5.16,330.01,n,None,492.05,Agricultural / Stubble Burning,MODERATE
31.1241,74.65465,9.36,343.81,n,None,490.97,Agricultural / Stubble Burning,MODERATE
31.12541,74.65491,10.59,352.97,n,None,491.07,Agricultural / Stubble Burning,MODERATE
31.35772,74.54604,9.77,355.26,n,None,517.89,Agricultural / Stubble Burning,MODERATE
31.43671,72.1857,1.98,334.55,n,None,683.36,Agricultural / Stubble Burning,MODERATE
31.6539,74.51457,7.67,352.95,n,None,546.28,Agricultural / Stubble Burning,MODERATE
31.93465,72.30624,3.0,330.08,n,None,709.68,Agricultural / Stubble Burning,MODERATE
35.96947,71.78416,7.21,367.0,h,None,1085.6,Agricultural / Stubble Burning,MODERATE
35.96994,71.7915,7.21,336.15,n,None,1085.29,Agricultural / Stubble Burning,MODERATE
35.97488,71.78667,11.09,367.0,h,None,1085.98,Agricultural / Stubble Burning,MODERATE
35.97527,71.79267,11.09,367.0,h,None,1085.73,Agricultural / Stubble Burning,MODERATE
35.98895,94.82888,1.06,301.22,n,None,1666.46,Agricultural / Stubble Burning,MODERATE
21.59062,96.22943,1.23,306.12,n,None,1042.63,Agricultural / Stubble Burning,MODERATE
21.67675,84.03644,1.34,300.69,n,None,216.38,Agricultural / Stubble Burning,MODERATE
21.68045,84.04113,1.34,300.19,n,None,216.08,Agricultural / Stubble Burning,MODERATE
21.69876,84.03098,1.96,299.67,n,None,217.83,Agricultural / Stubble Burning,MODERATE
21.76399,85.57771,0.97,303.88,n,None,100.77,Agricultural / Stubble Burning,MODERATE
21.85749,83.966,1.65,304.93,n,None,231.22,Agricultural / Stubble Burning,MODERATE
21.92468,85.22262,2.4,311.57,n,None,134.48,Agricultural / Stubble Burning,MODERATE
21.92925,85.21793,2.22,304.93,n,None,135.17,Agricultural / Stubble Burning,MODERATE
21.99174,85.32676,1.28,301.95,n,None,126.34,Agricultural / Stubble Burning,MODERATE
22.01131,97.17485,1.06,309.8,n,None,1132.88,Agricultural / Stubble Burning,MODERATE
22.0123,97.17339,1.67,307.9,n,None,1132.72,Agricultural / Stubble Burning,MODERATE
22.05241,88.12465,2.7,322.16,n,None,216.16,Agricultural / Stubble Burning,MODERATE
22.05581,88.12522,2.7,308.11,n,None,216.06,Agricultural / Stubble Burning,MODERATE
22.13259,85.37997,1.64,302.44,n,None,111.5,Agricultural / Stubble Burning,MODERATE
22.20706,84.8479,1.55,304.17,n,None,152.62,Agricultural / Stubble Burning,MODERATE
22.21229,84.87164,2.63,316.89,n,None,150.17,Agricultural / Stubble Burning,MODERATE
22.24515,87.38655,0.83,307.53,n,None,138.17,Agricultural / Stubble Burning,MODERATE
22.24565,87.3895,1.7,313.2,n,None,138.41,Agricultural / Stubble Burning,MODERATE
22.31256,84.76579,1.74,302.49,n,None,155.7,Agricultural / Stubble Burning,MODERATE
22.33047,87.3986,4.42,327.65,n,None,135.27,Agricultural / Stubble Burning,MODERATE
22.35646,87.28973,3.2,312.04,n,None,123.85,Agricultural / Stubble Burning,MODERATE
22.36156,87.0164,3.8,319.85,n,None,98.52,Agricultural / Stubble Burning,MODERATE
22.36232,87.29939,2.75,308.24,n,None,124.5,Agricultural / Stubble Burning,MODERATE
22.36266,87.2986,2.48,308.58,n,None,124.41,Agricultural / Stubble Burning,MODERATE
22.36513,87.01697,4.14,320.75,n,None,98.37,Agricultural / Stubble Burning,MODERATE
22.36525,87.3042,2.85,307.1,n,None,124.82,Agricultural / Stubble Burning,MODERATE
22.3656,87.30343,3.94,309.77,n,None,124.73,Agricultural / Stubble Burning,MODERATE
22.36585,87.29993,2.75,325.94,n,None,124.39,Agricultural / Stubble Burning,MODERATE
22.36618,87.29916,2.48,324.67,n,None,124.3,Agricultural / Stubble Burning,MODERATE
22.37614,87.27886,8.55,341.63,n,None,121.95,Agricultural / Stubble Burning,MODERATE
22.37967,87.27942,2.33,306.06,n,None,121.85,Agricultural / Stubble Burning,MODERATE
22.57173,85.89788,2.5,317.6,n,None,39.25,Agricultural / Stubble Burning,MODERATE
22.57237,85.89285,5.38,327.34,n,None,39.59,Agricultural / Stubble Burning,MODERATE
22.59007,85.90559,1.33,305.68,n,None,37.32,Agricultural / Stubble Burning,MODERATE
22.6084,85.91337,1.98,309.13,n,None,35.42,Agricultural / Stubble Burning,MODERATE
22.78988,86.21069,1.42,310.1,n,None,3.07,Agricultural / Stubble Burning,MODERATE
22.79051,86.20585,1.42,307.16,n,"Tata Steel Plant, Jamshedpur",2.62,Routine Industrial Flaring / Smelting,LOW
22.79488,86.20152,3.42,310.47,n,"Tata Steel Plant, Jamshedpur",1.97,Routine Industrial Flaring / Smelting,LOW
22.79863,86.20203,1.33,305.59,n,"Tata Steel Plant, Jamshedpur",1.83,Routine Industrial Flaring / Smelting,LOW
22.80953,86.08892,1.29,304.7,n,None,9.9,Agricultural / Stubble Burning,MODERATE
22.87329,88.21279,2.4,308.67,n,None,207.9,Agricultural / Stubble Burning,MODERATE
22.87513,86.0611,1.85,309.14,n,None,14.96,Agricultural / Stubble Burning,MODERATE
23.48057,87.3631,1.61,310.26,n,None,141.95,Agricultural / Stubble Burning,MODERATE
23.48116,87.35871,1.61,307.62,n,None,141.6,Agricultural / Stubble Burning,MODERATE
23.48412,87.36367,1.61,322.15,n,None,142.21,Agricultural / Stubble Burning,MODERATE
23.55113,86.54237,1.9,306.62,n,None,90.68,Agricultural / Stubble Burning,MODERATE
23.55564,87.23958,6.35,305.83,n,None,136.33,Agricultural / Stubble Burning,MODERATE
23.55922,87.24014,6.35,337.8,n,None,136.62,Agricultural / Stubble Burning,MODERATE
23.56176,87.23847,1.55,305.55,n,None,136.65,Agricultural / Stubble Burning,MODERATE
23.61031,85.67498,0.87,302.31,n,None,103.67,Agricultural / Stubble Burning,MODERATE
23.61067,87.14558,1.73,303.05,n,None,132.9,Agricultural / Stubble Burning,MODERATE
23.62885,86.29082,2.59,311.18,n,None,92.28,Agricultural / Stubble Burning,MODERATE
23.63277,86.83619,1.35,304.68,n,None,113.59,Agricultural / Stubble Burning,MODERATE
23.65528,85.50589,1.48,307.56,n,None,117.34,Agricultural / Stubble Burning,MODERATE
23.66402,87.15853,3.48,312.58,n,None,137.91,Agricultural / Stubble Burning,MODERATE
23.66419,84.99803,2.25,310.08,n,None,154.45,Agricultural / Stubble Burning,MODERATE
23.66463,87.15403,4.14,320.98,n,None,137.62,Agricultural / Stubble Burning,MODERATE
23.6687,84.99474,0.75,303.6,n,None,155.02,Agricultural / Stubble Burning,MODERATE
23.6758,86.10421,4.0,319.64,n,None,97.23,Agricultural / Stubble Burning,MODERATE
23.67609,86.39803,2.34,316.36,n,None,99.31,Agricultural / Stubble Burning,MODERATE
23.67715,86.40022,1.75,313.21,n,None,99.47,Agricultural / Stubble Burning,MODERATE
23.67776,86.39534,1.75,309.66,n,None,99.43,Agricultural / Stubble Burning,MODERATE
23.67839,86.08393,2.62,306.0,n,None,97.71,Agricultural / Stubble Burning,MODERATE
23.67982,86.39861,2.34,304.16,n,None,99.73,Agricultural / Stubble Burning,MODERATE
23.6809,86.09462,3.23,316.23,n,None,97.88,Agricultural / Stubble Burning,MODERATE
23.6815,86.39594,1.75,308.52,n,None,99.85,Agricultural / Stubble Burning,MODERATE
23.68587,86.39157,3.52,316.58,n,None,100.23,Agricultural / Stubble Burning,MODERATE
23.69436,85.28903,1.08,301.44,n,None,134.81,Agricultural / Stubble Burning,MODERATE
23.69543,85.36773,1.12,301.91,n,None,129.58,Agricultural / Stubble Burning,MODERATE
23.69675,85.35658,1.34,300.75,n,None,130.43,Agricultural / Stubble Burning,MODERATE
23.69687,85.3662,1.44,299.75,n,None,129.8,Agricultural / Stubble Burning,MODERATE
23.69873,86.07649,1.38,306.19,n,None,100.04,Agricultural / Stubble Burning,MODERATE
23.71263,86.45056,1.05,298.49,n,None,104.54,Agricultural / Stubble Burning,MODERATE
23.71265,86.42067,1.47,300.67,n,None,103.79,Agricultural / Stubble Burning,MODERATE
23.71344,85.28403,0.63,297.42,n,None,136.72,Agricultural / Stubble Burning,MODERATE
23.72049,85.0099,1.38,304.51,n,None,157.45,Agricultural / Stubble Burning,MODERATE
23.75253,85.85485,2.27,307.19,n,None,110.68,Agricultural / Stubble Burning,MODERATE
23.75639,85.85545,2.27,312.34,n,None,111.07,Agricultural / Stubble Burning,MODERATE
23.76132,86.39812,3.03,311.86,n,None,108.58,Agricultural / Stubble Burning,MODERATE
23.76442,86.40362,3.03,318.44,n,None,109.03,Agricultural / Stubble Burning,MODERATE
23.76816,86.40417,1.58,304.37,n,None,109.45,Agricultural / Stubble Burning,MODERATE
23.7733,86.36485,6.91,329.62,n,None,109.26,Agricultural / Stubble Burning,MODERATE
23.77447,86.38514,2.69,309.93,n,None,109.76,Agricultural / Stubble Burning,MODERATE
23.77757,86.39063,2.22,324.18,n,None,110.2,Agricultural / Stubble Burning,MODERATE
23.7782,86.20853,1.77,312.53,n,None,108.29,Agricultural / Stubble Burning,MODERATE
23.77901,86.38809,5.58,325.06,n,None,110.31,Agricultural / Stubble Burning,MODERATE
23.77963,86.34565,1.96,308.03,n,None,109.65,Agricultural / Stubble Burning,MODERATE
23.78131,86.3912,2.22,305.36,n,None,110.62,Agricultural / Stubble Burning,MODERATE
23.78197,86.20911,1.77,304.93,n,None,108.71,Agricultural / Stubble Burning,MODERATE
23.78896,85.55489,0.13,297.8,n,None,126.99,Agricultural / Stubble Burning,MODERATE
23.79399,86.35288,3.8,314.24,n,None,111.34,Agricultural / Stubble Burning,MODERATE
23.79459,86.3552,2.08,314.05,n,None,111.44,Agricultural / Stubble Burning,MODERATE
23.79522,86.35023,2.08,305.82,n,None,111.43,Agricultural / Stubble Burning,MODERATE
23.79897,86.35081,2.35,308.55,n,None,111.85,Agricultural / Stubble Burning,MODERATE
23.80145,86.33105,2.15,315.03,n,None,111.84,Agricultural / Stubble Burning,MODERATE
23.8027,86.32107,3.65,305.09,n,None,111.85,Agricultural / Stubble Burning,MODERATE
23.80521,86.33162,2.15,311.78,n,None,112.26,Agricultural / Stubble Burning,MODERATE
23.82537,84.57391,2.05,305.57,n,None,199.9,Agricultural / Stubble Burning,MODERATE
23.83998,84.9466,0.52,299.11,n,None,171.04,Agricultural / Stubble Burning,MODERATE
24.11474,86.85886,1.67,310.26,n,None,161.06,Agricultural / Stubble Burning,MODERATE
24.19647,82.71571,2.58,301.49,n,None,340.38,Agricultural / Stubble Burning,MODERATE
24.19791,82.71751,1.13,299.47,n,None,340.35,Agricultural / Stubble Burning,MODERATE
24.20323,82.71207,1.13,300.17,n,None,339.55,Agricultural / Stubble Burning,MODERATE
24.20655,82.711,2.98,299.91,n,None,339.18,Agricultural / Stubble Burning,MODERATE
24.65422,91.93871,2.47,307.82,n,None,620.64,Agricultural / Stubble Burning,MODERATE
24.9241,84.15478,2.16,306.06,n,None,313.33,Agricultural / Stubble Burning,MODERATE
25.43283,86.08572,1.25,304.67,n,None,292.42,Agricultural / Stubble Burning,MODERATE
25.43429,86.08202,1.82,306.85,n,None,292.6,Agricultural / Stubble Burning,MODERATE
25.54086,91.23626,0.72,304.56,n,None,595.82,Agricultural / Stubble Burning,MODERATE
26.64382,79.47578,1.16,303.94,n,None,138.35,Agricultural / Stubble Burning,MODERATE
27.32448,95.27667,1.41,306.73,n,None,1044.07,Agricultural / Stubble Burning,MODERATE
27.37759,95.08962,1.35,308.47,n,None,1030.33,Agricultural / Stubble Burning,MODERATE
27.37792,95.33338,1.93,310.02,n,None,1051.75,Agricultural / Stubble Burning,MODERATE
28.34749,77.23125,1.4,303.91,n,None,95.49,Agricultural / Stubble Burning,MODERATE
28.34895,77.23016,1.44,304.16,n,None,95.69,Agricultural / Stubble Burning,MODERATE
28.36982,77.22448,2.5,307.09,n,None,97.99,Agricultural / Stubble Burning,MODERATE
14.58824,78.58073,4.13,307.48,n,None,791.51,Agricultural / Stubble Burning,MODERATE
15.16857,76.37953,1.22,295.63,n,None,852.65,Agricultural / Stubble Burning,MODERATE
19.0969,82.16512,1.84,297.05,n,None,246.75,Agricultural / Stubble Burning,MODERATE
20.75886,85.29892,2.06,315.6,n,None,72.05,Agricultural / Stubble Burning,MODERATE
20.75953,85.2938,2.06,311.72,n,None,72.55,Agricultural / Stubble Burning,MODERATE
20.78661,85.26652,1.77,310.77,n,None,74.56,Agricultural / Stubble Burning,MODERATE
20.78727,85.26144,2.42,309.81,n,None,75.06,Agricultural / Stubble Burning,MODERATE
20.79246,85.25185,3.91,329.1,n,None,75.91,Agricultural / Stubble Burning,MODERATE
20.79437,85.254,11.96,330.88,n,None,75.65,Agricultural / Stubble Burning,MODERATE
20.79631,85.2524,3.91,328.81,n,None,75.76,Agricultural / Stubble Burning,MODERATE
20.79758,85.25964,1.16,305.13,n,None,75.0,Agricultural / Stubble Burning,MODERATE
20.79949,85.25804,1.28,303.75,n,None,75.12,Agricultural / Stubble Burning,MODERATE
20.80593,85.2556,2.06,318.37,n,None,75.23,Agricultural / Stubble Burning,MODERATE
20.80978,85.25613,2.06,304.25,n,None,75.09,Agricultural / Stubble Burning,MODERATE
20.86255,84.99429,2.21,306.55,n,None,101.32,Agricultural / Stubble Burning,MODERATE
20.86321,84.98904,2.21,329.03,n,None,101.86,Agricultural / Stubble Burning,MODERATE
20.86647,84.99485,2.21,305.83,n,None,101.23,Agricultural / Stubble Burning,MODERATE
20.88413,84.98122,3.76,318.86,n,None,102.51,Agricultural / Stubble Burning,MODERATE
20.88806,84.98174,2.33,310.58,n,None,102.43,Agricultural / Stubble Burning,MODERATE
20.95039,86.04722,6.59,327.83,n,None,8.58,Agricultural / Stubble Burning,MODERATE
20.951,86.04254,2.0,308.6,n,None,8.12,Agricultural / Stubble Burning,MODERATE
20.9559,85.01449,3.02,310.09,n,None,98.92,Agricultural / Stubble Burning,MODERATE
20.96135,85.19098,1.54,316.03,n,None,80.62,Agricultural / Stubble Burning,MODERATE
20.962,85.18585,4.77,317.43,n,None,81.15,Agricultural / Stubble Burning,MODERATE
20.96211,86.01562,2.54,306.16,n,None,6.01,Agricultural / Stubble Burning,MODERATE
20.96332,85.17551,2.09,315.42,n,None,82.23,Agricultural / Stubble Burning,MODERATE
20.96335,86.00627,4.44,323.34,n,None,5.3,Agricultural / Stubble Burning,MODERATE
20.96398,85.17031,2.09,309.29,n,None,82.77,Agricultural / Stubble Burning,MODERATE
20.96465,85.16509,1.4,306.18,n,None,83.32,Agricultural / Stubble Burning,MODERATE
20.96522,85.19154,1.54,306.24,n,None,80.57,Agricultural / Stubble Burning,MODERATE
20.96531,85.15987,1.4,307.45,n,None,83.86,Agricultural / Stubble Burning,MODERATE
20.96643,86.01149,2.54,320.17,n,None,5.93,Agricultural / Stubble Burning,MODERATE
20.9672,85.17605,2.09,322.57,n,None,82.19,Agricultural / Stubble Burning,MODERATE
20.96787,85.17083,2.09,305.81,n,None,82.74,Agricultural / Stubble Burning,MODERATE
20.96889,86.02138,2.36,309.1,n,None,6.92,Agricultural / Stubble Burning,MODERATE
20.96986,85.1552,2.69,309.11,n,None,84.37,Agricultural / Stubble Burning,MODERATE
20.97108,85.17659,2.37,313.31,n,None,82.15,Agricultural / Stubble Burning,MODERATE
20.97445,86.0079,3.71,306.63,n,None,6.26,Agricultural / Stubble Burning,MODERATE
20.97563,85.1719,2.37,316.7,n,None,82.67,Agricultural / Stubble Burning,MODERATE
21.00215,86.02635,3.11,312.01,n,None,9.85,Agricultural / Stubble Burning,MODERATE
21.07204,85.04431,1.71,306.87,n,None,96.99,Agricultural / Stubble Burning,MODERATE
21.07596,85.04484,1.71,311.44,n,None,97.0,Agricultural / Stubble Burning,MODERATE
21.07663,85.03953,4.67,312.21,n,None,97.56,Agricultural / Stubble Burning,MODERATE
21.08121,85.03476,1.98,308.22,n,None,98.13,Agricultural / Stubble Burning,MODERATE
8.97767,80.67373,1.16,304.19,n,None,1360.05,Agricultural / Stubble Burning,MODERATE
6.61667,80.86543,4.75,337.86,n,None,1621.43,Agricultural / Stubble Burning,MODERATE
7.00607,81.56921,1.11,309.28,n,None,1577.31,Agricultural / Stubble Burning,MODERATE
7.37025,81.38673,2.06,311.58,n,None,1536.69,Agricultural / Stubble Burning,MODERATE
31.24832,76.92965,0.48,300.13,n,None,412.97,Agricultural / Stubble Burning,MODERATE
31.25948,76.92677,0.76,302.91,n,None,414.24,Agricultural / Stubble Burning,MODERATE
32.57404,72.56458,3.44,307.3,n,None,741.85,Agricultural / Stubble Burning,MODERATE
32.72028,72.92151,0.93,305.99,n,None,731.83,Agricultural / Stubble Burning,MODERATE
32.88754,71.61716,3.41,312.96,n,None,829.01,Agricultural / Stubble Burning,MODERATE
32.88812,71.61903,2.61,310.05,n,None,828.93,Agricultural / Stubble Burning,MODERATE
33.21862,71.48866,5.01,331.5,n,None,863.26,Agricultural / Stubble Burning,MODERATE
33.29602,71.18752,1.5,312.08,n,None,889.32,Agricultural / Stubble Burning,MODERATE
33.2966,71.18449,0.91,307.11,n,None,889.57,Agricultural / Stubble Burning,MODERATE
33.54422,71.55211,1.07,306.81,n,None,885.08,Agricultural / Stubble Burning,MODERATE
26.25882,74.09476,0.99,306.58,n,None,387.17,Agricultural / Stubble Burning,MODERATE
26.64012,79.48239,0.61,300.65,n,None,137.73,Agricultural / Stubble Burning,MODERATE
27.66586,76.12849,1.22,303.37,n,None,155.12,Agricultural / Stubble Burning,MODERATE
28.05047,69.37026,0.45,309.0,n,None,624.28,Agricultural / Stubble Burning,MODERATE
28.34514,77.23048,1.02,308.47,n,None,95.3,Agricultural / Stubble Burning,MODERATE
28.37166,77.22452,1.08,305.06,n,None,98.17,Agricultural / Stubble Burning,MODERATE
28.42589,69.69963,2.19,319.67,n,None,663.16,Agricultural / Stubble Burning,MODERATE
30.44688,70.56768,1.22,309.06,n,None,762.41,Agricultural / Stubble Burning,MODERATE
25.38592,68.58326,1.55,313.11,n,None,357.11,Agricultural / Stubble Burning,MODERATE
15.65567,73.98708,1.05,301.86,n,None,862.85,Agricultural / Stubble Burning,MODERATE
15.9894,97.68867,4.61,334.49,n,None,1352.39,Agricultural / Stubble Burning,MODERATE
17.8471,95.08736,2.33,331.67,n,None,1016.08,Agricultural / Stubble Burning,MODERATE
18.15625,96.45904,7.03,334.63,n,None,1141.7,Agricultural / Stubble Burning,MODERATE
19.42887,96.0562,2.08,330.94,n,None,1066.03,Agricultural / Stubble Burning,MODERATE
20.94607,95.85555,4.05,334.33,n,None,1018.8,Agricultural / Stubble Burning,MODERATE
22.01296,97.17343,2.33,330.58,n,None,1132.71,Agricultural / Stubble Burning,MODERATE
22.30986,97.83076,4.59,337.72,n,None,1196.8,Agricultural / Stubble Burning,MODERATE
22.47214,91.73652,3.2,331.06,n,None,570.86,Agricultural / Stubble Burning,MODERATE
23.6387,97.00668,3.79,334.66,n,None,1109.4,Agricultural / Stubble Burning,MODERATE
23.94453,96.09525,5.75,333.32,n,None,1019.18,Agricultural / Stubble Burning,MODERATE
24.32326,94.82581,4.48,338.47,n,None,896.53,Agricultural / Stubble Burning,MODERATE
26.68032,96.22619,2.1,332.47,n,None,1101.27,Agricultural / Stubble Burning,MODERATE
27.73957,96.29856,5.09,331.02,n,None,1154.84,Agricultural / Stubble Burning,MODERATE
27.76925,96.00028,7.85,330.29,n,None,1130.07,Agricultural / Stubble Burning,MODERATE
28.25653,95.64436,4.77,333.72,n,None,1125.5,Agricultural / Stubble Burning,MODERATE
29.16664,89.05265,2.54,326.2,n,None,763.18,Agricultural / Stubble Burning,MODERATE
6.56199,80.9104,9.93,344.03,n,None,1627.35,Agricultural / Stubble Burning,MODERATE
6.84954,81.74194,11.25,367.0,h,None,1595.06,Agricultural / Stubble Burning,MODERATE
7.01906,81.37799,3.32,337.67,n,None,1575.74,Agricultural / Stubble Burning,MODERATE
7.28559,81.23047,5.47,346.04,n,None,1546.18,Agricultural / Stubble Burning,MODERATE
7.30684,81.12773,9.12,333.27,n,None,1543.97,Agricultural / Stubble Burning,MODERATE
7.32698,81.23632,5.56,349.16,n,None,1541.57,Agricultural / Stubble Burning,MODERATE
7.47962,80.9305,8.73,339.48,n,None,1525.29,Agricultural / Stubble Burning,MODERATE
7.56578,80.95718,18.12,341.75,n,None,1515.62,Agricultural / Stubble Burning,MODERATE
7.57936,80.98353,8.34,339.34,n,None,1514.03,Agricultural / Stubble Burning,MODERATE
7.59758,81.04347,5.2,331.29,n,None,1511.84,Agricultural / Stubble Burning,MODERATE
7.61622,80.09357,6.08,330.23,n,None,1515.65,Agricultural / Stubble Burning,MODERATE
7.61663,80.09145,3.49,330.22,n,None,1515.62,Agricultural / Stubble Burning,MODERATE
7.70251,80.63237,8.78,339.67,n,None,1501.89,Agricultural / Stubble Burning,MODERATE
7.703,80.63457,8.95,339.88,n,None,1501.82,Agricultural / Stubble Burning,MODERATE
7.76048,80.62672,3.57,336.01,n,None,1495.48,Agricultural / Stubble Burning,MODERATE
7.76191,81.57713,3.71,347.52,n,None,1493.29,Agricultural / Stubble Burning,MODERATE
7.80841,80.12409,7.64,340.15,n,None,1494.06,Agricultural / Stubble Burning,MODERATE
7.84783,80.54978,9.59,333.8,n,None,1486.26,Agricultural / Stubble Burning,MODERATE
7.85741,80.54849,7.13,334.63,n,None,1485.2,Agricultural / Stubble Burning,MODERATE
7.86606,80.61155,4.62,332.21,n,None,1483.85,Agricultural / Stubble Burning,MODERATE
7.87962,80.6746,6.19,335.19,n,None,1481.98,Agricultural / Stubble Burning,MODERATE
7.88576,81.12782,9.55,367.0,h,None,1479.61,Agricultural / Stubble Burning,MODERATE
7.88918,80.20518,2.76,333.38,n,None,1484.35,Agricultural / Stubble Burning,MODERATE
7.92068,80.22617,3.46,331.27,n,None,1480.67,Agricultural / Stubble Burning,MODERATE
7.92992,80.18957,5.99,340.03,n,None,1479.98,Agricultural / Stubble Burning,MODERATE
7.93125,80.55211,11.57,345.35,n,None,1476.98,Agricultural / Stubble Burning,MODERATE
7.9431,79.94717,6.22,331.76,n,None,1480.99,Agricultural / Stubble Burning,MODERATE
7.94774,80.42298,7.13,332.18,n,None,1476.05,Agricultural / Stubble Burning,MODERATE
8.0092,80.19059,12.79,340.64,n,None,1471.19,Agricultural / Stubble Burning,MODERATE
8.01683,80.6076,9.92,335.84,n,None,1467.13,Agricultural / Stubble Burning,MODERATE
8.01757,80.61015,9.38,336.4,n,None,1467.04,Agricultural / Stubble Burning,MODERATE
8.02779,80.36233,7.19,330.16,n,None,1467.64,Agricultural / Stubble Burning,MODERATE
8.0292,80.16267,6.46,334.16,n,None,1469.23,Agricultural / Stubble Burning,MODERATE
8.03683,80.42897,9.92,333.29,n,None,1466.12,Agricultural / Stubble Burning,MODERATE
8.03878,80.232,5.77,332.72,n,None,1467.53,Agricultural / Stubble Burning,MODERATE
8.03901,80.00057,30.68,344.55,n,None,1469.8,Wildfire / Forest Thermal Event,HIGH
8.03994,80.00211,22.24,342.89,n,None,1469.68,Agricultural / Stubble Burning,MODERATE
8.04089,80.42314,8.27,334.82,n,None,1465.72,Agricultural / Stubble Burning,MODERATE
8.04159,80.42829,8.27,336.35,n,None,1465.6,Agricultural / Stubble Burning,MODERATE
8.0462,80.39101,3.72,333.45,n,None,1465.37,Agricultural / Stubble Burning,MODERATE
8.05466,80.59686,6.91,335.34,n,None,1463.0,Agricultural / Stubble Burning,MODERATE
8.0726,81.26368,11.34,367.0,h,None,1458.64,Agricultural / Stubble Burning,MODERATE
8.07765,81.26299,4.78,337.9,n,None,1458.08,Agricultural / Stubble Burning,MODERATE
8.09173,80.76154,5.09,330.58,n,None,1457.97,Agricultural / Stubble Burning,MODERATE
8.09729,80.55213,10.5,343.56,n,None,1458.55,Agricultural / Stubble Burning,MODERATE
8.0977,80.55312,8.69,341.82,n,None,1458.5,Agricultural / Stubble Burning,MODERATE
8.11767,80.05849,1.99,330.33,n,None,1460.48,Agricultural / Stubble Burning,MODERATE
8.15253,80.45384,9.6,330.38,n,None,1453.1,Agricultural / Stubble Burning,MODERATE
8.1573,80.45317,9.6,341.75,n,None,1452.58,Agricultural / Stubble Burning,MODERATE
8.16143,80.59212,11.63,333.41,n,None,1451.17,Agricultural / Stubble Burning,MODERATE
8.17278,80.5311,7.79,332.48,n,None,1450.31,Agricultural / Stubble Burning,MODERATE
8.17638,80.55755,16.53,340.02,n,None,1449.74,Agricultural / Stubble Burning,MODERATE
8.18231,80.30593,4.07,331.15,n,None,1450.97,Agricultural / Stubble Burning,MODERATE
8.18649,80.63194,4.38,332.53,n,None,1448.15,Agricultural / Stubble Burning,MODERATE
8.19665,80.59811,9.25,341.18,n,None,1447.23,Agricultural / Stubble Burning,MODERATE
8.20092,80.34748,2.71,330.18,n,None,1448.56,Agricultural / Stubble Burning,MODERATE
8.20912,80.68921,12.1,332.25,n,None,1445.31,Agricultural / Stubble Burning,MODERATE
8.22508,80.40976,16.64,341.47,n,None,1445.39,Agricultural / Stubble Burning,MODERATE
8.22578,80.41499,14.0,340.9,n,None,1445.27,Agricultural / Stubble Burning,MODERATE
8.22856,80.68656,5.06,335.77,n,None,1443.16,Agricultural / Stubble Burning,MODERATE
8.2373,80.39221,7.93,336.0,n,None,1444.17,Agricultural / Stubble Burning,MODERATE
8.23979,80.69616,6.47,336.45,n,None,1441.86,Agricultural / Stubble Burning,MODERATE
8.243,80.69344,8.1,338.4,n,None,1441.52,Agricultural / Stubble Burning,MODERATE
8.2615,80.32092,8.67,333.48,n,None,1442.07,Agricultural / Stubble Burning,MODERATE
8.29764,80.54935,24.78,354.29,n,None,1436.33,Agricultural / Stubble Burning,MODERATE
8.30056,80.57065,11.46,342.26,n,None,1435.87,Agricultural / Stubble Burning,MODERATE
8.30508,80.71282,7.39,333.32,n,None,1434.52,Agricultural / Stubble Burning,MODERATE
8.31219,80.72861,17.1,335.03,n,None,1433.65,Agricultural / Stubble Burning,MODERATE
8.33322,80.73698,7.17,338.27,n,None,1431.27,Agricultural / Stubble Burning,MODERATE
8.33829,81.30543,8.78,355.34,n,None,1429.07,Agricultural / Stubble Burning,MODERATE
8.34048,80.6557,11.41,331.29,n,None,1430.91,Agricultural / Stubble Burning,MODERATE
8.3414,80.65239,10.11,336.22,n,None,1430.83,Agricultural / Stubble Burning,MODERATE
8.35588,80.29491,5.46,334.1,n,None,1431.83,Agricultural / Stubble Burning,MODERATE
8.3606,81.31765,3.16,332.45,n,None,1426.58,Agricultural / Stubble Burning,MODERATE
8.36272,80.48936,5.42,333.4,n,None,1429.52,Agricultural / Stubble Burning,MODERATE
8.36336,80.64168,5.26,336.65,n,None,1428.45,Agricultural / Stubble Burning,MODERATE
8.36421,80.18029,6.21,335.6,n,None,1431.95,Agricultural / Stubble Burning,MODERATE
8.37162,80.48279,6.82,330.71,n,None,1428.58,Agricultural / Stubble Burning,MODERATE
8.37215,81.24903,5.25,349.39,n,None,1425.35,Agricultural / Stubble Burning,MODERATE
8.37989,80.61746,7.0,336.89,n,None,1426.76,Agricultural / Stubble Burning,MODERATE
8.38475,80.61683,7.0,334.95,n,None,1426.23,Agricultural / Stubble Burning,MODERATE
8.38734,81.24701,2.76,336.55,n,None,1423.66,Agricultural / Stubble Burning,MODERATE
8.39927,80.50613,10.55,340.12,n,None,1425.35,Agricultural / Stubble Burning,MODERATE
8.40659,80.66884,5.94,330.7,n,None,1423.49,Agricultural / Stubble Burning,MODERATE
8.42718,80.60968,10.34,337.85,n,None,1421.56,Agricultural / Stubble Burning,MODERATE
8.42836,80.61076,7.22,337.93,n,None,1421.43,Agricultural / Stubble Burning,MODERATE
8.42951,80.58326,8.48,331.27,n,None,1421.47,Agricultural / Stubble Burning,MODERATE
8.43203,80.60901,10.34,332.1,n,None,1421.03,Agricultural / Stubble Burning,MODERATE
8.43322,80.61012,7.22,331.34,n,None,1420.89,Agricultural / Stubble Burning,MODERATE
8.43337,80.58144,12.46,342.02,n,None,1421.05,Agricultural / Stubble Burning,MODERATE
8.43435,80.5826,3.95,340.89,n,None,1420.94,Agricultural / Stubble Burning,MODERATE
8.46417,80.4798,6.6,334.65,n,None,1418.34,Agricultural / Stubble Burning,MODERATE
8.47655,80.64687,3.97,335.38,n,None,1415.85,Agricultural / Stubble Burning,MODERATE
8.49624,80.24042,8.19,338.64,n,None,1416.76,Agricultural / Stubble Burning,MODERATE
8.50137,80.61045,6.43,331.95,n,None,1413.32,Agricultural / Stubble Burning,MODERATE
8.51375,80.59233,10.02,339.14,n,None,1412.06,Agricultural / Stubble Burning,MODERATE
8.51833,80.55355,11.8,332.86,n,None,1411.81,Agricultural / Stubble Burning,MODERATE
8.52348,80.41283,12.4,340.27,n,None,1412.26,Agricultural / Stubble Burning,MODERATE
8.52402,80.41576,10.7,342.22,n,None,1412.18,Agricultural / Stubble Burning,MODERATE
8.53939,80.67155,15.68,344.55,n,None,1408.73,Agricultural / Stubble Burning,MODERATE
8.54215,80.66906,8.95,341.97,n,None,1408.44,Agricultural / Stubble Burning,MODERATE
8.55004,80.42806,9.82,340.72,n,None,1409.2,Agricultural / Stubble Burning,MODERATE
8.56002,78.07714,4.24,342.75,n,None,1448.34,Agricultural / Stubble Burning,MODERATE
8.56377,80.66823,6.13,330.53,n,None,1406.04,Agricultural / Stubble Burning,MODERATE
8.58597,77.99529,4.45,339.1,n,None,1447.71,Agricultural / Stubble Burning,MODERATE
8.59323,80.56812,42.11,340.23,n,None,1403.4,Wildfire / Forest Thermal Event,HIGH
8.61431,80.3978,6.01,341.92,n,None,1402.31,Agricultural / Stubble Burning,MODERATE
8.61494,80.4004,11.15,340.92,n,None,1402.22,Agricultural / Stubble Burning,MODERATE
8.62795,80.42538,8.86,338.67,n,None,1400.58,Agricultural / Stubble Burning,MODERATE
8.62823,80.42798,9.43,338.12,n,None,1400.53,Agricultural / Stubble Burning,MODERATE
8.65732,80.35207,10.75,340.73,n,None,1397.92,Agricultural / Stubble Burning,MODERATE
8.70618,81.10874,4.81,348.98,n,None,1388.44,Agricultural / Stubble Burning,MODERATE
9.71718,78.94819,5.28,341.37,n,None,1301.96,Agricultural / Stubble Burning,MODERATE
9.71753,78.94925,5.02,342.23,n,None,1301.9,Agricultural / Stubble Burning,MODERATE
9.79343,78.81542,4.69,339.98,n,None,1296.58,Agricultural / Stubble Burning,MODERATE
14.63823,80.02961,7.88,339.71,n,None,742.38,Agricultural / Stubble Burning,MODERATE
15.44039,76.75618,9.55,334.84,n,None,804.18,Agricultural / Stubble Burning,MODERATE
15.65807,76.34846,1.62,331.78,n,None,812.29,Agricultural / Stubble Burning,MODERATE
21.7471,83.8422,20.35,348.28,n,None,237.91,Agricultural / Stubble Burning,MODERATE
21.74762,83.84351,20.92,341.73,n,None,237.81,Agricultural / Stubble Burning,MODERATE
23.12085,70.08622,4.83,344.08,n,None,72.35,Agricultural / Stubble Burning,MODERATE
23.92739,71.50553,3.85,335.21,n,None,219.39,Agricultural / Stubble Burning,MODERATE
24.82068,69.28185,2.19,334.57,n,None,272.99,Agricultural / Stubble Burning,MODERATE
25.09991,69.03384,1.56,330.54,l,None,310.36,Agricultural / Stubble Burning,MODERATE
25.38811,68.58119,4.23,337.06,n,None,357.42,Agricultural / Stubble Burning,MODERATE
25.45929,68.73104,1.59,335.18,n,None,358.61,Agricultural / Stubble Burning,MODERATE
26.09378,68.87895,5.59,338.02,l,None,420.2,Agricultural / Stubble Burning,MODERATE
26.1247,68.94427,2.85,332.84,l,None,421.68,Agricultural / Stubble Burning,MODERATE
27.73836,68.51983,18.0,340.35,n,None,605.84,Agricultural / Stubble Burning,MODERATE
27.76999,68.1642,1.88,331.09,n,None,619.29,Agricultural / Stubble Burning,MODERATE
27.89978,71.84229,8.62,340.74,n,None,577.49,Agricultural / Stubble Burning,MODERATE
28.05307,69.37003,5.51,339.27,n,None,624.57,Agricultural / Stubble Burning,MODERATE
28.15295,69.30789,2.4,330.54,l,None,636.31,Agricultural / Stubble Burning,MODERATE
28.4256,69.70081,4.65,334.54,l,None,663.12,Agricultural / Stubble Burning,MODERATE
28.52779,68.04312,9.12,343.03,n,None,703.17,Agricultural / Stubble Burning,MODERATE
30.0489,71.86846,2.97,332.22,n,None,630.18,Agricultural / Stubble Burning,MODERATE
30.61643,74.1008,30.79,351.89,n,None,484.88,Wildfire / Forest Thermal Event,HIGH
31.0919,73.43374,8.87,331.33,l,None,567.55,Agricultural / Stubble Burning,MODERATE
31.38006,74.8971,6.34,334.89,n,None,500.69,Agricultural / Stubble Burning,MODERATE
31.54852,74.82507,5.51,334.76,n,None,520.09,Agricultural / Stubble Burning,MODERATE
31.70966,75.16199,11.18,341.32,n,None,519.06,Agricultural / Stubble Burning,MODERATE
31.70993,75.16241,8.57,340.87,n,None,519.06,Agricultural / Stubble Burning,MODERATE
32.07531,72.408,1.92,330.12,n,None,713.08,Agricultural / Stubble Burning,MODERATE
32.90236,71.88142,10.22,342.5,n,None,812.51,Agricultural / Stubble Burning,MODERATE
33.71605,73.99878,13.48,339.65,n,None,767.03,Agricultural / Stubble Burning,MODERATE
24.93937,97.87523,0.42,299.83,n,None,1211.68,Agricultural / Stubble Burning,MODERATE
26.58274,93.77743,0.46,305.09,n,None,874.23,Agricultural / Stubble Burning,MODERATE
20.86759,96.3922,1.07,305.99,n,None,1075.04,Agricultural / Stubble Burning,MODERATE
20.95122,86.04872,1.95,296.17,n,None,8.75,Agricultural / Stubble Burning,MODERATE
21.17741,81.38749,5.16,301.5,n,Bhilai Steel Complex,1.6,Routine Industrial Flaring / Smelting,LOW
21.17997,81.38425,5.58,310.7,n,Bhilai Steel Complex,1.2,Routine Industrial Flaring / Smelting,LOW
21.19512,81.41978,2.57,301.76,n,None,4.16,Agricultural / Stubble Burning,MODERATE
21.19557,81.41378,2.94,306.26,n,None,3.56,Agricultural / Stubble Burning,MODERATE
21.19748,81.41651,3.7,317.98,n,None,3.88,Agricultural / Stubble Burning,MODERATE
21.37285,81.67832,0.86,297.72,n,None,37.0,Agricultural / Stubble Burning,MODERATE
21.37577,81.64222,2.07,296.02,n,None,34.13,Agricultural / Stubble Burning,MODERATE
21.37869,81.67963,2.17,302.96,n,None,37.47,Agricultural / Stubble Burning,MODERATE
21.59324,96.22859,1.68,310.86,n,None,1042.5,Agricultural / Stubble Burning,MODERATE
21.6776,84.03869,0.54,295.71,n,None,216.2,Agricultural / Stubble Burning,MODERATE
21.75613,84.02188,2.82,300.2,n,None,221.22,Agricultural / Stubble Burning,MODERATE
21.88047,97.09915,0.93,307.18,n,None,1126.88,Agricultural / Stubble Burning,MODERATE
22.13358,85.38276,1.22,311.36,n,None,111.22,Agricultural / Stubble Burning,MODERATE
22.21011,84.55067,1.06,305.81,n,None,180.47,Agricultural / Stubble Burning,MODERATE
22.32015,82.56496,2.57,309.4,n,None,175.41,Agricultural / Stubble Burning,MODERATE
22.32431,82.59199,2.09,303.72,n,None,177.69,Agricultural / Stubble Burning,MODERATE
22.3293,82.60853,2.54,306.36,n,None,179.29,Agricultural / Stubble Burning,MODERATE
22.3568,87.29144,2.45,308.77,n,None,123.99,Agricultural / Stubble Burning,MODERATE
22.36288,87.02039,3.47,306.97,n,None,98.8,Agricultural / Stubble Burning,MODERATE
22.36353,87.30087,4.39,319.03,n,None,124.58,Agricultural / Stubble Burning,MODERATE
22.3682,87.30145,1.56,304.52,n,None,124.43,Agricultural / Stubble Burning,MODERATE
22.36823,87.01551,1.63,306.83,n,None,98.07,Agricultural / Stubble Burning,MODERATE
22.3751,87.28096,2.03,314.36,n,None,122.19,Agricultural / Stubble Burning,MODERATE
22.37566,87.27567,2.03,304.98,n,None,121.67,Agricultural / Stubble Burning,MODERATE
22.38034,87.27624,2.08,305.76,n,None,121.52,Agricultural / Stubble Burning,MODERATE
23.16582,82.33868,1.13,296.56,n,None,240.86,Agricultural / Stubble Burning,MODERATE
23.48342,87.36598,2.54,318.13,n,None,142.37,Agricultural / Stubble Burning,MODERATE
23.56037,87.23828,1.64,307.02,n,None,136.54,Agricultural / Stubble Burning,MODERATE
23.56133,87.08495,2.82,312.32,n,None,124.64,Agricultural / Stubble Burning,MODERATE
23.5618,87.08329,2.58,309.97,n,None,124.55,Agricultural / Stubble Burning,MODERATE
23.63059,86.83554,1.49,304.0,n,None,113.36,Agricultural / Stubble Burning,MODERATE
23.66102,87.15663,1.61,310.95,n,None,137.54,Agricultural / Stubble Burning,MODERATE
23.66105,87.15417,1.97,310.43,n,None,137.36,Agricultural / Stubble Burning,MODERATE
23.66581,87.15722,1.69,305.21,n,None,137.95,Agricultural / Stubble Burning,MODERATE
23.68305,87.13069,2.13,304.3,n,None,137.36,Agricultural / Stubble Burning,MODERATE
23.689,87.1199,2.74,313.33,n,None,137.06,Agricultural / Stubble Burning,MODERATE
23.6913,87.0973,2.17,307.69,n,None,135.65,Agricultural / Stubble Burning,MODERATE
23.69381,87.12051,2.74,306.26,n,None,137.49,Agricultural / Stubble Burning,MODERATE
23.77845,86.21096,1.18,302.03,n,None,108.32,Agricultural / Stubble Burning,MODERATE
23.8254,84.57245,2.65,314.24,n,None,200.03,Agricultural / Stubble Burning,MODERATE
24.19478,82.71529,1.3,304.37,n,None,340.52,Agricultural / Stubble Burning,MODERATE
24.45041,83.03982,1.58,302.18,n,None,337.08,Agricultural / Stubble Burning,MODERATE
17.61176,83.20435,1.93,299.81,n,None,441.48,Agricultural / Stubble Burning,MODERATE
7.5604,80.93887,0.46,296.15,n,None,1516.28,Agricultural / Stubble Burning,MODERATE
36.999,80.19398,1.41,299.3,n,None,1071.41,Agricultural / Stubble Burning,MODERATE
28.27431,77.18369,1.96,307.27,n,None,90.99,Agricultural / Stubble Burning,MODERATE
28.33876,77.22203,2.01,307.25,n,None,95.09,Agricultural / Stubble Burning,MODERATE
28.37186,77.22637,2.28,311.31,n,None,98.1,Agricultural / Stubble Burning,MODERATE
28.37191,77.22437,2.08,310.73,n,None,98.2,Agricultural / Stubble Burning,MODERATE
28.71265,76.83423,1.39,308.5,n,None,150.5,Agricultural / Stubble Burning,MODERATE
28.72891,77.15579,2.08,304.8,n,None,136.89,Agricultural / Stubble Burning,MODERATE
28.74372,76.92805,1.3,310.39,n,None,148.46,Agricultural / Stubble Burning,MODERATE
29.91071,74.9481,1.47,311.05,n,None,371.85,Agricultural / Stubble Burning,MODERATE
30.2652,75.1722,1.16,306.83,n,None,385.57,Agricultural / Stubble Burning,MODERATE
31.24897,76.92875,0.95,303.65,n,None,413.06,Agricultural / Stubble Burning,MODERATE
31.2575,76.92561,0.65,299.85,n,None,414.05,Agricultural / Stubble Burning,MODERATE
31.32631,76.89441,0.8,300.3,n,None,422.12,Agricultural / Stubble Burning,MODERATE
31.67697,73.9679,1.07,308.05,n,None,579.67,Agricultural / Stubble Burning,MODERATE
32.37806,72.13975,2.88,308.4,n,None,754.51,Agricultural / Stubble Burning,MODERATE
32.57402,72.56427,1.66,311.47,n,None,741.87,Agricultural / Stubble Burning,MODERATE
32.57467,72.56023,1.66,317.55,n,None,742.18,Agricultural / Stubble Burning,MODERATE
32.64434,72.97855,1.5,307.12,n,None,721.93,Agricultural / Stubble Burning,MODERATE
32.71833,72.77437,1.31,309.87,n,None,740.61,Agricultural / Stubble Burning,MODERATE
32.72183,72.92242,1.05,310.92,n,None,731.9,Agricultural / Stubble Burning,MODERATE
32.88997,71.61787,2.88,308.81,n,None,829.15,Agricultural / Stubble Burning,MODERATE
33.29687,71.1862,2.26,311.11,n,None,889.48,Agricultural / Stubble Burning,MODERATE
21.74429,83.84162,4.69,306.38,n,None,237.85,Agricultural / Stubble Burning,MODERATE
21.75668,84.02494,2.48,303.2,n,None,220.96,Agricultural / Stubble Burning,MODERATE
21.75752,84.02106,2.51,299.86,n,None,221.36,Agricultural / Stubble Burning,MODERATE
22.35319,82.3017,0.37,298.61,n,None,160.58,Agricultural / Stubble Burning,MODERATE
22.35933,82.30335,3.05,321.02,n,None,161.23,Agricultural / Stubble Burning,MODERATE
22.36058,82.29811,3.05,302.64,n,None,161.03,Agricultural / Stubble Burning,MODERATE
22.92599,69.82516,0.47,304.23,n,None,55.96,Agricultural / Stubble Burning,MODERATE
23.16237,82.33812,1.88,297.45,n,None,240.48,Agricultural / Stubble Burning,MODERATE
23.16278,82.3373,1.49,299.14,n,None,240.49,Agricultural / Stubble Burning,MODERATE
23.16763,82.34403,0.98,297.56,n,None,241.27,Agricultural / Stubble Burning,MODERATE
23.16846,82.33961,1.88,299.71,n,None,241.16,Agricultural / Stubble Burning,MODERATE
23.16886,82.33886,0.98,297.16,n,None,241.17,Agricultural / Stubble Burning,MODERATE
24.15907,82.56497,1.96,301.97,n,None,335.94,Agricultural / Stubble Burning,MODERATE
24.19406,82.7135,1.3,304.02,n,None,340.49,Agricultural / Stubble Burning,MODERATE
24.20663,82.52689,1.38,302.5,n,None,329.43,Agricultural / Stubble Burning,MODERATE
24.20821,82.5249,1.18,300.83,n,None,329.18,Agricultural / Stubble Burning,MODERATE
25.98614,68.3296,1.07,306.38,n,None,428.36,Agricultural / Stubble Burning,MODERATE
26.09453,68.87779,0.9,310.37,n,None,420.31,Agricultural / Stubble Burning,MODERATE
26.2568,74.09404,1.15,304.73,n,None,387.33,Agricultural / Stubble Burning,MODERATE
26.6038,73.68548,1.17,305.72,n,None,412.49,Agricultural / Stubble Burning,MODERATE
26.8739,73.51617,1.53,307.39,n,None,421.44,Agricultural / Stubble Burning,MODERATE
26.87597,73.5153,2.21,308.3,n,None,421.48,Agricultural / Stubble Burning,MODERATE
26.9272,73.46883,1.19,308.72,n,None,424.86,Agricultural / Stubble Burning,MODERATE
27.28924,73.83797,1.04,309.6,n,None,382.73,Agricultural / Stubble Burning,MODERATE
28.42511,69.70123,2.2,322.17,n,None,663.07,Agricultural / Stubble Burning,MODERATE
15.1729,76.37688,1.74,303.71,n,None,852.44,Agricultural / Stubble Burning,MODERATE
15.17531,76.65881,2.88,310.22,n,None,834.11,Agricultural / Stubble Burning,MODERATE
15.17591,76.65572,3.94,325.58,n,None,834.25,Agricultural / Stubble Burning,MODERATE
15.17732,76.67535,2.99,311.33,n,None,832.89,Agricultural / Stubble Burning,MODERATE
15.33113,76.28708,1.04,303.43,n,None,844.56,Agricultural / Stubble Burning,MODERATE
22.91131,69.69718,1.29,313.18,n,None,61.39,Agricultural / Stubble Burning,MODERATE
22.93136,69.70407,0.41,296.7,n,None,62.77,Agricultural / Stubble Burning,MODERATE
22.93194,69.70036,0.6,298.33,n,None,63.04,Agricultural / Stubble Burning,MODERATE
22.93252,69.69664,0.6,304.4,n,None,63.32,Agricultural / Stubble Burning,MODERATE
13.89874,76.56414,0.45,300.68,n,None,957.89,Agricultural / Stubble Burning,MODERATE
19.45385,95.99504,2.92,331.34,n,None,1059.21,Agricultural / Stubble Burning,MODERATE
21.34977,97.42848,6.34,331.48,l,None,1169.44,Agricultural / Stubble Burning,MODERATE
22.33792,97.90936,5.57,333.0,n,None,1204.59,Agricultural / Stubble Burning,MODERATE
22.41684,97.85101,2.72,330.9,n,None,1197.92,Agricultural / Stubble Burning,MODERATE
23.79327,97.9868,5.26,341.56,n,None,1209.89,Agricultural / Stubble Burning,MODERATE
24.17529,94.36476,3.7,330.84,n,None,847.8,Agricultural / Stubble Burning,MODERATE
24.33248,94.81291,8.87,341.56,n,None,895.4,Agricultural / Stubble Burning,MODERATE
24.41547,96.21758,8.42,342.44,n,None,1037.47,Agricultural / Stubble Burning,MODERATE
25.24499,96.46485,1.99,328.76,n,None,1078.34,Agricultural / Stubble Burning,MODERATE
23.7653,86.4053,8.95,331.49,n,None,109.16,Agricultural / Stubble Burning,MODERATE
27.9647,96.96606,2.91,325.05,n,None,1224.82,Agricultural / Stubble Burning,MODERATE
36.32945,94.80486,3.92,336.52,l,None,1686.02,Agricultural / Stubble Burning,MODERATE
7.0915,81.40678,5.65,332.89,n,None,1567.68,Agricultural / Stubble Burning,MODERATE
7.09516,81.40624,9.49,337.69,n,None,1567.28,Agricultural / Stubble Burning,MODERATE
7.39533,81.33543,5.0,338.95,n,None,1533.9,Agricultural / Stubble Burning,MODERATE
7.39534,81.33423,2.42,335.32,n,None,1533.9,Agricultural / Stubble Burning,MODERATE
7.62647,80.9945,3.85,338.79,n,None,1508.76,Agricultural / Stubble Burning,MODERATE
7.62924,81.50008,15.9,333.69,n,None,1507.94,Agricultural / Stubble Burning,MODERATE
7.63724,80.20338,2.42,331.24,n,None,1512.29,Agricultural / Stubble Burning,MODERATE
7.77102,80.09364,3.09,330.68,n,None,1498.5,Agricultural / Stubble Burning,MODERATE
7.80884,80.6314,5.82,333.98,n,None,1490.09,Agricultural / Stubble Burning,MODERATE
7.83164,81.1179,8.26,337.7,n,None,1485.65,Agricultural / Stubble Burning,MODERATE
7.83406,81.1088,8.89,347.22,n,None,1485.4,Agricultural / Stubble Burning,MODERATE
7.85341,79.9135,3.05,332.6,n,None,1491.29,Agricultural / Stubble Burning,MODERATE
7.85685,79.91298,3.67,331.44,n,None,1490.92,Agricultural / Stubble Burning,MODERATE
7.86441,80.24615,3.61,340.71,n,None,1486.73,Agricultural / Stubble Burning,MODERATE
7.90063,81.18244,6.34,334.99,n,None,1477.86,Agricultural / Stubble Burning,MODERATE
7.90351,80.16106,4.65,336.68,n,None,1483.17,Agricultural / Stubble Burning,MODERATE
7.90454,80.19272,6.5,341.93,n,None,1482.76,Agricultural / Stubble Burning,MODERATE
7.92526,80.06694,7.8,336.79,n,None,1481.69,Agricultural / Stubble Burning,MODERATE
7.94563,80.2545,3.75,336.84,n,None,1477.65,Agricultural / Stubble Burning,MODERATE
7.97703,80.29797,1.97,331.2,n,None,1473.8,Agricultural / Stubble Burning,MODERATE
7.97825,80.2577,2.59,332.01,n,None,1474.01,Agricultural / Stubble Burning,MODERATE
7.9937,80.13193,5.71,338.37,n,None,1473.46,Agricultural / Stubble Burning,MODERATE
7.99392,80.08437,13.42,344.66,n,None,1473.91,Agricultural / Stubble Burning,MODERATE
7.99515,80.27524,5.94,333.36,n,None,1471.98,Agricultural / Stubble Burning,MODERATE
8.09289,79.9213,7.0,341.13,n,None,1464.72,Agricultural / Stubble Burning,MODERATE
8.32301,81.31039,5.33,335.47,n,None,1430.76,Agricultural / Stubble Burning,MODERATE
8.32964,81.27775,9.61,335.74,n,None,1430.05,Agricultural / Stubble Burning,MODERATE
8.33458,80.26307,6.83,344.92,n,None,1434.47,Agricultural / Stubble Burning,MODERATE
8.36306,80.51291,3.87,333.22,n,None,1429.32,Agricultural / Stubble Burning,MODERATE
8.36336,80.51225,4.29,333.09,n,None,1429.29,Agricultural / Stubble Burning,MODERATE
8.38157,80.16745,6.03,339.6,n,None,1430.16,Agricultural / Stubble Burning,MODERATE
8.39559,80.53728,9.21,339.25,n,None,1425.54,Agricultural / Stubble Burning,MODERATE
8.40156,80.5031,5.0,337.71,n,None,1425.12,Agricultural / Stubble Burning,MODERATE
8.42643,80.52443,27.04,351.75,n,None,1422.21,Wildfire / Forest Thermal Event,HIGH
8.44007,80.51826,3.39,337.95,n,None,1420.74,Agricultural / Stubble Burning,MODERATE
8.46077,80.48615,5.82,341.45,n,None,1418.67,Agricultural / Stubble Burning,MODERATE
8.46137,80.49021,7.28,344.72,n,None,1418.57,Agricultural / Stubble Burning,MODERATE
8.46433,80.48563,5.82,340.49,n,None,1418.28,Agricultural / Stubble Burning,MODERATE
8.46493,80.48969,7.28,340.88,n,None,1418.18,Agricultural / Stubble Burning,MODERATE
8.47013,80.50246,5.79,346.57,n,None,1417.51,Agricultural / Stubble Burning,MODERATE
8.47028,80.50135,5.08,343.4,n,None,1417.5,Agricultural / Stubble Burning,MODERATE
8.4731,80.49786,5.79,335.59,n,None,1417.21,Agricultural / Stubble Burning,MODERATE
8.47323,80.49677,5.08,336.04,n,None,1417.21,Agricultural / Stubble Burning,MODERATE
8.47579,80.16636,13.84,339.11,n,None,1419.73,Agricultural / Stubble Burning,MODERATE
8.4786,80.21029,3.96,336.56,n,None,1419.0,Agricultural / Stubble Burning,MODERATE
8.5051,80.49313,13.76,347.17,n,None,1413.7,Agricultural / Stubble Burning,MODERATE
8.53058,80.46856,9.59,339.84,n,None,1411.05,Agricultural / Stubble Burning,MODERATE
8.53295,80.45995,5.76,339.29,n,None,1410.85,Agricultural / Stubble Burning,MODERATE
8.5365,80.45943,10.56,345.31,n,None,1410.46,Agricultural / Stubble Burning,MODERATE
8.55264,80.74739,7.96,336.11,n,None,1406.85,Agricultural / Stubble Burning,MODERATE
8.5549,80.53573,7.08,340.35,n,None,1407.87,Agricultural / Stubble Burning,MODERATE
8.55601,80.44409,4.77,339.75,n,None,1408.41,Agricultural / Stubble Burning,MODERATE
8.55661,80.44814,4.77,335.28,n,None,1408.32,Agricultural / Stubble Burning,MODERATE
8.69335,80.79222,2.53,331.85,n,None,1390.99,Agricultural / Stubble Burning,MODERATE
8.86101,80.7832,6.82,345.87,n,None,1372.41,Agricultural / Stubble Burning,MODERATE
8.90326,80.76842,3.16,333.6,n,None,1367.79,Agricultural / Stubble Burning,MODERATE
8.90627,80.76368,8.21,348.64,n,None,1367.48,Agricultural / Stubble Burning,MODERATE
8.90688,80.7679,5.53,338.61,n,None,1367.39,Agricultural / Stubble Burning,MODERATE
8.90779,80.529,5.55,337.53,n,None,1368.76,Agricultural / Stubble Burning,MODERATE
8.90867,80.52826,6.85,339.78,n,None,1368.67,Agricultural / Stubble Burning,MODERATE
8.90989,80.76315,8.21,344.59,n,None,1367.08,Agricultural / Stubble Burning,MODERATE
8.92136,80.76579,23.08,351.53,n,None,1365.8,Agricultural / Stubble Burning,MODERATE
8.9256,80.7695,23.08,347.61,n,None,1365.31,Agricultural / Stubble Burning,MODERATE
8.92622,80.77374,4.64,333.46,n,None,1365.22,Agricultural / Stubble Burning,MODERATE
8.92922,80.76898,6.22,336.17,n,None,1364.91,Agricultural / Stubble Burning,MODERATE
8.93108,80.7817,5.71,337.12,n,None,1364.64,Agricultural / Stubble Burning,MODERATE
8.94154,80.82804,9.41,345.38,n,None,1363.25,Agricultural / Stubble Burning,MODERATE
8.94925,80.82346,3.3,333.19,n,None,1362.41,Agricultural / Stubble Burning,MODERATE
9.30373,78.84122,4.19,336.92,n,None,1349.34,Agricultural / Stubble Burning,MODERATE
9.38062,78.88095,8.54,339.62,n,None,1340.11,Agricultural / Stubble Burning,MODERATE
9.47663,80.48464,8.18,346.87,n,None,1305.99,Agricultural / Stubble Burning,MODERATE
9.56643,80.3787,3.57,338.16,n,None,1296.91,Agricultural / Stubble Burning,MODERATE
9.7207,78.95246,6.16,345.23,n,None,1301.49,Agricultural / Stubble Burning,MODERATE
11.29935,77.66217,3.07,330.65,n,None,1169.0,Agricultural / Stubble Burning,MODERATE
11.66629,79.68321,2.27,330.27,n,None,1074.3,Agricultural / Stubble Burning,MODERATE
11.79338,79.61192,3.64,332.96,n,None,1061.68,Agricultural / Stubble Burning,MODERATE
12.26682,76.79605,3.22,332.29,n,None,1105.51,Agricultural / Stubble Burning,MODERATE
12.42312,77.78984,4.36,335.99,n,None,1046.89,Agricultural / Stubble Burning,MODERATE
12.99095,76.12147,2.22,331.14,l,None,1069.04,Agricultural / Stubble Burning,MODERATE
12.99763,77.86208,3.0,335.1,n,None,984.54,Agricultural / Stubble Burning,MODERATE
13.16683,76.5813,2.42,335.04,n,None,1027.24,Agricultural / Stubble Burning,MODERATE
13.348,75.8309,3.39,337.24,n,None,1052.06,Agricultural / Stubble Burning,MODERATE
13.42161,77.4642,3.26,334.5,l,None,958.45,Agricultural / Stubble Burning,MODERATE
13.4731,77.76627,10.71,335.67,l,None,939.76,Agricultural / Stubble Burning,MODERATE
13.53294,78.51118,7.88,337.48,n,None,904.13,Agricultural / Stubble Burning,MODERATE
13.53348,78.51496,7.88,347.69,n,None,903.94,Agricultural / Stubble Burning,MODERATE
13.64492,78.19644,4.52,338.02,n,None,904.29,Agricultural / Stubble Burning,MODERATE
13.64809,78.24204,4.65,338.14,n,None,902.17,Agricultural / Stubble Burning,MODERATE
13.90069,77.41769,5.85,340.51,l,None,912.76,Agricultural / Stubble Burning,MODERATE
14.33456,77.1802,6.65,341.43,l,None,882.36,Agricultural / Stubble Burning,MODERATE
14.38881,77.89259,11.93,347.03,n,None,841.46,Agricultural / Stubble Burning,MODERATE
14.39401,76.7361,3.71,338.19,n,None,901.34,Agricultural / Stubble Burning,MODERATE
14.57093,77.65263,7.58,339.33,l,None,834.9,Agricultural / Stubble Burning,MODERATE
14.60417,77.21081,21.52,347.9,n,None,854.76,Agricultural / Stubble Burning,MODERATE
14.76578,77.70973,9.17,342.97,n,None,812.87,Agricultural / Stubble Burning,MODERATE
15.17755,76.65643,9.66,349.76,n,None,834.06,Agricultural / Stubble Burning,MODERATE
15.18245,76.66661,6.7,337.62,l,None,832.98,Agricultural / Stubble Burning,MODERATE
15.18531,76.6406,4.32,337.82,l,None,834.36,Agricultural / Stubble Burning,MODERATE
15.33482,75.16648,4.51,338.72,l,None,924.03,Agricultural / Stubble Burning,MODERATE
15.4735,79.14938,8.35,337.45,n,None,677.8,Agricultural / Stubble Burning,MODERATE
15.77641,74.87724,1.82,334.34,l,None,900.03,Agricultural / Stubble Burning,MODERATE
16.04665,77.64673,2.74,336.79,n,None,694.05,Agricultural / Stubble Burning,MODERATE
16.25223,78.43003,5.07,337.7,n,None,630.79,Agricultural / Stubble Burning,MODERATE
16.26444,76.48735,3.37,336.42,l,None,751.8,Agricultural / Stubble Burning,MODERATE
16.31508,78.44522,4.57,335.18,n,None,623.89,Agricultural / Stubble Burning,MODERATE
16.31632,78.44571,4.15,337.83,n,None,623.75,Agricultural / Stubble Burning,MODERATE
16.40534,78.51965,8.68,337.51,n,None,611.26,Agricultural / Stubble Burning,MODERATE
16.69091,78.93422,7.22,340.91,n,None,562.49,Agricultural / Stubble Burning,MODERATE
17.60015,83.18274,5.62,335.23,n,None,441.67,Agricultural / Stubble Burning,MODERATE
18.60214,74.45781,3.17,335.26,n,None,628.36,Agricultural / Stubble Burning,MODERATE
18.70542,72.34255,2.94,332.43,n,None,481.49,Agricultural / Stubble Burning,MODERATE
18.76991,74.96728,2.15,333.61,l,None,655.94,Agricultural / Stubble Burning,MODERATE
19.09796,82.16656,9.25,331.57,n,None,246.69,Agricultural / Stubble Burning,MODERATE
20.86185,84.98794,4.83,328.61,n,None,101.98,Agricultural / Stubble Burning,MODERATE
20.96378,86.00751,8.81,344.53,n,None,5.43,Agricultural / Stubble Burning,MODERATE
20.9696,85.17146,11.21,328.96,n,None,82.68,Agricultural / Stubble Burning,MODERATE
21.74329,83.84341,7.69,332.4,n,None,237.64,Agricultural / Stubble Burning,MODERATE
21.74819,83.83939,7.69,329.8,n,None,238.23,Agricultural / Stubble Burning,MODERATE
21.74853,83.84286,7.69,367.0,h,None,237.91,Agricultural / Stubble Burning,MODERATE
21.75376,83.84234,6.69,337.59,n,None,238.18,Agricultural / Stubble Burning,MODERATE
21.75533,84.02399,6.13,330.64,n,None,220.99,Agricultural / Stubble Burning,MODERATE
21.76625,84.02632,3.65,330.27,n,None,221.27,Agricultural / Stubble Burning,MODERATE
21.91825,83.35052,4.49,331.46,n,None,219.29,Agricultural / Stubble Burning,MODERATE
21.92332,83.34991,4.49,334.12,n,None,219.43,Agricultural / Stubble Burning,MODERATE
23.69336,85.37018,4.19,331.15,n,None,129.24,Agricultural / Stubble Burning,MODERATE
23.77758,86.20694,10.29,333.55,n,None,108.21,Agricultural / Stubble Burning,MODERATE
24.80513,68.06436,2.89,335.76,n,None,329.55,Agricultural / Stubble Burning,MODERATE
29.81354,71.85181,3.74,334.64,l,None,621.39,Agricultural / Stubble Burning,MODERATE
30.64386,73.58982,2.87,332.16,n,None,523.73,Agricultural / Stubble Burning,MODERATE
30.67008,74.08751,3.15,333.79,n,None,489.89,Agricultural / Stubble Burning,MODERATE
30.8271,72.12516,2.93,331.19,l,None,649.44,Agricultural / Stubble Burning,MODERATE
30.91455,73.50658,4.04,334.01,n,None,549.25,Agricultural / Stubble Burning,MODERATE
31.05985,74.48145,3.96,333.12,n,None,495.72,Agricultural / Stubble Burning,MODERATE
31.06045,74.48582,3.96,332.72,n,None,495.51,Agricultural / Stubble Burning,MODERATE
31.07173,74.23165,6.94,341.8,n,None,512.29,Agricultural / Stubble Burning,MODERATE
31.07509,74.56845,4.16,336.04,n,None,491.78,Agricultural / Stubble Burning,MODERATE
31.07514,74.23102,2.49,335.94,n,None,512.61,Agricultural / Stubble Burning,MODERATE
31.10045,74.34135,4.13,334.83,n,None,507.79,Agricultural / Stubble Burning,MODERATE
31.34287,74.53355,3.09,331.95,n,None,517.28,Agricultural / Stubble Burning,MODERATE
31.43047,75.18233,5.69,331.05,n,None,491.11,Agricultural / Stubble Burning,MODERATE
31.59328,75.044,6.8,342.13,n,None,513.37,Agricultural / Stubble Burning,MODERATE
31.72132,72.20618,3.28,333.23,n,None,701.49,Agricultural / Stubble Burning,MODERATE
31.73211,72.22934,2.47,333.92,n,None,700.56,Agricultural / Stubble Burning,MODERATE
31.73271,72.23336,2.47,333.2,n,None,700.31,Agricultural / Stubble Burning,MODERATE
31.74446,75.0144,5.87,343.54,n,None,529.29,Agricultural / Stubble Burning,MODERATE
31.79522,70.83351,2.28,330.03,l,None,810.92,Agricultural / Stubble Burning,MODERATE
32.063,72.32934,5.42,334.92,n,None,717.6,Agricultural / Stubble Burning,MODERATE
34.30823,73.84632,4.72,331.11,n,None,831.82,Agricultural / Stubble Burning,MODERATE
27.95757,96.96008,1.56,305.6,n,None,1223.94,Agricultural / Stubble Burning,MODERATE
27.9592,96.96272,2.59,311.87,n,None,1224.26,Agricultural / Stubble Burning,MODERATE
27.95972,96.95848,2.1,296.21,n,None,1223.91,Agricultural / Stubble Burning,MODERATE
21.37323,97.38542,0.59,304.38,n,None,1164.6,Agricultural / Stubble Burning,MODERATE
21.57774,96.23247,1.94,306.81,n,None,1043.17,Agricultural / Stubble Burning,MODERATE
21.5927,96.23026,1.88,308.85,n,None,1042.68,Agricultural / Stubble Burning,MODERATE
21.87908,97.09802,0.82,306.92,n,None,1126.78,Agricultural / Stubble Burning,MODERATE
21.88017,97.09947,0.98,308.01,n,None,1126.92,Agricultural / Stubble Burning,MODERATE
22.35572,96.70212,1.6,307.38,n,None,1080.69,Agricultural / Stubble Burning,MODERATE
22.57244,85.89684,3.2,313.52,n,None,39.28,Agricultural / Stubble Burning,MODERATE
22.57291,85.89,3.2,301.2,n,None,39.78,Agricultural / Stubble Burning,MODERATE
22.78038,86.20222,1.99,310.52,n,None,3.2,Agricultural / Stubble Burning,MODERATE
22.78712,86.20271,1.99,306.68,n,"Tata Steel Plant, Jamshedpur",2.63,Routine Industrial Flaring / Smelting,LOW
22.79776,86.08903,3.2,309.78,n,None,9.91,Agricultural / Stubble Burning,MODERATE
22.87466,86.0621,1.35,303.75,n,None,14.84,Agricultural / Stubble Burning,MODERATE
23.55588,87.23932,3.96,312.91,n,None,136.32,Agricultural / Stubble Burning,MODERATE
23.55797,87.24006,3.16,315.53,n,None,136.53,Agricultural / Stubble Burning,MODERATE
23.56103,87.08484,3.33,308.12,n,None,124.61,Agricultural / Stubble Burning,MODERATE
23.6151,86.78822,1.99,305.4,n,None,109.17,Agricultural / Stubble Burning,MODERATE
23.61584,86.78818,1.91,305.04,n,None,109.23,Agricultural / Stubble Burning,MODERATE
23.64629,85.4399,3.01,306.47,n,None,120.67,Agricultural / Stubble Burning,MODERATE
23.66071,87.15747,1.86,304.45,n,None,137.58,Agricultural / Stubble Burning,MODERATE
23.67047,86.93628,2.17,304.87,n,None,123.11,Agricultural / Stubble Burning,MODERATE
23.6749,86.39774,3.31,309.73,n,None,99.17,Agricultural / Stubble Burning,MODERATE
23.67943,86.09723,3.57,303.04,n,None,97.69,Agricultural / Stubble Burning,MODERATE
23.6799,86.09053,3.57,315.95,n,None,97.81,Agricultural / Stubble Burning,MODERATE
23.68038,86.08381,3.22,304.25,n,None,97.93,Agricultural / Stubble Burning,MODERATE
23.68113,86.09674,4.0,306.18,n,None,97.89,Agricultural / Stubble Burning,MODERATE
23.68156,86.09003,7.31,314.31,n,None,98.0,Agricultural / Stubble Burning,MODERATE
23.68204,86.39194,2.65,303.47,n,None,99.82,Agricultural / Stubble Burning,MODERATE
23.68347,87.12849,1.95,304.08,n,None,137.24,Agricultural / Stubble Burning,MODERATE
23.68948,87.11942,4.44,312.21,n,None,137.07,Agricultural / Stubble Burning,MODERATE
23.69031,87.1233,3.51,312.2,n,None,137.41,Agricultural / Stubble Burning,MODERATE
23.69071,87.11752,3.51,308.48,n,None,137.03,Agricultural / Stubble Burning,MODERATE
23.69121,87.09656,3.74,305.26,n,None,135.59,Agricultural / Stubble Burning,MODERATE
23.6919,87.10037,3.75,306.0,n,None,135.91,Agricultural / Stubble Burning,MODERATE
23.69592,87.11999,3.02,305.54,n,None,137.62,Agricultural / Stubble Burning,MODERATE
23.69636,87.11427,2.73,306.13,n,None,137.25,Agricultural / Stubble Burning,MODERATE
23.69875,87.09517,2.29,304.11,n,None,136.1,Agricultural / Stubble Burning,MODERATE
23.71572,86.44357,2.67,304.34,n,None,104.69,Agricultural / Stubble Burning,MODERATE
23.71695,86.4242,3.9,303.58,n,None,104.34,Agricultural / Stubble Burning,MODERATE
23.71917,86.44051,4.41,303.93,n,None,104.98,Agricultural / Stubble Burning,MODERATE
23.72052,86.42117,3.65,310.03,n,None,104.65,Agricultural / Stubble Burning,MODERATE
23.72283,86.43774,2.67,306.58,n,None,105.31,Agricultural / Stubble Burning,MODERATE
23.73665,86.43253,5.61,316.29,n,None,106.67,Agricultural / Stubble Burning,MODERATE
23.7513,86.41467,3.77,307.85,n,None,107.84,Agricultural / Stubble Burning,MODERATE
23.75449,86.41786,3.52,304.71,n,None,108.26,Agricultural / Stubble Burning,MODERATE
23.75887,86.40224,4.67,305.95,n,None,108.4,Agricultural / Stubble Burning,MODERATE
23.76213,86.40559,3.45,313.56,n,None,108.82,Agricultural / Stubble Burning,MODERATE
23.76261,86.39895,8.08,306.1,n,None,108.74,Agricultural / Stubble Burning,MODERATE
23.76558,86.40283,4.67,321.39,n,None,109.14,Agricultural / Stubble Burning,MODERATE
23.76885,86.40604,3.45,309.44,n,None,109.56,Agricultural / Stubble Burning,MODERATE
23.77165,86.36736,2.85,305.58,n,None,109.13,Agricultural / Stubble Burning,MODERATE
23.77487,86.36454,3.96,312.83,n,None,109.43,Agricultural / Stubble Burning,MODERATE
23.7761,86.21033,2.63,304.84,n,None,108.06,Agricultural / Stubble Burning,MODERATE
23.77838,86.20725,3.79,307.26,n,None,108.3,Agricultural / Stubble Burning,MODERATE
23.77986,86.39124,6.33,317.01,n,None,110.46,Agricultural / Stubble Burning,MODERATE
23.79594,86.35326,2.4,303.69,n,None,111.56,Agricultural / Stubble Burning,MODERATE
23.80442,86.32793,3.48,308.19,n,None,112.12,Agricultural / Stubble Burning,MODERATE
23.80488,86.3212,2.43,301.27,n,None,112.09,Agricultural / Stubble Burning,MODERATE
24.11407,86.86173,1.62,304.92,n,None,161.12,Agricultural / Stubble Burning,MODERATE
24.11513,86.86108,2.04,307.27,n,None,161.2,Agricultural / Stubble Burning,MODERATE
24.51603,97.78776,0.69,303.09,n,None,1196.51,Agricultural / Stubble Burning,MODERATE
24.54026,97.74028,0.75,303.05,n,None,1192.07,Agricultural / Stubble Burning,MODERATE
25.47695,94.44304,3.06,321.7,n,None,888.81,Agricultural / Stubble Burning,MODERATE
25.54016,91.23647,0.72,305.81,n,None,595.8,Agricultural / Stubble Burning,MODERATE
20.76201,85.29719,3.84,311.98,n,None,72.13,Agricultural / Stubble Burning,MODERATE
20.7624,85.29824,2.56,308.79,n,None,72.02,Agricultural / Stubble Burning,MODERATE
20.76295,85.29108,2.56,303.33,n,None,72.72,Agricultural / Stubble Burning,MODERATE
20.7854,85.26387,2.98,304.47,n,None,74.86,Agricultural / Stubble Burning,MODERATE
20.78602,85.26479,2.18,303.29,n,None,74.75,Agricultural / Stubble Burning,MODERATE
20.78655,85.2579,2.89,303.34,n,None,75.43,Agricultural / Stubble Burning,MODERATE
20.79336,85.2508,2.46,306.75,n,None,76.0,Agricultural / Stubble Burning,MODERATE
20.79406,85.25172,2.89,308.81,n,None,75.89,Agricultural / Stubble Burning,MODERATE
20.86672,96.39085,1.33,307.03,n,None,1074.93,Agricultural / Stubble Burning,MODERATE
20.88383,84.98022,5.0,309.02,n,None,102.62,Agricultural / Stubble Burning,MODERATE
20.88818,84.9799,3.41,311.75,n,None,102.62,Agricultural / Stubble Burning,MODERATE
20.9606,86.00575,5.35,309.88,n,None,5.07,Agricultural / Stubble Burning,MODERATE
20.96384,86.00288,4.2,305.66,n,None,5.06,Agricultural / Stubble Burning,MODERATE
20.96673,85.17295,6.01,303.26,n,None,82.51,Agricultural / Stubble Burning,MODERATE
21.00081,86.00916,2.29,301.97,n,None,8.71,Agricultural / Stubble Burning,MODERATE
21.07394,85.03909,4.8,301.39,n,None,97.55,Agricultural / Stubble Burning,MODERATE
21.92177,85.22161,2.73,306.6,n,None,134.27,Agricultural / Stubble Burning,MODERATE
22.05075,88.12505,2.01,306.56,n,None,216.27,Agricultural / Stubble Burning,MODERATE
22.05395,88.12521,2.92,313.66,n,None,216.14,Agricultural / Stubble Burning,MODERATE
22.35744,87.28925,1.77,307.11,n,None,123.76,Agricultural / Stubble Burning,MODERATE
22.3592,87.0188,1.52,305.76,n,None,98.86,Agricultural / Stubble Burning,MODERATE
22.36289,87.30055,3.34,311.87,n,None,124.58,Agricultural / Stubble Burning,MODERATE
22.3656,87.01945,1.9,305.08,n,None,98.57,Agricultural / Stubble Burning,MODERATE
22.37722,87.28013,3.52,321.94,n,None,122.02,Agricultural / Stubble Burning,MODERATE
22.37765,87.27473,3.52,308.48,n,None,121.49,Agricultural / Stubble Burning,MODERATE
33.68937,72.71103,1.92,308.82,n,None,828.59,Agricultural / Stubble Burning,MODERATE
33.80096,72.09589,0.71,304.12,n,None,873.32,Agricultural / Stubble Burning,MODERATE
35.16983,73.26361,1.14,307.1,n,None,941.38,Agricultural / Stubble Burning,MODERATE
35.1715,73.26674,1.78,310.05,n,None,941.41,Agricultural / Stubble Burning,MODERATE
23.51563,87.27316,1.46,304.73,n,None,136.45,Agricultural / Stubble Burning,MODERATE
23.51619,87.27296,1.22,305.58,n,None,136.46,Agricultural / Stubble Burning,MODERATE
23.56068,87.08494,3.34,312.38,n,None,124.59,Agricultural / Stubble Burning,MODERATE
23.56131,87.08565,2.36,308.31,n,None,124.69,Agricultural / Stubble Burning,MODERATE
23.6112,86.78978,1.19,303.34,n,None,108.9,Agricultural / Stubble Burning,MODERATE
23.61362,86.79143,1.25,304.68,n,None,109.22,Agricultural / Stubble Burning,MODERATE
23.61502,86.78562,1.25,304.62,n,None,109.01,Agricultural / Stubble Burning,MODERATE
23.6458,85.43652,1.07,303.49,n,None,120.85,Agricultural / Stubble Burning,MODERATE
23.66051,87.1525,1.33,305.76,n,None,137.19,Agricultural / Stubble Burning,MODERATE
23.66077,87.1548,3.38,307.15,n,None,137.38,Agricultural / Stubble Burning,MODERATE
23.66569,86.0904,1.05,304.7,n,None,96.24,Agricultural / Stubble Burning,MODERATE
23.66711,86.93652,1.01,305.91,n,None,122.83,Agricultural / Stubble Burning,MODERATE
23.67685,86.0879,1.3,304.64,n,None,97.5,Agricultural / Stubble Burning,MODERATE
23.67726,85.32417,0.95,303.02,n,None,130.99,Agricultural / Stubble Burning,MODERATE
23.6774,86.40173,3.23,306.96,n,None,99.54,Agricultural / Stubble Burning,MODERATE
23.67784,86.08357,1.3,304.83,n,None,97.66,Agricultural / Stubble Burning,MODERATE
23.67847,86.39714,2.82,310.14,n,None,99.55,Agricultural / Stubble Burning,MODERATE
23.67898,86.0851,2.37,308.0,n,None,97.77,Agricultural / Stubble Burning,MODERATE
23.67951,86.39269,2.82,315.19,n,None,99.56,Agricultural / Stubble Burning,MODERATE
23.68148,86.09392,3.11,319.73,n,None,97.95,Agricultural / Stubble Burning,MODERATE
23.68257,86.09541,4.02,313.71,n,None,98.06,Agricultural / Stubble Burning,MODERATE
23.68528,86.3942,3.48,318.46,n,None,100.22,Agricultural / Stubble Burning,MODERATE
23.6863,86.38986,2.69,304.1,n,None,100.24,Agricultural / Stubble Burning,MODERATE
23.68732,87.09809,2.3,310.72,n,None,135.38,Agricultural / Stubble Burning,MODERATE
23.68841,87.12,3.71,310.52,n,None,137.02,Agricultural / Stubble Burning,MODERATE
23.69207,87.10486,2.3,303.68,n,None,136.24,Agricultural / Stubble Burning,MODERATE
23.6944,87.12169,2.45,305.45,n,None,137.62,Agricultural / Stubble Burning,MODERATE
23.69449,87.09485,2.76,309.73,n,None,135.74,Agricultural / Stubble Burning,MODERATE
23.69541,85.37074,3.15,325.74,n,None,129.38,Agricultural / Stubble Burning,MODERATE
23.6956,87.1167,2.7,308.05,n,None,137.36,Agricultural / Stubble Burning,MODERATE
23.70917,86.44554,1.84,308.64,n,None,104.04,Agricultural / Stubble Burning,MODERATE
23.71386,86.45161,1.84,307.17,n,None,104.7,Agricultural / Stubble Burning,MODERATE
23.71505,86.45078,2.94,308.06,n,None,104.8,Agricultural / Stubble Burning,MODERATE
23.72065,85.00901,0.67,303.57,n,None,157.53,Agricultural / Stubble Burning,MODERATE
23.73483,85.02093,1.28,302.31,n,None,157.63,Agricultural / Stubble Burning,MODERATE
23.7365,86.43389,4.39,322.08,n,None,106.69,Agricultural / Stubble Burning,MODERATE
23.73826,85.00575,1.52,304.2,n,None,159.05,Agricultural / Stubble Burning,MODERATE
23.75652,86.40105,3.77,310.39,n,None,108.12,Agricultural / Stubble Burning,MODERATE
23.75711,85.854,2.36,307.5,n,None,111.19,Agricultural / Stubble Burning,MODERATE
23.76228,86.40259,3.77,327.98,n,None,108.78,Agricultural / Stubble Burning,MODERATE
23.76436,86.39372,4.78,306.32,n,None,108.82,Agricultural / Stubble Burning,MODERATE
23.76801,86.40424,2.09,304.53,n,None,109.43,Agricultural / Stubble Burning,MODERATE
23.77176,86.36233,1.39,305.99,n,None,109.05,Agricultural / Stubble Burning,MODERATE
23.77366,86.19621,2.75,310.3,n,None,107.76,Agricultural / Stubble Burning,MODERATE
23.77413,86.19774,2.6,306.82,n,None,107.81,Agricultural / Stubble Burning,MODERATE
23.77674,86.2123,2.75,303.43,n,None,108.13,Agricultural / Stubble Burning,MODERATE
23.77728,85.56974,2.5,303.7,n,None,125.11,Agricultural / Stubble Burning,MODERATE
23.77776,86.20797,2.75,333.28,n,None,108.24,Agricultural / Stubble Burning,MODERATE
23.78075,85.57664,1.3,302.72,n,None,125.09,Agricultural / Stubble Burning,MODERATE
23.78112,86.37444,2.25,309.22,n,None,110.29,Agricultural / Stubble Burning,MODERATE
23.78165,86.34618,1.17,305.07,n,None,109.88,Agricultural / Stubble Burning,MODERATE
23.78269,86.34175,1.17,306.55,n,None,109.92,Agricultural / Stubble Burning,MODERATE
23.78346,86.20944,2.75,309.34,n,None,108.87,Agricultural / Stubble Burning,MODERATE
23.78641,85.55241,3.09,321.35,n,None,126.88,Agricultural / Stubble Burning,MODERATE
23.78645,85.5549,1.56,302.25,n,None,126.75,Agricultural / Stubble Burning,MODERATE
23.78733,85.55101,2.44,314.52,n,None,127.04,Agricultural / Stubble Burning,MODERATE
23.79207,86.35377,2.61,307.17,n,None,111.14,Agricultural / Stubble Burning,MODERATE
23.79309,86.34939,2.96,306.42,n,None,111.18,Agricultural / Stubble Burning,MODERATE
23.79626,86.28392,1.26,304.74,n,None,110.73,Agricultural / Stubble Burning,MODERATE
23.80302,86.33298,3.03,307.0,n,None,112.04,Agricultural / Stubble Burning,MODERATE
23.80405,86.32854,3.03,323.93,n,None,112.09,Agricultural / Stubble Burning,MODERATE
23.80507,86.3242,3.88,304.58,n,None,112.15,Agricultural / Stubble Burning,MODERATE
23.82434,85.46384,0.57,302.45,n,None,135.23,Agricultural / Stubble Burning,MODERATE
24.15373,82.59541,1.23,303.9,n,None,338.02,Agricultural / Stubble Burning,MODERATE
24.16013,82.56482,1.45,307.98,n,None,335.83,Agricultural / Stubble Burning,MODERATE
24.19454,82.7178,2.06,306.41,n,None,340.68,Agricultural / Stubble Burning,MODERATE
24.19571,82.71712,1.92,313.66,n,None,340.53,Agricultural / Stubble Burning,MODERATE
24.52919,81.1677,3.08,300.82,n,None,249.95,Agricultural / Stubble Burning,MODERATE
24.92229,84.15569,0.91,309.56,n,None,313.12,Agricultural / Stubble Burning,MODERATE
24.92925,84.14769,0.76,308.55,n,None,314.23,Agricultural / Stubble Burning,MODERATE
26.25638,74.09495,0.57,299.06,n,None,387.26,Agricultural / Stubble Burning,MODERATE
26.60456,73.68251,0.56,303.39,n,None,412.75,Agricultural / Stubble Burning,MODERATE
26.64297,79.48261,2.05,308.43,n,None,137.68,Agricultural / Stubble Burning,MODERATE
26.70178,77.85071,2.59,307.14,n,None,100.48,Agricultural / Stubble Burning,MODERATE
27.28916,73.83965,1.8,312.65,n,None,382.56,Agricultural / Stubble Burning,MODERATE
27.66671,76.13525,0.78,308.28,n,None,154.46,Agricultural / Stubble Burning,MODERATE
27.66732,76.13139,2.34,317.01,n,None,154.84,Agricultural / Stubble Burning,MODERATE
28.34537,77.23132,2.08,318.42,n,None,95.28,Agricultural / Stubble Burning,MODERATE
28.3739,77.22499,0.76,308.88,n,None,98.36,Agricultural / Stubble Burning,MODERATE
28.42381,69.69981,2.66,311.98,n,None,662.93,Agricultural / Stubble Burning,MODERATE
28.65167,77.58858,1.88,308.45,n,None,117.95,Agricultural / Stubble Burning,MODERATE
28.6637,77.57864,1.6,309.29,n,None,119.37,Agricultural / Stubble Burning,MODERATE
28.67239,77.56798,0.62,307.3,n,None,120.44,Agricultural / Stubble Burning,MODERATE
28.74356,76.92766,2.58,325.16,n,None,148.46,Agricultural / Stubble Burning,MODERATE
28.83559,77.13808,0.59,309.29,n,None,148.51,Agricultural / Stubble Burning,MODERATE
28.89317,78.85761,0.83,313.88,n,None,183.44,Agricultural / Stubble Burning,MODERATE
28.932,77.40009,0.64,305.05,n,None,151.5,Agricultural / Stubble Burning,MODERATE
29.12282,75.77981,0.81,307.95,n,None,253.33,Agricultural / Stubble Burning,MODERATE
29.53538,69.91194,3.7,324.74,n,None,785.69,Agricultural / Stubble Burning,MODERATE
29.9101,74.94936,1.09,314.84,n,None,371.72,Agricultural / Stubble Burning,MODERATE
30.26491,75.17178,1.14,307.78,n,None,385.57,Agricultural / Stubble Burning,MODERATE
30.44404,70.56683,2.85,308.92,n,None,762.36,Agricultural / Stubble Burning,MODERATE
30.85053,75.94878,0.96,308.29,n,None,399.87,Agricultural / Stubble Burning,MODERATE
32.57518,72.5607,4.05,308.64,n,None,742.19,Agricultural / Stubble Burning,MODERATE
32.71841,72.77322,0.85,305.92,n,None,740.69,Agricultural / Stubble Burning,MODERATE
17.60021,83.18509,1.35,308.99,n,None,441.77,Agricultural / Stubble Burning,MODERATE
17.60259,83.20084,1.38,305.61,n,None,442.24,Agricultural / Stubble Burning,MODERATE
17.60723,83.20568,1.38,307.84,n,None,442.0,Agricultural / Stubble Burning,MODERATE
17.60797,83.20211,1.38,314.12,n,None,441.76,Agricultural / Stubble Burning,MODERATE
20.75686,85.2962,0.99,303.79,n,None,72.39,Agricultural / Stubble Burning,MODERATE
20.75779,85.29201,0.99,306.82,n,None,72.78,Agricultural / Stubble Burning,MODERATE
20.76254,85.2979,1.85,310.43,n,None,72.05,Agricultural / Stubble Burning,MODERATE
20.78296,85.26278,3.19,302.9,n,None,75.03,Agricultural / Stubble Burning,MODERATE
20.7874,85.26784,2.99,309.52,n,None,74.41,Agricultural / Stubble Burning,MODERATE
20.78768,85.26861,1.51,306.98,n,None,74.32,Agricultural / Stubble Burning,MODERATE
20.79032,85.25468,2.51,304.94,n,None,75.67,Agricultural / Stubble Burning,MODERATE
20.79068,85.25549,2.29,307.6,n,None,75.58,Agricultural / Stubble Burning,MODERATE
20.79168,85.25111,2.29,313.14,n,None,76.0,Agricultural / Stubble Burning,MODERATE
20.79605,85.2561,2.37,307.03,n,None,75.39,Agricultural / Stubble Burning,MODERATE
20.86099,84.98843,0.89,306.69,n,None,101.94,Agricultural / Stubble Burning,MODERATE
20.86217,84.99416,1.28,304.77,n,None,101.34,Agricultural / Stubble Burning,MODERATE
20.86314,84.98988,1.28,310.54,n,None,101.77,Agricultural / Stubble Burning,MODERATE
20.86567,84.99416,3.31,309.4,n,None,101.31,Agricultural / Stubble Burning,MODERATE
20.86663,84.98975,2.2,308.51,n,None,101.75,Agricultural / Stubble Burning,MODERATE
20.86779,84.99562,2.21,305.66,n,None,101.14,Agricultural / Stubble Burning,MODERATE
20.88278,84.98183,1.17,302.58,n,None,102.46,Agricultural / Stubble Burning,MODERATE
20.88836,84.98347,1.17,308.5,n,None,102.25,Agricultural / Stubble Burning,MODERATE
20.8893,84.97926,1.17,305.53,n,None,102.68,Agricultural / Stubble Burning,MODERATE
20.95543,85.01265,1.87,304.21,n,None,99.11,Agricultural / Stubble Burning,MODERATE
20.95926,85.0117,1.46,302.55,n,None,99.22,Agricultural / Stubble Burning,MODERATE
20.96169,86.00776,6.79,341.69,n,None,5.31,Agricultural / Stubble Burning,MODERATE
20.96334,86.00867,5.96,346.13,n,None,5.49,Agricultural / Stubble Burning,MODERATE
20.96431,85.18452,3.24,301.74,n,None,81.3,Agricultural / Stubble Burning,MODERATE
20.96446,86.00382,5.96,311.26,n,None,5.18,Agricultural / Stubble Burning,MODERATE
20.9665,86.01437,3.27,317.67,n,None,6.18,Agricultural / Stubble Burning,MODERATE
20.9676,86.00948,3.27,310.72,n,None,5.86,Agricultural / Stubble Burning,MODERATE
20.96813,86.01519,6.63,314.05,n,None,6.35,Agricultural / Stubble Burning,MODERATE
20.96868,86.00469,3.4,304.62,n,None,5.57,Agricultural / Stubble Burning,MODERATE
20.96925,86.01038,5.96,315.03,n,None,6.05,Agricultural / Stubble Burning,MODERATE
20.97149,86.00072,2.33,302.97,n,None,5.52,Agricultural / Stubble Burning,MODERATE
21.07389,85.05201,0.95,303.17,n,None,96.23,Agricultural / Stubble Burning,MODERATE
21.07666,85.03977,1.53,307.18,n,None,97.53,Agricultural / Stubble Burning,MODERATE
21.07759,85.03568,1.53,303.37,n,None,97.97,Agricultural / Stubble Burning,MODERATE
21.08142,85.03332,1.57,303.09,n,None,98.28,Agricultural / Stubble Burning,MODERATE
21.18076,81.37984,2.83,304.29,n,Bhilai Steel Complex,1.03,Routine Industrial Flaring / Smelting,LOW
21.18214,81.38747,2.16,309.66,n,Bhilai Steel Complex,1.17,Routine Industrial Flaring / Smelting,LOW
21.18309,81.38263,2.16,307.77,n,Bhilai Steel Complex,0.82,Routine Industrial Flaring / Smelting,LOW
21.18773,81.39164,1.8,305.63,n,Bhilai Steel Complex,1.23,Routine Industrial Flaring / Smelting,LOW
21.19621,81.41924,1.03,305.31,n,None,4.13,Agricultural / Stubble Burning,MODERATE
21.30105,81.60558,1.81,304.37,n,None,26.44,Agricultural / Stubble Burning,MODERATE
21.30858,81.59174,1.45,307.89,n,None,25.6,Agricultural / Stubble Burning,MODERATE
21.34636,81.66478,1.39,305.84,n,None,34.25,Agricultural / Stubble Burning,MODERATE
21.36703,81.68009,1.34,304.53,n,None,36.8,Agricultural / Stubble Burning,MODERATE
21.37054,81.68623,0.85,304.32,n,None,37.55,Agricultural / Stubble Burning,MODERATE
21.37518,81.64014,1.73,310.39,n,None,33.92,Agricultural / Stubble Burning,MODERATE
21.37611,81.68229,3.87,311.54,n,None,37.54,Agricultural / Stubble Burning,MODERATE
21.48692,81.76966,1.61,307.32,n,None,52.14,Agricultural / Stubble Burning,MODERATE
21.57388,82.02403,1.99,308.68,n,None,79.18,Agricultural / Stubble Burning,MODERATE
21.67151,82.08208,1.39,307.62,n,None,90.26,Agricultural / Stubble Burning,MODERATE
21.67801,84.03996,2.34,310.8,n,None,216.09,Agricultural / Stubble Burning,MODERATE
21.68322,84.04133,1.01,304.24,n,None,216.18,Agricultural / Stubble Burning,MODERATE
21.7295,82.21554,0.79,304.65,n,None,105.24,Agricultural / Stubble Burning,MODERATE
21.74265,83.84153,4.21,324.28,n,None,237.79,Agricultural / Stubble Burning,MODERATE
21.74696,83.97482,0.93,307.13,n,None,225.26,Agricultural / Stubble Burning,MODERATE
21.74779,83.84294,7.23,367.0,h,None,237.87,Agricultural / Stubble Burning,MODERATE
21.74852,83.83949,5.24,311.8,n,None,238.23,Agricultural / Stubble Burning,MODERATE
21.75265,84.02393,1.03,310.14,n,None,220.87,Agricultural / Stubble Burning,MODERATE
21.75292,83.84437,7.23,321.66,n,None,237.95,Agricultural / Stubble Burning,MODERATE
21.75365,83.84093,5.24,313.81,n,None,238.31,Agricultural / Stubble Burning,MODERATE
21.75786,84.02525,1.03,303.35,n,None,220.98,Agricultural / Stubble Burning,MODERATE
21.75806,83.84572,2.05,319.33,n,None,238.04,Agricultural / Stubble Burning,MODERATE
21.75855,83.84785,1.89,305.54,n,None,237.85,Agricultural / Stubble Burning,MODERATE
21.75861,84.0218,2.43,303.63,n,None,221.34,Agricultural / Stubble Burning,MODERATE
21.75879,83.84231,2.36,309.62,n,None,238.39,Agricultural / Stubble Burning,MODERATE
21.7593,83.84444,1.89,308.15,n,None,238.21,Agricultural / Stubble Burning,MODERATE
21.76248,83.85052,2.05,314.2,n,None,237.76,Agricultural / Stubble Burning,MODERATE
21.76321,83.84705,2.05,316.59,n,None,238.13,Agricultural / Stubble Burning,MODERATE
21.76369,83.84921,1.89,322.71,n,None,237.94,Agricultural / Stubble Burning,MODERATE
21.76458,84.01968,1.9,316.42,n,None,221.82,Agricultural / Stubble Burning,MODERATE
21.76978,84.02101,1.9,307.1,n,None,221.93,Agricultural / Stubble Burning,MODERATE
21.79026,80.01587,0.92,306.44,n,None,156.12,Agricultural / Stubble Burning,MODERATE
21.81887,83.99714,0.83,303.88,n,None,226.46,Agricultural / Stubble Burning,MODERATE
21.82339,83.90005,1.18,305.22,n,None,235.77,Agricultural / Stubble Burning,MODERATE
21.8581,83.96725,1.28,307.22,n,None,231.14,Agricultural / Stubble Burning,MODERATE
21.85818,83.9668,1.17,307.94,n,None,231.18,Agricultural / Stubble Burning,MODERATE
21.87594,83.55579,1.88,312.15,n,None,237.62,Agricultural / Stubble Burning,MODERATE
21.91965,83.35175,3.99,336.06,n,None,219.46,Agricultural / Stubble Burning,MODERATE
21.92032,83.34862,3.99,321.34,n,None,219.19,Agricultural / Stubble Burning,MODERATE
21.92289,85.22226,1.51,309.28,n,None,134.33,Agricultural / Stubble Burning,MODERATE
21.92597,83.34671,2.39,304.68,n,None,219.23,Agricultural / Stubble Burning,MODERATE
21.92943,85.2195,1.51,305.08,n,None,135.09,Agricultural / Stubble Burning,MODERATE
21.96565,83.77211,1.58,311.78,n,None,254.48,Agricultural / Stubble Burning,MODERATE
21.96744,85.31328,0.73,301.27,n,None,129.25,Agricultural / Stubble Burning,MODERATE
21.98137,83.23314,0.79,304.9,n,None,210.85,Agricultural / Stubble Burning,MODERATE
21.98632,83.23437,0.86,308.82,n,None,211.19,Agricultural / Stubble Burning,MODERATE
22.0038,82.66859,3.13,305.96,n,None,161.05,Agricultural / Stubble Burning,MODERATE
22.00438,82.66882,1.95,306.14,n,None,161.11,Agricultural / Stubble Burning,MODERATE
22.01285,83.75261,1.26,308.56,n,None,258.64,Agricultural / Stubble Burning,MODERATE
22.0148,83.75345,1.5,309.03,n,None,258.67,Agricultural / Stubble Burning,MODERATE
22.01554,83.75007,1.62,308.13,n,None,259.01,Agricultural / Stubble Burning,MODERATE
22.01905,83.30076,0.72,304.26,n,None,218.93,Agricultural / Stubble Burning,MODERATE
22.03114,83.36661,2.0,306.93,n,None,225.66,Agricultural / Stubble Burning,MODERATE
22.03249,83.36028,1.51,306.23,n,None,225.13,Agricultural / Stubble Burning,MODERATE
22.03949,83.352,2.08,313.39,n,None,224.67,Agricultural / Stubble Burning,MODERATE
22.04164,83.72894,4.56,332.18,n,None,260.63,Agricultural / Stubble Burning,MODERATE
22.05363,88.1267,5.71,314.68,n,None,216.3,Agricultural / Stubble Burning,MODERATE
22.13498,85.38303,1.45,307.1,n,None,111.09,Agricultural / Stubble Burning,MODERATE
22.20662,84.54981,0.91,306.8,n,None,180.7,Agricultural / Stubble Burning,MODERATE
22.21792,84.75562,1.89,305.6,n,None,160.71,Agricultural / Stubble Burning,MODERATE
22.21899,84.75605,1.29,305.76,n,None,160.62,Agricultural / Stubble Burning,MODERATE
22.22413,84.7533,2.14,305.21,n,None,160.64,Agricultural / Stubble Burning,MODERATE
22.24624,87.38744,1.84,306.12,n,None,138.19,Agricultural / Stubble Burning,MODERATE
22.31216,82.52965,3.37,308.5,n,None,172.24,Agricultural / Stubble Burning,MODERATE
22.35454,82.3019,2.75,315.22,n,None,160.72,Agricultural / Stubble Burning,MODERATE
22.35918,82.30299,7.36,331.12,n,None,161.2,Agricultural / Stubble Burning,MODERATE
22.36032,87.01744,1.64,306.62,n,None,98.68,Agricultural / Stubble Burning,MODERATE
22.36313,87.30107,3.48,309.98,n,None,124.62,Agricultural / Stubble Burning,MODERATE
22.36592,87.01622,2.52,308.72,n,None,98.26,Agricultural / Stubble Burning,MODERATE
22.36644,87.01916,1.64,309.57,n,None,98.49,Agricultural / Stubble Burning,MODERATE
22.37452,87.28115,4.75,318.46,n,None,122.24,Agricultural / Stubble Burning,MODERATE
22.37581,87.27573,4.48,312.51,n,None,121.67,Agricultural / Stubble Burning,MODERATE
22.57136,85.89476,2.0,313.73,n,None,39.52,Agricultural / Stubble Burning,MODERATE
22.57236,85.89045,2.0,304.64,n,None,39.78,Agricultural / Stubble Burning,MODERATE
22.59312,85.90582,0.74,303.73,n,None,37.09,Agricultural / Stubble Burning,MODERATE
22.60925,85.91496,1.49,304.08,n,None,35.23,Agricultural / Stubble Burning,MODERATE
22.60979,85.91398,1.49,307.78,n,None,35.28,Agricultural / Stubble Burning,MODERATE
22.78535,86.20393,3.3,310.54,n,"Tata Steel Plant, Jamshedpur",2.86,Routine Industrial Flaring / Smelting,LOW
22.78655,86.20409,2.94,309.79,n,"Tata Steel Plant, Jamshedpur",2.77,Routine Industrial Flaring / Smelting,LOW
22.78861,86.1951,2.89,304.69,n,"Tata Steel Plant, Jamshedpur",2.04,Routine Industrial Flaring / Smelting,LOW
22.79935,86.09241,1.66,306.39,n,None,9.55,Agricultural / Stubble Burning,MODERATE
22.79986,86.09218,2.23,309.67,n,None,9.57,Agricultural / Stubble Burning,MODERATE
22.80042,86.08786,1.66,308.99,n,None,10.01,Agricultural / Stubble Burning,MODERATE
22.8009,86.08762,1.92,305.55,n,None,10.03,Agricultural / Stubble Burning,MODERATE
22.87393,86.06097,1.97,305.22,n,None,14.9,Agricultural / Stubble Burning,MODERATE
23.16279,82.33694,3.1,316.75,n,None,240.48,Agricultural / Stubble Burning,MODERATE
23.16631,82.34323,3.34,317.86,n,None,241.1,Agricultural / Stubble Burning,MODERATE
23.16737,82.33801,1.9,308.65,n,None,240.98,Agricultural / Stubble Burning,MODERATE
25.38552,68.58286,0.63,297.14,n,None,357.09,Agricultural / Stubble Burning,MODERATE
13.15995,80.28497,2.64,306.06,n,None,900.43,Agricultural / Stubble Burning,MODERATE
14.58639,78.5814,4.38,306.51,n,None,791.68,Agricultural / Stubble Burning,MODERATE
15.02336,78.01554,5.57,315.33,n,None,772.31,Agricultural / Stubble Burning,MODERATE
15.11033,76.80808,1.47,305.65,n,None,830.71,Agricultural / Stubble Burning,MODERATE
15.16907,76.38026,2.11,308.7,n,None,852.56,Agricultural / Stubble Burning,MODERATE
15.16915,76.66882,2.34,306.8,n,None,834.03,Agricultural / Stubble Burning,MODERATE
15.17263,76.69358,2.32,311.76,n,None,832.16,Agricultural / Stubble Burning,MODERATE
15.17352,76.37646,1.56,306.26,n,None,852.42,Agricultural / Stubble Burning,MODERATE
15.17367,76.6649,1.75,305.82,n,None,833.87,Agricultural / Stubble Burning,MODERATE
15.17411,76.69121,1.96,311.89,n,None,832.18,Agricultural / Stubble Burning,MODERATE
15.17447,76.66024,1.75,306.48,n,None,834.1,Agricultural / Stubble Burning,MODERATE
15.17501,76.67963,3.27,316.99,n,None,832.83,Agricultural / Stubble Burning,MODERATE
15.17526,76.65558,4.55,326.41,n,None,834.32,Agricultural / Stubble Burning,MODERATE
15.17581,76.67496,2.24,317.56,n,None,833.05,Agricultural / Stubble Burning,MODERATE
15.17615,76.65793,6.8,326.75,n,None,834.09,Agricultural / Stubble Burning,MODERATE
15.17658,76.67728,3.29,327.99,n,None,832.83,Agricultural / Stubble Burning,MODERATE
15.17698,76.65329,4.12,324.03,n,None,834.31,Agricultural / Stubble Burning,MODERATE
15.17899,76.6563,4.03,321.44,n,None,833.94,Agricultural / Stubble Burning,MODERATE
15.17954,76.6757,2.24,317.96,n,None,832.67,Agricultural / Stubble Burning,MODERATE
15.17975,77.10361,2.31,306.6,n,None,806.52,Agricultural / Stubble Burning,MODERATE
15.18031,76.67801,3.29,311.92,n,None,832.45,Agricultural / Stubble Burning,MODERATE
15.18033,76.67103,2.24,306.7,n,None,832.89,Agricultural / Stubble Burning,MODERATE
15.18113,76.66634,7.59,332.86,n,None,833.11,Agricultural / Stubble Burning,MODERATE
15.18113,76.67334,4.18,311.7,n,None,832.67,Agricultural / Stubble Burning,MODERATE
15.18195,76.66869,4.18,330.44,n,None,832.89,Agricultural / Stubble Burning,MODERATE
15.18486,76.67406,1.7,305.95,n,None,832.29,Agricultural / Stubble Burning,MODERATE
15.33118,76.24702,0.91,307.03,n,None,847.25,Agricultural / Stubble Burning,MODERATE
15.33683,76.28011,3.78,327.79,n,None,844.54,Agricultural / Stubble Burning,MODERATE
18.68213,73.03729,1.55,304.99,n,None,523.09,Agricultural / Stubble Burning,MODERATE
18.68268,73.03368,0.93,304.16,n,None,522.82,Agricultural / Stubble Burning,MODERATE
18.68324,73.03005,0.93,304.38,n,None,522.55,Agricultural / Stubble Burning,MODERATE
18.68542,73.03785,1.82,312.26,n,None,522.83,Agricultural / Stubble Burning,MODERATE
18.68654,73.03061,1.65,310.92,n,None,522.28,Agricultural / Stubble Burning,MODERATE
18.69202,73.03897,0.96,302.64,n,None,522.31,Agricultural / Stubble Burning,MODERATE
22.74278,97.86939,3.71,334.51,n,None,1197.62,Agricultural / Stubble Burning,MODERATE
23.97785,97.77013,4.99,329.53,l,None,1189.12,Agricultural / Stubble Burning,MODERATE
23.97825,95.92934,2.97,329.73,n,None,1002.74,Agricultural / Stubble Burning,MODERATE
24.41496,96.1926,4.02,329.19,n,None,1034.95,Agricultural / Stubble Burning,MODERATE
25.48006,97.37679,5.2,339.32,n,None,1173.45,Agricultural / Stubble Burning,MODERATE
26.89046,93.04157,1.66,335.37,n,None,827.38,Agricultural / Stubble Burning,MODERATE
8.76811,77.33213,5.34,337.9,n,None,1447.76,Agricultural / Stubble Burning,MODERATE
8.76866,77.33543,5.34,336.4,n,None,1447.59,Agricultural / Stubble Burning,MODERATE
9.85442,76.45007,7.48,340.39,n,None,1366.24,Agricultural / Stubble Burning,MODERATE
10.03031,76.72562,4.59,330.77,n,None,1336.9,Agricultural / Stubble Burning,MODERATE
10.20695,79.01132,8.73,337.42,l,None,1247.21,Agricultural / Stubble Burning,MODERATE
10.86922,79.84652,5.97,339.37,n,None,1159.22,Agricultural / Stubble Burning,MODERATE
11.96841,78.91827,2.81,333.33,n,None,1058.33,Agricultural / Stubble Burning,MODERATE
12.90129,76.29606,3.45,341.26,n,None,1068.13,Agricultural / Stubble Burning,MODERATE
12.90365,76.29477,3.87,337.34,n,None,1067.97,Agricultural / Stubble Burning,MODERATE
13.37898,76.37723,5.35,338.08,n,None,1017.8,Agricultural / Stubble Burning,MODERATE
14.88062,75.68179,2.17,331.07,l,None,924.48,Agricultural / Stubble Burning,MODERATE
14.99895,77.21571,14.44,341.78,l,None,816.94,Agricultural / Stubble Burning,MODERATE
15.12052,76.07805,6.6,338.0,l,None,876.87,Agricultural / Stubble Burning,MODERATE
15.16268,75.6703,0.75,331.47,l,None,901.42,Agricultural / Stubble Burning,MODERATE
15.17772,76.65731,5.12,340.88,n,None,833.99,Agricultural / Stubble Burning,MODERATE
15.31842,75.17278,2.85,339.36,n,None,924.87,Agricultural / Stubble Burning,MODERATE
15.32154,75.17179,3.18,341.29,n,None,924.69,Agricultural / Stubble Burning,MODERATE
15.44945,75.32252,6.95,336.46,l,None,903.23,Agricultural / Stubble Burning,MODERATE
15.50071,76.2095,3.03,333.46,l,None,835.26,Agricultural / Stubble Burning,MODERATE
16.74302,80.72356,6.76,332.87,n,None,499.27,Agricultural / Stubble Burning,MODERATE
16.85888,80.8147,2.48,330.64,l,None,485.25,Agricultural / Stubble Burning,MODERATE
16.92706,80.8142,2.77,332.19,n,None,477.73,Agricultural / Stubble Burning,MODERATE
17.86201,83.3682,4.32,330.77,n,None,424.66,Agricultural / Stubble Burning,MODERATE
17.86559,83.36766,4.32,338.8,n,None,424.29,Agricultural / Stubble Burning,MODERATE
17.16786,76.21546,6.81,331.18,l,None,702.88,Agricultural / Stubble Burning,MODERATE
17.26132,76.81692,6.43,339.06,l,None,648.25,Agricultural / Stubble Burning,MODERATE
17.61811,75.93732,4.38,334.82,l,None,695.28,Agricultural / Stubble Burning,MODERATE
17.69175,75.54086,5.14,331.87,l,None,725.25,Agricultural / Stubble Burning,MODERATE
17.95768,80.79552,3.23,330.44,n,None,364.59,Agricultural / Stubble Burning,MODERATE
18.31076,75.88063,2.52,331.09,l,None,658.49,Agricultural / Stubble Burning,MODERATE
18.3189,74.25737,2.16,330.96,l,None,636.07,Agricultural / Stubble Burning,MODERATE
18.41216,74.76319,2.17,330.74,n,None,666.24,Agricultural / Stubble Burning,MODERATE
20.79419,85.25394,10.81,346.83,n,None,75.66,Agricultural / Stubble Burning,MODERATE
20.8236,75.08286,5.84,333.13,n,None,550.66,Agricultural / Stubble Burning,MODERATE
20.88648,84.9843,5.11,342.66,n,None,102.18,Agricultural / Stubble Burning,MODERATE
20.8901,84.97985,5.11,332.61,n,None,102.62,Agricultural / Stubble Burning,MODERATE
20.96124,85.18665,15.0,344.02,n,None,81.06,Agricultural / Stubble Burning,MODERATE
20.96182,85.1709,6.66,331.81,n,None,82.7,Agricultural / Stubble Burning,MODERATE
20.96321,85.18289,7.34,333.36,n,None,81.46,Agricultural / Stubble Burning,MODERATE
20.96368,85.18692,13.51,347.57,n,None,81.05,Agricultural / Stubble Burning,MODERATE
20.9655,85.16637,6.34,333.1,n,None,83.19,Agricultural / Stubble Burning,MODERATE
20.97056,85.1738,14.89,351.98,n,None,82.44,Agricultural / Stubble Burning,MODERATE
21.07876,85.03534,10.59,332.42,n,None,98.02,Agricultural / Stubble Burning,MODERATE
21.19239,81.41476,2.49,332.81,n,None,3.61,Agricultural / Stubble Burning,MODERATE
21.74434,83.84428,4.87,330.55,n,None,237.6,Agricultural / Stubble Burning,MODERATE
21.74819,83.84373,15.49,339.13,n,None,237.81,Agricultural / Stubble Burning,MODERATE
21.75589,83.84266,12.14,336.69,n,None,238.24,Agricultural / Stubble Burning,MODERATE
21.76284,83.84975,7.14,333.38,n,None,237.85,Agricultural / Stubble Burning,MODERATE
22.05318,88.12531,2.46,331.62,n,None,216.19,Agricultural / Stubble Burning,MODERATE
22.20994,84.86133,3.94,332.42,n,None,151.24,Agricultural / Stubble Burning,MODERATE
22.21503,84.86877,4.83,330.82,n,None,150.3,Agricultural / Stubble Burning,MODERATE
22.3582,82.30425,6.96,336.71,n,None,161.19,Agricultural / Stubble Burning,MODERATE
22.37667,87.27725,11.29,331.03,n,None,121.77,Agricultural / Stubble Burning,MODERATE
22.37778,87.27937,11.18,335.79,n,None,121.93,Agricultural / Stubble Burning,MODERATE
23.16464,82.34007,5.19,332.81,n,None,240.79,Agricultural / Stubble Burning,MODERATE
23.50048,91.71208,7.78,333.11,n,None,570.28,Agricultural / Stubble Burning,MODERATE
23.50187,91.71603,11.96,334.05,n,None,570.7,Agricultural / Stubble Burning,MODERATE
23.6776,86.3942,7.86,333.15,n,None,99.39,Agricultural / Stubble Burning,MODERATE
23.67813,86.39944,11.53,330.83,n,None,99.56,Agricultural / Stubble Burning,MODERATE
23.67892,86.39605,7.75,331.6,n,None,99.57,Agricultural / Stubble Burning,MODERATE
23.68224,86.39358,6.08,331.6,n,None,99.88,Agricultural / Stubble Burning,MODERATE
23.68355,86.39541,7.75,334.32,n,None,100.06,Agricultural / Stubble Burning,MODERATE
23.68687,86.39296,6.08,332.63,n,None,100.37,Agricultural / Stubble Burning,MODERATE
23.69587,85.36932,3.64,333.03,n,None,129.51,Agricultural / Stubble Burning,MODERATE
23.71136,86.44856,11.32,334.75,n,None,104.35,Agricultural / Stubble Burning,MODERATE
23.7382,86.43439,10.84,339.67,n,None,106.88,Agricultural / Stubble Burning,MODERATE
23.75663,85.85342,5.93,331.67,n,None,111.16,Agricultural / Stubble Burning,MODERATE
23.78004,86.21083,9.47,341.95,n,None,108.5,Agricultural / Stubble Burning,MODERATE
23.78704,85.55325,3.18,332.73,n,None,126.89,Agricultural / Stubble Burning,MODERATE
23.80147,86.32903,9.77,334.78,n,None,111.81,Agricultural / Stubble Burning,MODERATE
24.19787,82.71607,5.54,332.5,n,None,340.27,Agricultural / Stubble Burning,MODERATE
26.18587,91.81001,6.4,326.65,n,None,681.97,Agricultural / Stubble Burning,MODERATE
26.37746,78.60052,3.74,332.1,n,None,162.14,Agricultural / Stubble Burning,MODERATE
27.42038,70.86834,5.08,337.77,n,None,556.41,Agricultural / Stubble Burning,MODERATE
28.45914,68.03567,6.75,335.55,n,None,696.09,Agricultural / Stubble Burning,MODERATE
28.55451,77.08445,3.83,335.42,n,None,122.59,Agricultural / Stubble Burning,MODERATE
29.29466,70.65086,1.91,330.04,l,None,714.59,Agricultural / Stubble Burning,MODERATE
29.73137,69.9503,5.5,333.2,n,None,792.44,Agricultural / Stubble Burning,MODERATE
29.8047,70.41058,2.78,331.34,l,None,752.12,Agricultural / Stubble Burning,MODERATE
30.26756,75.17442,5.81,330.29,l,None,385.63,Agricultural / Stubble Burning,MODERATE
31.05087,74.48088,4.5,331.28,n,None,494.99,Agricultural / Stubble Burning,MODERATE
31.12929,74.62807,4.4,330.84,n,None,492.97,Agricultural / Stubble Burning,MODERATE
31.39248,75.85404,4.31,331.24,n,None,458.46,Agricultural / Stubble Burning,MODERATE
31.45562,74.87386,7.84,336.91,n,None,508.92,Agricultural / Stubble Burning,MODERATE
31.4625,72.19001,12.68,337.08,n,None,684.78,Agricultural / Stubble Burning,MODERATE
31.47223,75.18405,4.46,336.99,n,None,495.04,Agricultural / Stubble Burning,MODERATE
31.56974,75.11226,3.87,330.14,n,None,507.84,Agricultural / Stubble Burning,MODERATE
31.64829,74.98766,2.82,330.97,n,None,521.35,Agricultural / Stubble Burning,MODERATE
31.87322,74.70067,3.34,331.32,n,None,556.86,Agricultural / Stubble Burning,MODERATE
35.43684,73.60258,2.64,328.56,n,None,954.28,Agricultural / Stubble Burning,MODERATE
