id,latitude,longitude,classification,severity,frp,brightness_k,satellite,acq_timestamp_ist,persistence_count_30d,nearest_facility_id,nearest_facility_name,nearest_facility_type,distance_km,industrial_relevance,risk_zone,cluster_id,cluster_size,cluster_radius_km,event_group,confidence_score,nearest_facility,distance_to_facility_km,ml_prediction,ml_confidence,ml_explanation
caa7db551a,22.4707,70.0577,CRITICAL_ACCIDENTAL,CRITICAL,310.0,382.4,VIIRS_NOAA21_NRT,2026-09-13 00:15:00 IST,1,FAC-003,Jamnagar Petrochemical & Flare Complex,industrial,0.0,CRITICAL,CRITICAL,NOISE,1,1.0,NOISE (1 hotspot),0.98,Jamnagar Petrochemical & Flare Complex,0.0,CRITICAL_ACCIDENTAL,0.5537,"Event labeled as CRITICAL_ACCIDENTAL primarily based on: spatial proximity to an industrial facility (0.00 km); very high radiative power (310.0 MW); isolated/spontaneous thermal occurrence. (Note: Statistical feature correlation, not verified physical causality)."
5da9511954,7.71635,81.43434,AGRICULTURAL_FIRE,MODERATE,12.39,347.95,N21,2026-09-07 12:29:00 IST,1,FAC-007,Bhilai Steel Complex,industrial,1498.215,LOW,LOW,CL-0001,2,1.0,CL-0001 (2 hotspots),0.88,None (Open / Rural Area),,AGRICULTURAL_FIRE,0.9712,"Event labeled as AGRICULTURAL_FIRE primarily based on: rural coordinates beyond active industrial buffers; low-intensity thermal signature (12.4 MW); isolated/spontaneous thermal occurrence. (Note: Statistical feature correlation, not verified physical causality)."
f53b7e01b3,7.71787,81.43332,AGRICULTURAL_FIRE,MODERATE,11.54,346.55,N21,2026-09-07 12:29:00 IST,1,FAC-007,Bhilai Steel Complex,industrial,1498.046,LOW,LOW,CL-0001,2,1.0,CL-0001 (2 hotspots),0.88,None (Open / Rural Area),,AGRICULTURAL_FIRE,0.9712,"Event labeled as AGRICULTURAL_FIRE primarily based on: rural coordinates beyond active industrial buffers; low-intensity thermal signature (11.5 MW); isolated/spontaneous thermal occurrence. (Note: Statistical feature correlation, not verified physical causality)."
0e5b0ccc07,8.45157,81.10233,AGRICULTURAL_FIRE,MODERATE,18.23,334.76,N21,2026-09-07 12:29:00 IST,1,FAC-007,Bhilai Steel Complex,industrial,1416.764,LOW,LOW,NOISE,1,1.0,NOISE (1 hotspot),0.88,None (Open / Rural Area),,AGRICULTURAL_FIRE,0.9702,"Event labeled as AGRICULTURAL_FIRE primarily based on: rural coordinates beyond active industrial buffers; low-intensity thermal signature (18.2 MW); isolated/spontaneous thermal occurrence. (Note: Statistical feature correlation, not verified physical causality)."
85b6756342,17.74537,95.31373,AGRICULTURAL_FIRE,MODERATE,3.97,330.41,N21,2026-09-07 12:31:00 IST,1,FAC-006,Kalinganagar Industrial Corridor,industrial,1042.521,LOW,LOW,NOISE,1,1.0,NOISE (1 hotspot),0.88,None (Open / Rural Area),,AGRICULTURAL_FIRE,0.9943,"Event labeled as AGRICULTURAL_FIRE primarily based on: rural coordinates beyond active industrial buffers; low-intensity thermal signature (4.0 MW); isolated/spontaneous thermal occurrence. (Note: Statistical feature correlation, not verified physical causality)."
3da592ea7e,17.80537,95.11832,AGRICULTURAL_FIRE,MODERATE,3.39,333.02,N21,2026-09-07 12:31:00 IST,1,FAC-006,Kalinganagar Industrial Corridor,industrial,1020.822,LOW,LOW,NOISE,1,1.0,NOISE (1 hotspot),0.88,None (Open / Rural Area),,AGRICULTURAL_FIRE,0.9943,"Event labeled as AGRICULTURAL_FIRE primarily based on: rural coordinates beyond active industrial buffers; low-intensity thermal signature (3.4 MW); isolated/spontaneous thermal occurrence. (Note: Statistical feature correlation, not verified physical causality)."
e29c8cf7b3,17.80703,95.13017,AGRICULTURAL_FIRE,MODERATE,2.84,329.43,N21,2026-09-07 12:31:00 IST,2,FAC-006,Kalinganagar Industrial Corridor,industrial,1021.923,LOW,LOW,CL-0002,2,1.0,CL-0002 (2 hotspots),0.88,None (Open / Rural Area),,AGRICULTURAL_FIRE,1.0,"Event labeled as AGRICULTURAL_FIRE primarily based on: rural coordinates beyond active industrial buffers; low-intensity thermal signature (2.8 MW); isolated/spontaneous thermal occurrence. (Note: Statistical feature correlation, not verified physical causality)."
62720b26a7,17.81047,95.12964,AGRICULTURAL_FIRE,MODERATE,4.45,334.29,N21,2026-09-07 12:31:00 IST,2,FAC-006,Kalinganagar Industrial Corridor,industrial,1021.731,LOW,LOW,CL-0002,2,1.0,CL-0002 (2 hotspots),0.88,None (Open / Rural Area),,AGRICULTURAL_FIRE,1.0,"Event labeled as AGRICULTURAL_FIRE primarily based on: rural coordinates beyond active industrial buffers; low-intensity thermal signature (4.5 MW); isolated/spontaneous thermal occurrence. (Note: Statistical feature correlation, not verified physical causality)."
90f3abc7f0,19.20172,95.28655,AGRICULTURAL_FIRE,MODERATE,3.19,333.54,N21,2026-09-07 12:31:00 IST,1,FAC-006,Kalinganagar Industrial Corridor,industrial,992.09,LOW,LOW,NOISE,1,1.0,NOISE (1 hotspot),0.88,None (Open / Rural Area),,AGRICULTURAL_FIRE,0.9943,"Event labeled as AGRICULTURAL_FIRE primarily based on: rural coordinates beyond active industrial buffers; low-intensity thermal signature (3.2 MW); isolated/spontaneous thermal occurrence. (Note: Statistical feature correlation, not verified physical causality)."
68abfb9808,20.14306,94.76436,AGRICULTURAL_FIRE,MODERATE,5.73,339.66,N21,2026-09-07 12:33:00 IST,1,FAC-006,Kalinganagar Industrial Corridor,industrial,920.161,LOW,LOW,NOISE,1,1.0,NOISE (1 hotspot),0.88,None (Open / Rural Area),,AGRICULTURAL_FIRE,0.9943,"Event labeled as AGRICULTURAL_FIRE primarily based on: rural coordinates beyond active industrial buffers; low-intensity thermal signature (5.7 MW); isolated/spontaneous thermal occurrence. (Note: Statistical feature correlation, not verified physical causality)."
4d21584655,20.79466,85.25549,AGRICULTURAL_FIRE,MODERATE,8.97,338.42,N21,2026-09-07 12:33:00 IST,6,FAC-006,Kalinganagar Industrial Corridor,industrial,75.488,LOW,LOW,CL-0003,5,1.0,CL-0003 (5 hotspots),0.88,None (Open / Rural Area),,AGRICULTURAL_FIRE,0.9844,"Event labeled as AGRICULTURAL_FIRE primarily based on: rural coordinates beyond active industrial buffers; low-intensity thermal signature (9.0 MW); repeated temporal persistence (6 recorded events). (Note: Statistical feature correlation, not verified physical causality)."
fd0726c6f2,20.86604,84.98908,AGRICULTURAL_FIRE,MODERATE,5.24,335.39,N21,2026-09-07 12:33:00 IST,4,FAC-006,Kalinganagar Industrial Corridor,industrial,101.829,LOW,LOW,CL-0004,6,1.0,CL-0004 (6 hotspots),0.88,None (Open / Rural Area),,AGRICULTURAL_FIRE,0.9927,"Event labeled as AGRICULTURAL_FIRE primarily based on: rural coordinates beyond active industrial buffers; low-intensity thermal signature (5.2 MW); repeated temporal persistence (4 recorded events). (Note: Statistical feature correlation, not verified physical causality)."
05e222b98d,20.96383,85.18765,AGRICULTURAL_FIRE,MODERATE,7.03,334.17,N21,2026-09-07 12:33:00 IST,7,FAC-006,Kalinganagar Industrial Corridor,industrial,80.972,LOW,LOW,CL-0005,33,1.0,CL-0005 (33 hotspots),0.88,None (Open / Rural Area),,AGRICULTURAL_FIRE,0.9927,"Event labeled as AGRICULTURAL_FIRE primarily based on: rural coordinates beyond active industrial buffers; low-intensity thermal signature (7.0 MW); repeated temporal persistence (7 recorded events). (Note: Statistical feature correlation, not verified physical causality)."
9c4b31bfe4,20.96481,86.0078,AGRICULTURAL_FIRE,MODERATE,6.79,341.06,N21,2026-09-07 12:33:00 IST,5,FAC-006,Kalinganagar Industrial Corridor,industrial,5.522,LOW,LOW,CL-0006,7,1.0,CL-0006 (7 hotspots),0.88,None (Open / Rural Area),,AGRICULTURAL_FIRE,0.9927,"Event labeled as AGRICULTURAL_FIRE primarily based on: rural coordinates beyond active industrial buffers; low-intensity thermal signature (6.8 MW); repeated temporal persistence (5 recorded events). (Note: Statistical feature correlation, not verified physical causality)."
ac685be066,21.19355,81.41866,INDUSTRIAL_FLARE,LOW,8.94,350.53,N21,2026-09-07 12:33:00 IST,1,FAC-007,Bhilai Steel Complex,industrial,4.027,MODERATE,MODERATE,NOISE,1,1.0,NOISE (1 hotspot),0.92,Bhilai Steel Complex,4.03,INDUSTRIAL_FLARE,0.692,"Event labeled as INDUSTRIAL_FLARE primarily based on: spatial proximity to an industrial facility (4.03 km); low-intensity thermal signature (8.9 MW); isolated/spontaneous thermal occurrence. (Note: Statistical feature correlation, not verified physical causality)."
174c440ebe,22.40652,97.82044,AGRICULTURAL_FIRE,MODERATE,5.28,338.74,N21,2026-09-07 12:33:00 IST,1,FAC-005,"Tata Steel Plant, Jamshedpur",industrial,1194.876,LOW,LOW,NOISE,1,1.0,NOISE (1 hotspot),0.88,None (Open / Rural Area),,AGRICULTURAL_FIRE,0.9943,"Event labeled as AGRICULTURAL_FIRE primarily based on: rural coordinates beyond active industrial buffers; low-intensity thermal signature (5.3 MW); isolated/spontaneous thermal occurrence. (Note: Statistical feature correlation, not verified physical causality)."
bcaa3a1b1c,22.53631,97.09843,AGRICULTURAL_FIRE,MODERATE,3.04,330.8,N21,2026-09-07 12:33:00 IST,1,FAC-005,"Tata Steel Plant, Jamshedpur",industrial,1119.862,LOW,LOW,NOISE,1,1.0,NOISE (1 hotspot),0.88,None (Open / Rural Area),,AGRICULTURAL_FIRE,0.9943,"Event labeled as AGRICULTURAL_FIRE primarily based on: rural coordinates beyond active industrial buffers; low-intensity thermal signature (3.0 MW); isolated/spontaneous thermal occurrence. (Note: Statistical feature correlation, not verified physical causality)."
a34ef45e9a,23.67726,86.39882,AGRICULTURAL_FIRE,MODERATE,9.66,333.07,N21,2026-09-07 12:33:00 IST,1,FAC-005,"Tata Steel Plant, Jamshedpur",industrial,99.455,LOW,LOW,CL-0007,4,1.0,CL-0007 (4 hotspots),0.88,None (Open / Rural Area),,AGRICULTURAL_FIRE,0.9866,"Event labeled as AGRICULTURAL_FIRE primarily based on: rural coordinates beyond active industrial buffers; low-intensity thermal signature (9.7 MW); isolated/spontaneous thermal occurrence. (Note: Statistical feature correlation, not verified physical causality)."
21349bc073,23.69142,87.12231,AGRICULTURAL_FIRE,MODERATE,6.64,329.5,N21,2026-09-07 12:33:00 IST,1,FAC-005,"Tata Steel Plant, Jamshedpur",industrial,137.427,LOW,LOW,NOISE,1,1.0,NOISE (1 hotspot),0.88,None (Open / Rural Area),,AGRICULTURAL_FIRE,0.9866,"Event labeled as AGRICULTURAL_FIRE primarily based on: rural coordinates beyond active industrial buffers; low-intensity thermal signature (6.6 MW); isolated/spontaneous thermal occurrence. (Note: Statistical feature correlation, not verified physical causality)."
e408f4fbdc,24.13866,91.3375,AGRICULTURAL_FIRE,MODERATE,5.27,331.17,N21,2026-09-07 12:33:00 IST,2,FAC-005,"Tata Steel Plant, Jamshedpur",industrial,545.977,LOW,LOW,CL-0008,2,1.0,CL-0008 (2 hotspots),0.88,None (Open / Rural Area),,AGRICULTURAL_FIRE,1.0,"Event labeled as AGRICULTURAL_FIRE primarily based on: rural coordinates beyond active industrial buffers; low-intensity thermal signature (5.3 MW); isolated/spontaneous thermal occurrence. (Note: Statistical feature correlation, not verified physical causality)."
cbb162e806,24.14194,91.33691,AGRICULTURAL_FIRE,MODERATE,3.94,330.02,N21,2026-09-07 12:33:00 IST,2,FAC-005,"Tata Steel Plant, Jamshedpur",industrial,546.012,LOW,LOW,CL-0008,2,1.0,CL-0008 (2 hotspots),0.88,None (Open / Rural Area),,AGRICULTURAL_FIRE,1.0,"Event labeled as AGRICULTURAL_FIRE primarily based on: rural coordinates beyond active industrial buffers; low-intensity thermal signature (3.9 MW); isolated/spontaneous thermal occurrence. (Note: Statistical feature correlation, not verified physical causality)."
e76c328421,24.3796,93.99981,AGRICULTURAL_FIRE,MODERATE,4.59,330.94,N21,2026-09-07 12:33:00 IST,1,FAC-005,"Tata Steel Plant, Jamshedpur",industrial,815.194,LOW,LOW,NOISE,1,1.0,NOISE (1 hotspot),0.88,None (Open / Rural Area),,AGRICULTURAL_FIRE,0.9943,"Event labeled as AGRICULTURAL_FIRE primarily based on: rural coordinates beyond active industrial buffers; low-intensity thermal signature (4.6 MW); isolated/spontaneous thermal occurrence. (Note: Statistical feature correlation, not verified physical causality)."
cd116fd357,26.20761,91.08835,AGRICULTURAL_FIRE,MODERATE,2.88,332.69,N21,2026-09-07 12:33:00 IST,1,FAC-005,"Tata Steel Plant, Jamshedpur",industrial,623.802,LOW,LOW,NOISE,1,1.0,NOISE (1 hotspot),0.88,None (Open / Rural Area),,AGRICULTURAL_FIRE,0.9943,"Event labeled as AGRICULTURAL_FIRE primarily based on: rural coordinates beyond active industrial buffers; low-intensity thermal signature (2.9 MW); isolated/spontaneous thermal occurrence. (Note: Statistical feature correlation, not verified physical causality)."
e7fd217b36,27.872,96.92369,AGRICULTURAL_FIRE,MODERATE,4.62,336.21,N21,2026-09-07 12:33:00 IST,1,FAC-005,"Tata Steel Plant, Jamshedpur",industrial,1216.642,LOW,LOW,NOISE,1,1.0,NOISE (1 hotspot),0.88,None (Open / Rural Area),,AGRICULTURAL_FIRE,0.9943,"Event labeled as AGRICULTURAL_FIRE primarily based on: rural coordinates beyond active industrial buffers; low-intensity thermal signature (4.6 MW); isolated/spontaneous thermal occurrence. (Note: Statistical feature correlation, not verified physical causality)."
a1bc88ed36,27.88228,96.89853,AGRICULTURAL_FIRE,MODERATE,4.82,329.41,N21,2026-09-07 12:33:00 IST,1,FAC-005,"Tata Steel Plant, Jamshedpur",industrial,1214.893,LOW,LOW,NOISE,1,1.0,NOISE (1 hotspot),0.88,None (Open / Rural Area),,AGRICULTURAL_FIRE,0.9943,"Event labeled as AGRICULTURAL_FIRE primarily based on: rural coordinates beyond active industrial buffers; low-intensity thermal signature (4.8 MW); isolated/spontaneous thermal occurrence. (Note: Statistical feature correlation, not verified physical causality)."
933173e5b4,28.49942,97.02248,AGRICULTURAL_FIRE,MODERATE,6.6,338.18,N21,2026-09-07 12:35:00 IST,2,FAC-005,"Tata Steel Plant, Jamshedpur",industrial,1256.442,LOW,LOW,CL-0009,2,1.0,CL-0009 (2 hotspots),0.88,None (Open / Rural Area),,AGRICULTURAL_FIRE,1.0,"Event labeled as AGRICULTURAL_FIRE primarily based on: rural coordinates beyond active industrial buffers; low-intensity thermal signature (6.6 MW); isolated/spontaneous thermal occurrence. (Note: Statistical feature correlation, not verified physical causality)."
d82d3dd955,28.57362,96.95537,AGRICULTURAL_FIRE,MODERATE,6.55,339.19,N21,2026-09-07 12:35:00 IST,2,FAC-005,"Tata Steel Plant, Jamshedpur",industrial,1254.536,LOW,LOW,CL-0010,3,1.0,CL-0010 (3 hotspots),0.88,None (Open / Rural Area),,AGRICULTURAL_FIRE,1.0,"Event labeled as AGRICULTURAL_FIRE primarily based on: rural coordinates beyond active industrial buffers; low-intensity thermal signature (6.5 MW); isolated/spontaneous thermal occurrence. (Note: Statistical feature correlation, not verified physical causality)."
e17e0f68f0,28.57527,96.95338,AGRICULTURAL_FIRE,MODERATE,7.88,338.4,N21,2026-09-07 12:35:00 IST,2,FAC-005,"Tata Steel Plant, Jamshedpur",industrial,1254.452,LOW,LOW,CL-0010,3,1.0,CL-0010 (3 hotspots),0.88,None (Open / Rural Area),,AGRICULTURAL_FIRE,1.0,"Event labeled as AGRICULTURAL_FIRE primarily based on: rural coordinates beyond active industrial buffers; low-intensity thermal signature (7.9 MW); isolated/spontaneous thermal occurrence. (Note: Statistical feature correlation, not verified physical causality)."
5f62ced9fd,29.22064,88.95616,AGRICULTURAL_FIRE,MODERATE,3.66,328.82,N21,2026-09-07 12:35:00 IST,1,FAC-005,"Tata Steel Plant, Jamshedpur",industrial,765.186,LOW,LOW,NOISE,1,1.0,NOISE (1 hotspot),0.88,None (Open / Rural Area),,AGRICULTURAL_FIRE,0.9943,"Event labeled as AGRICULTURAL_FIRE primarily based on: rural coordinates beyond active industrial buffers; low-intensity thermal signature (3.7 MW); isolated/spontaneous thermal occurrence. (Note: Statistical feature correlation, not verified physical causality)."
a7f3b96a8e,29.28599,88.87337,AGRICULTURAL_FIRE,MODERATE,5.11,334.43,N21,2026-09-07 12:35:00 IST,1,FAC-005,"Tata Steel Plant, Jamshedpur",industrial,769.015,LOW,LOW,NOISE,1,1.0,NOISE (1 hotspot),0.88,None (Open / Rural Area),,AGRICULTURAL_FIRE,0.9943,"Event labeled as AGRICULTURAL_FIRE primarily based on: rural coordinates beyond active industrial buffers; low-intensity thermal signature (5.1 MW); isolated/spontaneous thermal occurrence. (Note: Statistical feature correlation, not verified physical causality)."
0495cf4962,29.30612,88.91412,AGRICULTURAL_FIRE,MODERATE,4.59,328.31,N21,2026-09-07 12:35:00 IST,1,FAC-005,"Tata Steel Plant, Jamshedpur",industrial,772.528,LOW,LOW,NOISE,1,1.0,NOISE (1 hotspot),0.88,None (Open / Rural Area),,AGRICULTURAL_FIRE,0.9943,"Event labeled as AGRICULTURAL_FIRE primarily based on: rural coordinates beyond active industrial buffers; low-intensity thermal signature (4.6 MW); isolated/spontaneous thermal occurrence. (Note: Statistical feature correlation, not verified physical causality)."
ae0a046c89,29.47698,76.85517,AGRICULTURAL_FIRE,MODERATE,4.49,331.49,N21,2026-09-07 12:35:00 IST,1,FAC-004,Mathura Refinery (IOCL),industrial,224.927,LOW,LOW,NOISE,1,1.0,NOISE (1 hotspot),0.88,None (Open / Rural Area),,AGRICULTURAL_FIRE,0.9943,"Event labeled as AGRICULTURAL_FIRE primarily based on: rural coordinates beyond active industrial buffers; low-intensity thermal signature (4.5 MW); isolated/spontaneous thermal occurrence. (Note: Statistical feature correlation, not verified physical causality)."
33b916b303,29.63436,90.98183,AGRICULTURAL_FIRE,MODERATE,2.61,330.43,N21,2026-09-07 12:35:00 IST,2,FAC-005,"Tata Steel Plant, Jamshedpur",industrial,897.315,LOW,LOW,CL-0011,3,1.0,CL-0011 (3 hotspots),0.88,None (Open / Rural Area),,AGRICULTURAL_FIRE,1.0,"Event labeled as AGRICULTURAL_FIRE primarily based on: rural coordinates beyond active industrial buffers; low-intensity thermal signature (2.6 MW); isolated/spontaneous thermal occurrence. (Note: Statistical feature correlation, not verified physical causality)."
c9fa6010f8,29.63493,90.98582,AGRICULTURAL_FIRE,MODERATE,2.61,332.36,N21,2026-09-07 12:35:00 IST,1,FAC-005,"Tata Steel Plant, Jamshedpur",industrial,897.58,LOW,LOW,CL-0011,3,1.0,CL-0011 (3 hotspots),0.88,None (Open / Rural Area),,AGRICULTURAL_FIRE,0.9943,"Event labeled as AGRICULTURAL_FIRE primarily based on: rural coordinates beyond active industrial buffers; low-intensity thermal signature (2.6 MW); isolated/spontaneous thermal occurrence. (Note: Statistical feature correlation, not verified physical causality)."
14057276b4,29.67288,90.99059,AGRICULTURAL_FIRE,MODERATE,2.67,326.85,N21,2026-09-07 12:35:00 IST,1,FAC-005,"Tata Steel Plant, Jamshedpur",industrial,901.361,LOW,LOW,NOISE,1,1.0,NOISE (1 hotspot),0.88,None (Open / Rural Area),,AGRICULTURAL_FIRE,0.9943,"Event labeled as AGRICULTURAL_FIRE primarily based on: rural coordinates beyond active industrial buffers; low-intensity thermal signature (2.7 MW); isolated/spontaneous thermal occurrence. (Note: Statistical feature correlation, not verified physical causality)."
d633603476,29.90703,74.94606,AGRICULTURAL_FIRE,MODERATE,3.28,330.21,N21,2026-09-07 12:35:00 IST,1,FAC-004,Mathura Refinery (IOCL),industrial,371.715,LOW,LOW,CL-0012,2,1.0,CL-0012 (2 hotspots),0.88,None (Open / Rural Area),,AGRICULTURAL_FIRE,0.9943,"Event labeled as AGRICULTURAL_FIRE primarily based on: rural coordinates beyond active industrial buffers; low-intensity thermal signature (3.3 MW); isolated/spontaneous thermal occurrence. (Note: Statistical feature correlation, not verified physical causality)."
01001223f9,31.93228,74.72265,AGRICULTURAL_FIRE,MODERATE,7.64,338.69,N21,2026-09-07 12:37:00 IST,1,FAC-004,Mathura Refinery (IOCL),industrial,561.343,LOW,LOW,NOISE,1,1.0,NOISE (1 hotspot),0.88,None (Open / Rural Area),,AGRICULTURAL_FIRE,0.9866,"Event labeled as AGRICULTURAL_FIRE primarily based on: rural coordinates beyond active industrial buffers; low-intensity thermal signature (7.6 MW); isolated/spontaneous thermal occurrence. (Note: Statistical feature correlation, not verified physical causality)."
a26ddb12a7,6.73476,81.39144,AGRICULTURAL_FIRE,MODERATE,16.45,353.32,N21,2026-09-07 14:09:00 IST,3,FAC-007,Bhilai Steel Complex,industrial,1607.352,LOW,LOW,CL-0013,3,1.0,CL-0013 (3 hotspots),0.88,None (Open / Rural Area),,AGRICULTURAL_FIRE,1.0,"Event labeled as AGRICULTURAL_FIRE primarily based on: rural coordinates beyond active industrial buffers; low-intensity thermal signature (16.4 MW); repeated temporal persistence (3 recorded events). (Note: Statistical feature correlation, not verified physical causality)."
d95c852c7b,6.73478,81.39301,AGRICULTURAL_FIRE,MODERATE,19.03,367.0,N21,2026-09-07 14:09:00 IST,3,FAC-007,Bhilai Steel Complex,industrial,1607.35,LOW,LOW,CL-0013,3,1.0,CL-0013 (3 hotspots),0.88,None (Open / Rural Area),,AGRICULTURAL_FIRE,0.967,"Event labeled as AGRICULTURAL_FIRE primarily based on: rural coordinates beyond active industrial buffers; low-intensity thermal signature (19.0 MW); repeated temporal persistence (3 recorded events). (Note: Statistical feature correlation, not verified physical causality)."
64bdaac3ca,6.75366,81.20236,AGRICULTURAL_FIRE,MODERATE,4.2,330.49,N21,2026-09-07 14:09:00 IST,1,FAC-007,Bhilai Steel Complex,industrial,1605.364,LOW,LOW,CL-0014,2,1.0,CL-0014 (2 hotspots),0.88,None (Open / Rural Area),,AGRICULTURAL_FIRE,1.0,"Event labeled as AGRICULTURAL_FIRE primarily based on: rural coordinates beyond active industrial buffers; low-intensity thermal signature (4.2 MW); isolated/spontaneous thermal occurrence. (Note: Statistical feature correlation, not verified physical causality)."
ae66c9fd66,6.75974,81.2015,AGRICULTURAL_FIRE,MODERATE,4.2,330.84,N21,2026-09-07 14:09:00 IST,1,FAC-007,Bhilai Steel Complex,industrial,1604.689,LOW,LOW,CL-0014,2,1.0,CL-0014 (2 hotspots),0.88,None (Open / Rural Area),,AGRICULTURAL_FIRE,1.0,"Event labeled as AGRICULTURAL_FIRE primarily based on: rural coordinates beyond active industrial buffers; low-intensity thermal signature (4.2 MW); isolated/spontaneous thermal occurrence. (Note: Statistical feature correlation, not verified physical causality)."
b870e4e297,7.37589,80.88831,AGRICULTURAL_FIRE,MODERATE,5.89,334.25,N21,2026-09-07 14:09:00 IST,1,FAC-007,Bhilai Steel Complex,industrial,1536.969,LOW,LOW,NOISE,1,1.0,NOISE (1 hotspot),0.88,None (Open / Rural Area),,AGRICULTURAL_FIRE,1.0,"Event labeled as AGRICULTURAL_FIRE primarily based on: rural coordinates beyond active industrial buffers; low-intensity thermal signature (5.9 MW); isolated/spontaneous thermal occurrence. (Note: Statistical feature correlation, not verified physical causality)."
b06d44f885,7.37715,79.91541,AGRICULTURAL_FIRE,MODERATE,4.74,330.76,N21,2026-09-07 14:09:00 IST,1,FAC-007,Bhilai Steel Complex,industrial,1543.961,LOW,LOW,NOISE,1,1.0,NOISE (1 hotspot),0.88,None (Open / Rural Area),,AGRICULTURAL_FIRE,1.0,"Event labeled as AGRICULTURAL_FIRE primarily based on: rural coordinates beyond active industrial buffers; low-intensity thermal signature (4.7 MW); isolated/spontaneous thermal occurrence. (Note: Statistical feature correlation, not verified physical causality)."
a2ffabfd45,7.46185,80.14293,AGRICULTURAL_FIRE,MODERATE,3.7,336.93,N21,2026-09-07 14:09:00 IST,1,FAC-007,Bhilai Steel Complex,industrial,1532.277,LOW,LOW,NOISE,1,1.0,NOISE (1 hotspot),0.88,None (Open / Rural Area),,AGRICULTURAL_FIRE,1.0,"Event labeled as AGRICULTURAL_FIRE primarily based on: rural coordinates beyond active industrial buffers; low-intensity thermal signature (3.7 MW); isolated/spontaneous thermal occurrence. (Note: Statistical feature correlation, not verified physical causality)."
e6f07c4fcd,7.6318,80.72602,AGRICULTURAL_FIRE,MODERATE,8.17,348.19,N21,2026-09-07 14:09:00 IST,2,FAC-007,Bhilai Steel Complex,industrial,1509.24,LOW,LOW,CL-0015,2,1.0,CL-0015 (2 hotspots),0.88,None (Open / Rural Area),,AGRICULTURAL_FIRE,1.0,"Event labeled as AGRICULTURAL_FIRE primarily based on: rural coordinates beyond active industrial buffers; low-intensity thermal signature (8.2 MW); isolated/spontaneous thermal occurrence. (Note: Statistical feature correlation, not verified physical causality)."
044b6504d7,7.63435,80.72513,AGRICULTURAL_FIRE,MODERATE,8.99,342.5,N21,2026-09-07 14:09:00 IST,2,FAC-007,Bhilai Steel Complex,industrial,1508.961,LOW,LOW,CL-0015,2,1.0,CL-0015 (2 hotspots),0.88,None (Open / Rural Area),,AGRICULTURAL_FIRE,0.9917,"Event labeled as AGRICULTURAL_FIRE primarily based on: rural coordinates beyond active industrial buffers; low-intensity thermal signature (9.0 MW); isolated/spontaneous thermal occurrence. (Note: Statistical feature correlation, not verified physical causality)."
56b624b021,7.75524,80.25501,AGRICULTURAL_FIRE,MODERATE,11.32,334.7,N21,2026-09-07 14:09:00 IST,3,FAC-007,Bhilai Steel Complex,industrial,1498.755,LOW,LOW,CL-0016,5,1.0,CL-0016 (5 hotspots),0.88,None (Open / Rural Area),,AGRICULTURAL_FIRE,1.0,"Event labeled as AGRICULTURAL_FIRE primarily based on: rural coordinates beyond active industrial buffers; low-intensity thermal signature (11.3 MW); repeated temporal persistence (3 recorded events). (Note: Statistical feature correlation, not verified physical causality)."
84d97460a5,7.76045,80.25417,AGRICULTURAL_FIRE,MODERATE,21.54,355.76,N21,2026-09-07 14:09:00 IST,3,FAC-007,Bhilai Steel Complex,industrial,1498.184,LOW,LOW,CL-0016,5,1.0,CL-0016 (5 hotspots),0.88,None (Open / Rural Area),,AGRICULTURAL_FIRE,1.0,"Event labeled as AGRICULTURAL_FIRE primarily based on: rural coordinates beyond active industrial buffers; low-intensity thermal signature (21.5 MW); repeated temporal persistence (3 recorded events). (Note: Statistical feature correlation, not verified physical causality)."
a1f4755e58,7.761,80.25828,AGRICULTURAL_FIRE,MODERATE,15.12,344.8,N21,2026-09-07 14:09:00 IST,2,FAC-007,Bhilai Steel Complex,industrial,1498.088,LOW,LOW,CL-0016,5,1.0,CL-0016 (5 hotspots),0.88,None (Open / Rural Area),,AGRICULTURAL_FIRE,1.0,"Event labeled as AGRICULTURAL_FIRE primarily based on: rural coordinates beyond active industrial buffers; low-intensity thermal signature (15.1 MW); isolated/spontaneous thermal occurrence. (Note: Statistical feature correlation, not verified physical causality)."
e7ac521eb6,7.76104,80.25418,AGRICULTURAL_FIRE,MODERATE,11.32,355.79,N21,2026-09-07 14:09:00 IST,3,FAC-007,Bhilai Steel Complex,industrial,1498.119,LOW,LOW,CL-0016,5,1.0,CL-0016 (5 hotspots),0.88,None (Open / Rural Area),,AGRICULTURAL_FIRE,1.0,"Event labeled as AGRICULTURAL_FIRE primarily based on: rural coordinates beyond active industrial buffers; low-intensity thermal signature (11.3 MW); repeated temporal persistence (3 recorded events). (Note: Statistical feature correlation, not verified physical causality)."
f5c2763cd5,7.76156,80.25831,AGRICULTURAL_FIRE,MODERATE,14.5,339.45,N21,2026-09-07 14:09:00 IST,2,FAC-007,Bhilai Steel Complex,industrial,1498.025,LOW,LOW,CL-0016,5,1.0,CL-0016 (5 hotspots),0.88,None (Open / Rural Area),,AGRICULTURAL_FIRE,1.0,"Event labeled as AGRICULTURAL_FIRE primarily based on: rural coordinates beyond active industrial buffers; low-intensity thermal signature (14.5 MW); isolated/spontaneous thermal occurrence. (Note: Statistical feature correlation, not verified physical causality)."
9cf797e57d,7.76437,80.60036,AGRICULTURAL_FIRE,MODERATE,4.86,338.62,N21,2026-09-07 14:09:00 IST,1,FAC-007,Bhilai Steel Complex,industrial,1495.209,LOW,LOW,NOISE,1,1.0,NOISE (1 hotspot),0.88,None (Open / Rural Area),,AGRICULTURAL_FIRE,1.0,"Event labeled as AGRICULTURAL_FIRE primarily based on: rural coordinates beyond active industrial buffers; low-intensity thermal signature (4.9 MW); isolated/spontaneous thermal occurrence. (Note: Statistical feature correlation, not verified physical causality)."
135bcd212f,7.82684,80.21555,AGRICULTURAL_FIRE,MODERATE,7.4,349.17,N21,2026-09-07 14:09:00 IST,1,FAC-007,Bhilai Steel Complex,industrial,1491.167,LOW,LOW,NOISE,1,1.0,NOISE (1 hotspot),0.88,None (Open / Rural Area),,AGRICULTURAL_FIRE,0.9919,"Event labeled as AGRICULTURAL_FIRE primarily based on: rural coordinates beyond active industrial buffers; low-intensity thermal signature (7.4 MW); isolated/spontaneous thermal occurrence. (Note: Statistical feature correlation, not verified physical causality)."
85ee789d2b,7.89247,80.62505,AGRICULTURAL_FIRE,MODERATE,7.46,330.12,N21,2026-09-07 14:09:00 IST,2,FAC-007,Bhilai Steel Complex,industrial,1480.839,LOW,LOW,CL-0017,2,1.0,CL-0017 (2 hotspots),0.88,None (Open / Rural Area),,AGRICULTURAL_FIRE,0.9917,"Event labeled as AGRICULTURAL_FIRE primarily based on: rural coordinates beyond active industrial buffers; low-intensity thermal signature (7.5 MW); isolated/spontaneous thermal occurrence. (Note: Statistical feature correlation, not verified physical causality)."
6702fc13a0,7.89304,80.62943,AGRICULTURAL_FIRE,MODERATE,4.82,330.84,N21,2026-09-07 14:09:00 IST,2,FAC-007,Bhilai Steel Complex,industrial,1480.75,LOW,LOW,CL-0017,2,1.0,CL-0017 (2 hotspots),0.88,None (Open / Rural Area),,AGRICULTURAL_FIRE,1.0,"Event labeled as AGRICULTURAL_FIRE primarily based on: rural coordinates beyond active industrial buffers; low-intensity thermal signature (4.8 MW); isolated/spontaneous thermal occurrence. (Note: Statistical feature correlation, not verified physical causality)."
2aef366855,7.94795,80.60533,AGRICULTURAL_FIRE,MODERATE,5.93,340.82,N21,2026-09-07 14:09:00 IST,1,FAC-007,Bhilai Steel Complex,industrial,1474.796,LOW,LOW,NOISE,1,1.0,NOISE (1 hotspot),0.88,None (Open / Rural Area),,AGRICULTURAL_FIRE,1.0,"Event labeled as AGRICULTURAL_FIRE primarily based on: rural coordinates beyond active industrial buffers; low-intensity thermal signature (5.9 MW); isolated/spontaneous thermal occurrence. (Note: Statistical feature correlation, not verified physical causality)."
f30c5332bc,7.9589,80.00954,AGRICULTURAL_FIRE,MODERATE,15.19,367.0,N21,2026-09-07 14:09:00 IST,3,FAC-007,Bhilai Steel Complex,industrial,1478.568,LOW,LOW,CL-0018,3,1.0,CL-0018 (3 hotspots),0.88,None (Open / Rural Area),,AGRICULTURAL_FIRE,0.9837,"Event labeled as AGRICULTURAL_FIRE primarily based on: rural coordinates beyond active industrial buffers; low-intensity thermal signature (15.2 MW); repeated temporal persistence (3 recorded events). (Note: Statistical feature correlation, not verified physical causality)."
cef8524e06,7.96113,80.01129,AGRICULTURAL_FIRE,MODERATE,12.21,347.48,N21,2026-09-07 14:09:00 IST,3,FAC-007,Bhilai Steel Complex,industrial,1478.302,LOW,LOW,CL-0018,3,1.0,CL-0018 (3 hotspots),0.88,None (Open / Rural Area),,AGRICULTURAL_FIRE,1.0,"Event labeled as AGRICULTURAL_FIRE primarily based on: rural coordinates beyond active industrial buffers; low-intensity thermal signature (12.2 MW); repeated temporal persistence (3 recorded events). (Note: Statistical feature correlation, not verified physical causality)."
8e98c91d93,8.03589,80.41181,AGRICULTURAL_FIRE,MODERATE,5.08,333.76,N21,2026-09-07 14:09:00 IST,1,FAC-007,Bhilai Steel Complex,industrial,1466.358,LOW,LOW,NOISE,1,1.0,NOISE (1 hotspot),0.88,None (Open / Rural Area),,AGRICULTURAL_FIRE,1.0,"Event labeled as AGRICULTURAL_FIRE primarily based on: rural coordinates beyond active industrial buffers; low-intensity thermal signature (5.1 MW); isolated/spontaneous thermal occurrence. (Note: Statistical feature correlation, not verified physical causality)."
ba3af2111c,8.05743,80.43962,AGRICULTURAL_FIRE,MODERATE,4.65,333.55,N21,2026-09-07 14:09:00 IST,1,FAC-007,Bhilai Steel Complex,industrial,1463.76,LOW,LOW,NOISE,1,1.0,NOISE (1 hotspot),0.88,None (Open / Rural Area),,AGRICULTURAL_FIRE,1.0,"Event labeled as AGRICULTURAL_FIRE primarily based on: rural coordinates beyond active industrial buffers; low-intensity thermal signature (4.7 MW); isolated/spontaneous thermal occurrence. (Note: Statistical feature correlation, not verified physical causality)."
764ac0cb44,8.06101,80.65621,AGRICULTURAL_FIRE,MODERATE,3.92,335.68,N21,2026-09-07 14:09:00 IST,2,FAC-007,Bhilai Steel Complex,industrial,1461.944,LOW,LOW,CL-0019,3,1.0,CL-0019 (3 hotspots),0.88,None (Open / Rural Area),,AGRICULTURAL_FIRE,1.0,"Event labeled as AGRICULTURAL_FIRE primarily based on: rural coordinates beyond active industrial buffers; low-intensity thermal signature (3.9 MW); isolated/spontaneous thermal occurrence. (Note: Statistical feature correlation, not verified physical causality)."
8a10d8c57f,8.06699,80.65543,WILDFIRE_BIOMASS,HIGH,76.05,367.0,N21,2026-09-07 14:09:00 IST,1,FAC-007,Bhilai Steel Complex,industrial,1461.284,LOW,LOW,CL-0019,3,1.0,CL-0019 (3 hotspots),0.85,None (Open / Rural Area),,WILDFIRE_BIOMASS,0.7875,"Event labeled as WILDFIRE_BIOMASS primarily based on: rural coordinates beyond active industrial buffers; moderate thermal radiative power (76.0 MW); isolated/spontaneous thermal occurrence. (Note: Statistical feature correlation, not verified physical causality)."
8a34c448cb,8.38848,80.20661,AGRICULTURAL_FIRE,MODERATE,8.29,342.01,N21,2026-09-07 14:09:00 IST,2,FAC-007,Bhilai Steel Complex,industrial,1429.017,LOW,LOW,CL-0020,2,1.0,CL-0020 (2 hotspots),0.88,None (Open / Rural Area),,AGRICULTURAL_FIRE,1.0,"Event labeled as AGRICULTURAL_FIRE primarily based on: rural coordinates beyond active industrial buffers; low-intensity thermal signature (8.3 MW); isolated/spontaneous thermal occurrence. (Note: Statistical feature correlation, not verified physical causality)."
840938a46b,8.38858,80.20611,AGRICULTURAL_FIRE,MODERATE,8.68,342.0,N21,2026-09-07 14:09:00 IST,2,FAC-007,Bhilai Steel Complex,industrial,1429.011,LOW,LOW,CL-0020,2,1.0,CL-0020 (2 hotspots),0.88,None (Open / Rural Area),,AGRICULTURAL_FIRE,1.0,"Event labeled as AGRICULTURAL_FIRE primarily based on: rural coordinates beyond active industrial buffers; low-intensity thermal signature (8.7 MW); isolated/spontaneous thermal occurrence. (Note: Statistical feature correlation, not verified physical causality)."
0298176063,8.50771,80.77534,AGRICULTURAL_FIRE,MODERATE,6.28,335.8,N21,2026-09-07 14:09:00 IST,1,FAC-007,Bhilai Steel Complex,industrial,1411.698,LOW,LOW,NOISE,1,1.0,NOISE (1 hotspot),0.88,None (Open / Rural Area),,AGRICULTURAL_FIRE,1.0,"Event labeled as AGRICULTURAL_FIRE primarily based on: rural coordinates beyond active industrial buffers; low-intensity thermal signature (6.3 MW); isolated/spontaneous thermal occurrence. (Note: Statistical feature correlation, not verified physical causality)."
6a2248a471,8.5905,80.34922,AGRICULTURAL_FIRE,MODERATE,4.44,334.9,N21,2026-09-07 14:09:00 IST,1,FAC-007,Bhilai Steel Complex,industrial,1405.353,LOW,LOW,NOISE,1,1.0,NOISE (1 hotspot),0.88,None (Open / Rural Area),,AGRICULTURAL_FIRE,1.0,"Event labeled as AGRICULTURAL_FIRE primarily based on: rural coordinates beyond active industrial buffers; low-intensity thermal signature (4.4 MW); isolated/spontaneous thermal occurrence. (Note: Statistical feature correlation, not verified physical causality)."
4ad154bc44,8.6313,80.62067,AGRICULTURAL_FIRE,MODERATE,8.42,345.94,N21,2026-09-07 14:09:00 IST,1,FAC-007,Bhilai Steel Complex,industrial,1398.836,LOW,LOW,NOISE,1,1.0,NOISE (1 hotspot),0.88,None (Open / Rural Area),,AGRICULTURAL_FIRE,1.0,"Event labeled as AGRICULTURAL_FIRE primarily based on: rural coordinates beyond active industrial buffers; low-intensity thermal signature (8.4 MW); isolated/spontaneous thermal occurrence. (Note: Statistical feature correlation, not verified physical causality)."
b6c5f5981b,8.7952,80.82851,AGRICULTURAL_FIRE,MODERATE,13.83,334.49,N21,2026-09-07 14:09:00 IST,2,FAC-007,Bhilai Steel Complex,industrial,1379.507,LOW,LOW,CL-0021,2,1.0,CL-0021 (2 hotspots),0.88,None (Open / Rural Area),,AGRICULTURAL_FIRE,1.0,"Event labeled as AGRICULTURAL_FIRE primarily based on: rural coordinates beyond active industrial buffers; low-intensity thermal signature (13.8 MW); isolated/spontaneous thermal occurrence. (Note: Statistical feature correlation, not verified physical causality)."
207d7a8508,8.7958,80.83318,AGRICULTURAL_FIRE,MODERATE,17.06,349.96,N21,2026-09-07 14:09:00 IST,2,FAC-007,Bhilai Steel Complex,industrial,1379.419,LOW,LOW,CL-0021,2,1.0,CL-0021 (2 hotspots),0.88,None (Open / Rural Area),,AGRICULTURAL_FIRE,1.0,"Event labeled as AGRICULTURAL_FIRE primarily based on: rural coordinates beyond active industrial buffers; low-intensity thermal signature (17.1 MW); isolated/spontaneous thermal occurrence. (Note: Statistical feature correlation, not verified physical causality)."
c48ab4fcbf,8.86686,78.08612,AGRICULTURAL_FIRE,MODERATE,2.78,333.88,N21,2026-09-07 14:09:00 IST,2,FAC-007,Bhilai Steel Complex,industrial,1414.986,LOW,LOW,CL-0022,3,1.0,CL-0022 (3 hotspots),0.88,None (Open / Rural Area),,AGRICULTURAL_FIRE,1.0,"Event labeled as AGRICULTURAL_FIRE primarily based on: rural coordinates beyond active industrial buffers; low-intensity thermal signature (2.8 MW); isolated/spontaneous thermal occurrence. (Note: Statistical feature correlation, not verified physical causality)."
8bd2c56a9c,8.90995,77.51759,AGRICULTURAL_FIRE,MODERATE,4.66,330.26,N21,2026-09-07 14:09:00 IST,2,FAC-007,Bhilai Steel Complex,industrial,1426.797,LOW,LOW,CL-0023,2,1.0,CL-0023 (2 hotspots),0.88,None (Open / Rural Area),,AGRICULTURAL_FIRE,1.0,"Event labeled as AGRICULTURAL_FIRE primarily based on: rural coordinates beyond active industrial buffers; low-intensity thermal signature (4.7 MW); isolated/spontaneous thermal occurrence. (Note: Statistical feature correlation, not verified physical causality)."
a5e1921fad,8.91237,77.5182,AGRICULTURAL_FIRE,MODERATE,3.2,332.13,N21,2026-09-07 14:09:00 IST,2,FAC-007,Bhilai Steel Complex,industrial,1426.52,LOW,LOW,CL-0023,2,1.0,CL-0023 (2 hotspots),0.88,None (Open / Rural Area),,AGRICULTURAL_FIRE,1.0,"Event labeled as AGRICULTURAL_FIRE primarily based on: rural coordinates beyond active industrial buffers; low-intensity thermal signature (3.2 MW); isolated/spontaneous thermal occurrence. (Note: Statistical feature correlation, not verified physical causality)."
02a1590643,9.01174,77.45811,AGRICULTURAL_FIRE,MODERATE,4.68,338.72,N21,2026-09-07 14:09:00 IST,1,FAC-007,Bhilai Steel Complex,industrial,1417.818,LOW,LOW,NOISE,1,1.0,NOISE (1 hotspot),0.88,None (Open / Rural Area),,AGRICULTURAL_FIRE,1.0,"Event labeled as AGRICULTURAL_FIRE primarily based on: rural coordinates beyond active industrial buffers; low-intensity thermal signature (4.7 MW); isolated/spontaneous thermal occurrence. (Note: Statistical feature correlation, not verified physical causality)."
6550de0a55,9.08718,77.47947,AGRICULTURAL_FIRE,MODERATE,3.5,331.36,N21,2026-09-07 14:11:00 IST,1,FAC-007,Bhilai Steel Complex,industrial,1409.11,LOW,LOW,NOISE,1,1.0,NOISE (1 hotspot),0.88,None (Open / Rural Area),,AGRICULTURAL_FIRE,1.0,"Event labeled as AGRICULTURAL_FIRE primarily based on: rural coordinates beyond active industrial buffers; low-intensity thermal signature (3.5 MW); isolated/spontaneous thermal occurrence. (Note: Statistical feature correlation, not verified physical causality)."
8709486faf,9.20163,78.26099,AGRICULTURAL_FIRE,MODERATE,1.0,330.33,N21,2026-09-07 14:11:00 IST,1,FAC-007,Bhilai Steel Complex,industrial,1374.239,LOW,LOW,NOISE,1,1.0,NOISE (1 hotspot),0.88,None (Open / Rural Area),,AGRICULTURAL_FIRE,1.0,"Event labeled as AGRICULTURAL_FIRE primarily based on: rural coordinates beyond active industrial buffers; low-intensity thermal signature (1.0 MW); isolated/spontaneous thermal occurrence. (Note: Statistical feature correlation, not verified physical causality)."
56e8769a3a,9.27757,77.48306,AGRICULTURAL_FIRE,MODERATE,3.24,332.05,N21,2026-09-07 14:11:00 IST,1,FAC-007,Bhilai Steel Complex,industrial,1388.741,LOW,LOW,NOISE,1,1.0,NOISE (1 hotspot),0.88,None (Open / Rural Area),,AGRICULTURAL_FIRE,1.0,"Event labeled as AGRICULTURAL_FIRE primarily based on: rural coordinates beyond active industrial buffers; low-intensity thermal signature (3.2 MW); isolated/spontaneous thermal occurrence. (Note: Statistical feature correlation, not verified physical causality)."
161122b2e7,10.52722,76.9183,AGRICULTURAL_FIRE,MODERATE,7.44,336.19,N21,2026-09-07 14:11:00 IST,1,FAC-007,Bhilai Steel Complex,industrial,1277.768,LOW,LOW,NOISE,1,1.0,NOISE (1 hotspot),0.88,None (Open / Rural Area),,AGRICULTURAL_FIRE,1.0,"Event labeled as AGRICULTURAL_FIRE primarily based on: rural coordinates beyond active industrial buffers; low-intensity thermal signature (7.4 MW); isolated/spontaneous thermal occurrence. (Note: Statistical feature correlation, not verified physical causality)."
8ec98912b1,11.4255,79.19963,AGRICULTURAL_FIRE,MODERATE,7.34,351.07,N21,2026-09-07 14:11:00 IST,1,FAC-007,Bhilai Steel Complex,industrial,1110.344,LOW,LOW,NOISE,1,1.0,NOISE (1 hotspot),0.88,None (Open / Rural Area),,AGRICULTURAL_FIRE,0.9671,"Event labeled as AGRICULTURAL_FIRE primarily based on: rural coordinates beyond active industrial buffers; low-intensity thermal signature (7.3 MW); isolated/spontaneous thermal occurrence. (Note: Statistical feature correlation, not verified physical causality)."
0d708d264e,12.19458,76.79126,AGRICULTURAL_FIRE,MODERATE,14.03,340.22,N21,2026-09-07 14:11:00 IST,1,FAC-007,Bhilai Steel Complex,industrial,1112.982,LOW,LOW,NOISE,1,1.0,NOISE (1 hotspot),0.88,None (Open / Rural Area),,AGRICULTURAL_FIRE,1.0,"Event labeled as AGRICULTURAL_FIRE primarily based on: rural coordinates beyond active industrial buffers; low-intensity thermal signature (14.0 MW); isolated/spontaneous thermal occurrence. (Note: Statistical feature correlation, not verified physical causality)."
ba61b72032,12.62642,79.35217,AGRICULTURAL_FIRE,MODERATE,11.39,343.14,N21,2026-09-07 14:11:00 IST,2,FAC-007,Bhilai Steel Complex,industrial,976.304,LOW,LOW,CL-0024,2,1.0,CL-0024 (2 hotspots),0.88,None (Open / Rural Area),,AGRICULTURAL_FIRE,1.0,"Event labeled as AGRICULTURAL_FIRE primarily based on: rural coordinates beyond active industrial buffers; low-intensity thermal signature (11.4 MW); isolated/spontaneous thermal occurrence. (Note: Statistical feature correlation, not verified physical causality)."
b93232e6d5,12.62691,79.35641,AGRICULTURAL_FIRE,MODERATE,12.36,343.88,N21,2026-09-07 14:11:00 IST,2,FAC-007,Bhilai Steel Complex,industrial,976.152,LOW,LOW,CL-0024,2,1.0,CL-0024 (2 hotspots),0.88,None (Open / Rural Area),,AGRICULTURAL_FIRE,1.0,"Event labeled as AGRICULTURAL_FIRE primarily based on: rural coordinates beyond active industrial buffers; low-intensity thermal signature (12.4 MW); isolated/spontaneous thermal occurrence. (Note: Statistical feature correlation, not verified physical causality)."
a00eabf47d,13.30328,77.49928,AGRICULTURAL_FIRE,MODERATE,3.78,330.44,N21,2026-09-07 14:11:00 IST,1,FAC-007,Bhilai Steel Complex,industrial,968.79,LOW,LOW,NOISE,1,1.0,NOISE (1 hotspot),0.88,None (Open / Rural Area),,AGRICULTURAL_FIRE,1.0,"Event labeled as AGRICULTURAL_FIRE primarily based on: rural coordinates beyond active industrial buffers; low-intensity thermal signature (3.8 MW); isolated/spontaneous thermal occurrence. (Note: Statistical feature correlation, not verified physical causality)."
fb3554780c,13.39125,78.55362,AGRICULTURAL_FIRE,MODERATE,4.87,342.85,N21,2026-09-07 14:11:00 IST,1,FAC-007,Bhilai Steel Complex,industrial,917.535,LOW,LOW,NOISE,1,1.0,NOISE (1 hotspot),0.88,None (Open / Rural Area),,AGRICULTURAL_FIRE,1.0,"Event labeled as AGRICULTURAL_FIRE primarily based on: rural coordinates beyond active industrial buffers; low-intensity thermal signature (4.9 MW); isolated/spontaneous thermal occurrence. (Note: Statistical feature correlation, not verified physical causality)."
6b97571692,13.61422,76.79543,AGRICULTURAL_FIRE,MODERATE,2.84,335.54,N21,2026-09-07 14:11:00 IST,1,FAC-007,Bhilai Steel Complex,industrial,972.52,LOW,LOW,NOISE,1,1.0,NOISE (1 hotspot),0.88,None (Open / Rural Area),,AGRICULTURAL_FIRE,1.0,"Event labeled as AGRICULTURAL_FIRE primarily based on: rural coordinates beyond active industrial buffers; low-intensity thermal signature (2.8 MW); isolated/spontaneous thermal occurrence. (Note: Statistical feature correlation, not verified physical causality)."
2c5017fa77,13.82308,77.46265,AGRICULTURAL_FIRE,MODERATE,3.01,337.35,N21,2026-09-07 14:11:00 IST,2,FAC-007,Bhilai Steel Complex,industrial,918.306,LOW,LOW,CL-0025,2,1.0,CL-0025 (2 hotspots),0.88,None (Open / Rural Area),,AGRICULTURAL_FIRE,1.0,"Event labeled as AGRICULTURAL_FIRE primarily based on: rural coordinates beyond active industrial buffers; low-intensity thermal signature (3.0 MW); isolated/spontaneous thermal occurrence. (Note: Statistical feature correlation, not verified physical causality)."
8604edd8e8,13.82392,77.46268,AGRICULTURAL_FIRE,MODERATE,3.11,339.89,N21,2026-09-07 14:11:00 IST,2,FAC-007,Bhilai Steel Complex,industrial,918.221,LOW,LOW,CL-0025,2,1.0,CL-0025 (2 hotspots),0.88,None (Open / Rural Area),,AGRICULTURAL_FIRE,1.0,"Event labeled as AGRICULTURAL_FIRE primarily based on: rural coordinates beyond active industrial buffers; low-intensity thermal signature (3.1 MW); isolated/spontaneous thermal occurrence. (Note: Statistical feature correlation, not verified physical causality)."
7adc3c0b45,13.86369,79.33259,AGRICULTURAL_FIRE,MODERATE,5.38,336.09,N21,2026-09-07 14:11:00 IST,1,FAC-007,Bhilai Steel Complex,industrial,843.03,LOW,LOW,NOISE,1,1.0,NOISE (1 hotspot),0.88,None (Open / Rural Area),,AGRICULTURAL_FIRE,1.0,"Event labeled as AGRICULTURAL_FIRE primarily based on: rural coordinates beyond active industrial buffers; low-intensity thermal signature (5.4 MW); isolated/spontaneous thermal occurrence. (Note: Statistical feature correlation, not verified physical causality)."
fb4d0584c8,14.00484,78.13704,AGRICULTURAL_FIRE,MODERATE,3.08,332.62,N21,2026-09-07 14:11:00 IST,2,FAC-007,Bhilai Steel Complex,industrial,869.639,LOW,LOW,CL-0026,2,1.0,CL-0026 (2 hotspots),0.88,None (Open / Rural Area),,AGRICULTURAL_FIRE,1.0,"Event labeled as AGRICULTURAL_FIRE primarily based on: rural coordinates beyond active industrial buffers; low-intensity thermal signature (3.1 MW); isolated/spontaneous thermal occurrence. (Note: Statistical feature correlation, not verified physical causality)."
e56a49670b,14.00567,78.1367,AGRICULTURAL_FIRE,MODERATE,3.4,332.7,N21,2026-09-07 14:11:00 IST,2,FAC-007,Bhilai Steel Complex,industrial,869.568,LOW,LOW,CL-0026,2,1.0,CL-0026 (2 hotspots),0.88,None (Open / Rural Area),,AGRICULTURAL_FIRE,1.0,"Event labeled as AGRICULTURAL_FIRE primarily based on: rural coordinates beyond active industrial buffers; low-intensity thermal signature (3.4 MW); isolated/spontaneous thermal occurrence. (Note: Statistical feature correlation, not verified physical causality)."
840b336515,14.09951,77.17999,AGRICULTURAL_FIRE,MODERATE,2.63,334.11,N21,2026-09-07 14:11:00 IST,1,FAC-007,Bhilai Steel Complex,industrial,905.179,LOW,LOW,NOISE,1,1.0,NOISE (1 hotspot),0.88,None (Open / Rural Area),,AGRICULTURAL_FIRE,1.0,"Event labeled as AGRICULTURAL_FIRE primarily based on: rural coordinates beyond active industrial buffers; low-intensity thermal signature (2.6 MW); isolated/spontaneous thermal occurrence. (Note: Statistical feature correlation, not verified physical causality)."
6e2ee13291,14.14242,76.60857,AGRICULTURAL_FIRE,MODERATE,3.5,334.84,N21,2026-09-07 14:11:00 IST,1,FAC-007,Bhilai Steel Complex,industrial,932.337,LOW,LOW,NOISE,1,1.0,NOISE (1 hotspot),0.88,None (Open / Rural Area),,AGRICULTURAL_FIRE,1.0,"Event labeled as AGRICULTURAL_FIRE primarily based on: rural coordinates beyond active industrial buffers; low-intensity thermal signature (3.5 MW); isolated/spontaneous thermal occurrence. (Note: Statistical feature correlation, not verified physical causality)."
dcfbc70812,14.23907,76.68808,AGRICULTURAL_FIRE,MODERATE,2.67,334.02,N21,2026-09-07 14:11:00 IST,1,FAC-007,Bhilai Steel Complex,industrial,918.678,LOW,LOW,NOISE,1,1.0,NOISE (1 hotspot),0.88,None (Open / Rural Area),,AGRICULTURAL_FIRE,1.0,"Event labeled as AGRICULTURAL_FIRE primarily based on: rural coordinates beyond active industrial buffers; low-intensity thermal signature (2.7 MW); isolated/spontaneous thermal occurrence. (Note: Statistical feature correlation, not verified physical causality)."
dc77db89fb,14.49482,76.82112,AGRICULTURAL_FIRE,MODERATE,2.52,337.0,N21,2026-09-07 14:11:00 IST,1,FAC-007,Bhilai Steel Complex,industrial,886.976,LOW,LOW,NOISE,1,1.0,NOISE (1 hotspot),0.88,None (Open / Rural Area),,AGRICULTURAL_FIRE,1.0,"Event labeled as AGRICULTURAL_FIRE primarily based on: rural coordinates beyond active industrial buffers; low-intensity thermal signature (2.5 MW); isolated/spontaneous thermal occurrence. (Note: Statistical feature correlation, not verified physical causality)."
5a6dcf06e3,14.58273,79.70184,AGRICULTURAL_FIRE,MODERATE,4.41,349.83,N21,2026-09-07 14:11:00 IST,1,FAC-007,Bhilai Steel Complex,industrial,755.823,LOW,LOW,NOISE,1,1.0,NOISE (1 hotspot),0.88,None (Open / Rural Area),,AGRICULTURAL_FIRE,1.0,"Event labeled as AGRICULTURAL_FIRE primarily based on: rural coordinates beyond active industrial buffers; low-intensity thermal signature (4.4 MW); isolated/spontaneous thermal occurrence. (Note: Statistical feature correlation, not verified physical causality)."
15cca13159,14.82235,76.79653,AGRICULTURAL_FIRE,MODERATE,4.65,342.41,N21,2026-09-07 14:11:00 IST,2,FAC-007,Bhilai Steel Complex,industrial,857.868,LOW,LOW,CL-0027,2,1.0,CL-0027 (2 hotspots),0.88,None (Open / Rural Area),,AGRICULTURAL_FIRE,1.0,"Event labeled as AGRICULTURAL_FIRE primarily based on: rural coordinates beyond active industrial buffers; low-intensity thermal signature (4.7 MW); isolated/spontaneous thermal occurrence. (Note: Statistical feature correlation, not verified physical causality)."
51ee0c4835,14.82348,76.79816,AGRICULTURAL_FIRE,MODERATE,4.78,340.39,N21,2026-09-07 14:11:00 IST,2,FAC-007,Bhilai Steel Complex,industrial,857.667,LOW,LOW,CL-0027,2,1.0,CL-0027 (2 hotspots),0.88,None (Open / Rural Area),,AGRICULTURAL_FIRE,1.0,"Event labeled as AGRICULTURAL_FIRE primarily based on: rural coordinates beyond active industrial buffers; low-intensity thermal signature (4.8 MW); isolated/spontaneous thermal occurrence. (Note: Statistical feature correlation, not verified physical causality)."
3010a56c4a,14.88572,79.6793,AGRICULTURAL_FIRE,MODERATE,7.13,340.72,N21,2026-09-07 14:11:00 IST,1,FAC-007,Bhilai Steel Complex,industrial,723.67,LOW,LOW,NOISE,1,1.0,NOISE (1 hotspot),0.88,None (Open / Rural Area),,AGRICULTURAL_FIRE,0.9588,"Event labeled as AGRICULTURAL_FIRE primarily based on: rural coordinates beyond active industrial buffers; low-intensity thermal signature (7.1 MW); isolated/spontaneous thermal occurrence. (Note: Statistical feature correlation, not verified physical causality)."
bf9b7c1a1d,15.40742,79.91134,AGRICULTURAL_FIRE,MODERATE,7.07,347.9,N21,2026-09-07 14:11:00 IST,1,FAC-007,Bhilai Steel Complex,industrial,661.404,LOW,LOW,NOISE,1,1.0,NOISE (1 hotspot),0.88,None (Open / Rural Area),,AGRICULTURAL_FIRE,1.0,"Event labeled as AGRICULTURAL_FIRE primarily based on: rural coordinates beyond active industrial buffers; low-intensity thermal signature (7.1 MW); isolated/spontaneous thermal occurrence. (Note: Statistical feature correlation, not verified physical causality)."
455dff8ef6,16.01439,78.2641,AGRICULTURAL_FIRE,MODERATE,4.22,337.66,N21,2026-09-07 14:13:00 IST,1,FAC-007,Bhilai Steel Complex,industrial,662.518,LOW,LOW,NOISE,1,1.0,NOISE (1 hotspot),0.88,None (Open / Rural Area),,AGRICULTURAL_FIRE,0.9917,"Event labeled as AGRICULTURAL_FIRE primarily based on: rural coordinates beyond active industrial buffers; low-intensity thermal signature (4.2 MW); isolated/spontaneous thermal occurrence. (Note: Statistical feature correlation, not verified physical causality)."
b6c2893007,23.22736,69.83858,AGRICULTURAL_FIRE,MODERATE,4.47,335.03,N21,2026-09-07 14:15:00 IST,2,FAC-003,Jamnagar Petrochemical & Flare Complex,industrial,87.081,LOW,LOW,CL-0028,3,1.0,CL-0028 (3 hotspots),0.88,None (Open / Rural Area),,AGRICULTURAL_FIRE,1.0,"Event labeled as AGRICULTURAL_FIRE primarily based on: rural coordinates beyond active industrial buffers; low-intensity thermal signature (4.5 MW); isolated/spontaneous thermal occurrence. (Note: Statistical feature correlation, not verified physical causality)."
1df74bf113,25.34143,68.63101,AGRICULTURAL_FIRE,MODERATE,1.73,330.58,N21,2026-09-07 14:15:00 IST,1,FAC-003,Jamnagar Petrochemical & Flare Complex,industrial,350.603,LOW,LOW,NOISE,1,1.0,NOISE (1 hotspot),0.88,None (Open / Rural Area),,AGRICULTURAL_FIRE,1.0,"Event labeled as AGRICULTURAL_FIRE primarily based on: rural coordinates beyond active industrial buffers; low-intensity thermal signature (1.7 MW); isolated/spontaneous thermal occurrence. (Note: Statistical feature correlation, not verified physical causality)."
317cbe6f1f,25.63929,69.00839,AGRICULTURAL_FIRE,MODERATE,4.03,339.4,N21,2026-09-07 14:15:00 IST,1,FAC-003,Jamnagar Petrochemical & Flare Complex,industrial,368.083,LOW,LOW,NOISE,1,1.0,NOISE (1 hotspot),0.88,None (Open / Rural Area),,AGRICULTURAL_FIRE,1.0,"Event labeled as AGRICULTURAL_FIRE primarily based on: rural coordinates beyond active industrial buffers; low-intensity thermal signature (4.0 MW); isolated/spontaneous thermal occurrence. (Note: Statistical feature correlation, not verified physical causality)."
b7b6857362,25.98134,69.03048,AGRICULTURAL_FIRE,MODERATE,2.3,330.38,N21,2026-09-07 14:15:00 IST,1,FAC-003,Jamnagar Petrochemical & Flare Complex,industrial,404.017,LOW,LOW,NOISE,1,1.0,NOISE (1 hotspot),0.88,None (Open / Rural Area),,AGRICULTURAL_FIRE,1.0,"Event labeled as AGRICULTURAL_FIRE primarily based on: rural coordinates beyond active industrial buffers; low-intensity thermal signature (2.3 MW); isolated/spontaneous thermal occurrence. (Note: Statistical feature correlation, not verified physical causality)."
06d334b9c0,26.10309,69.05104,AGRICULTURAL_FIRE,MODERATE,4.2,334.92,N21,2026-09-07 14:15:00 IST,1,FAC-003,Jamnagar Petrochemical & Flare Complex,industrial,416.584,LOW,LOW,NOISE,1,1.0,NOISE (1 hotspot),0.88,None (Open / Rural Area),,AGRICULTURAL_FIRE,1.0,"Event labeled as AGRICULTURAL_FIRE primarily based on: rural coordinates beyond active industrial buffers; low-intensity thermal signature (4.2 MW); isolated/spontaneous thermal occurrence. (Note: Statistical feature correlation, not verified physical causality)."
75d8a088f9,31.12267,74.66468,AGRICULTURAL_FIRE,MODERATE,5.3,341.94,N21,2026-09-07 14:18:00 IST,1,FAC-004,Mathura Refinery (IOCL),industrial,490.257,LOW,LOW,CL-0029,3,1.0,CL-0029 (3 hotspots),0.88,None (Open / Rural Area),,AGRICULTURAL_FIRE,1.0,"Event labeled as AGRICULTURAL_FIRE primarily based on: rural coordinates beyond active industrial buffers; low-intensity thermal signature (5.3 MW); isolated/spontaneous thermal occurrence. (Note: Statistical feature correlation, not verified physical causality)."
8933c04932,31.25978,74.14223,AGRICULTURAL_FIRE,MODERATE,4.68,338.15,N21,2026-09-07 14:18:00 IST,1,FAC-004,Mathura Refinery (IOCL),industrial,533.588,LOW,LOW,NOISE,1,1.0,NOISE (1 hotspot),0.88,None (Open / Rural Area),,AGRICULTURAL_FIRE,1.0,"Event labeled as AGRICULTURAL_FIRE primarily based on: rural coordinates beyond active industrial buffers; low-intensity thermal signature (4.7 MW); isolated/spontaneous thermal occurrence. (Note: Statistical feature correlation, not verified physical causality)."
17a41e40c2,32.06182,69.6449,AGRICULTURAL_FIRE,MODERATE,7.08,344.4,N21,2026-09-07 14:18:00 IST,1,FAC-004,Mathura Refinery (IOCL),industrial,921.797,LOW,LOW,NOISE,1,1.0,NOISE (1 hotspot),0.88,None (Open / Rural Area),,AGRICULTURAL_FIRE,1.0,"Event labeled as AGRICULTURAL_FIRE primarily based on: rural coordinates beyond active industrial buffers; low-intensity thermal signature (7.1 MW); isolated/spontaneous thermal occurrence. (Note: Statistical feature correlation, not verified physical causality)."
9ee8b57891,32.58258,74.33222,AGRICULTURAL_FIRE,MODERATE,3.35,336.41,N21,2026-09-07 14:18:00 IST,2,FAC-004,Mathura Refinery (IOCL),industrial,642.197,LOW,LOW,CL-0030,2,1.0,CL-0030 (2 hotspots),0.88,None (Open / Rural Area),,AGRICULTURAL_FIRE,1.0,"Event labeled as AGRICULTURAL_FIRE primarily based on: rural coordinates beyond active industrial buffers; low-intensity thermal signature (3.4 MW); isolated/spontaneous thermal occurrence. (Note: Statistical feature correlation, not verified physical causality)."
24f5101901,32.58622,74.33195,AGRICULTURAL_FIRE,MODERATE,3.35,331.64,N21,2026-09-07 14:18:00 IST,2,FAC-004,Mathura Refinery (IOCL),industrial,642.556,LOW,LOW,CL-0030,2,1.0,CL-0030 (2 hotspots),0.88,None (Open / Rural Area),,AGRICULTURAL_FIRE,1.0,"Event labeled as AGRICULTURAL_FIRE primarily based on: rural coordinates beyond active industrial buffers; low-intensity thermal signature (3.4 MW); isolated/spontaneous thermal occurrence. (Note: Statistical feature correlation, not verified physical causality)."
7ee9a06aba,27.31742,95.26527,AGRICULTURAL_FIRE,MODERATE,2.94,318.26,N21,2026-09-08 01:00:00 IST,1,FAC-005,"Tata Steel Plant, Jamshedpur",industrial,1042.71,LOW,LOW,NOISE,1,1.0,NOISE (1 hotspot),0.88,None (Open / Rural Area),,AGRICULTURAL_FIRE,1.0,"Event labeled as AGRICULTURAL_FIRE primarily based on: rural coordinates beyond active industrial buffers; low-intensity thermal signature (2.9 MW); isolated/spontaneous thermal occurrence. (Note: Statistical feature correlation, not verified physical causality)."
f40cfca178,27.32616,95.27573,AGRICULTURAL_FIRE,MODERATE,1.99,307.73,N21,2026-09-08 01:00:00 IST,2,FAC-005,"Tata Steel Plant, Jamshedpur",industrial,1044.071,LOW,LOW,CL-0031,2,1.0,CL-0031 (2 hotspots),0.88,None (Open / Rural Area),,AGRICULTURAL_FIRE,1.0,"Event labeled as AGRICULTURAL_FIRE primarily based on: rural coordinates beyond active industrial buffers; low-intensity thermal signature (2.0 MW); isolated/spontaneous thermal occurrence. (Note: Statistical feature correlation, not verified physical causality)."
137358c540,27.37592,95.33641,AGRICULTURAL_FIRE,MODERATE,2.64,312.16,N21,2026-09-08 01:00:00 IST,1,FAC-005,"Tata Steel Plant, Jamshedpur",industrial,1051.916,LOW,LOW,CL-0032,2,1.0,CL-0032 (2 hotspots),0.88,None (Open / Rural Area),,AGRICULTURAL_FIRE,1.0,"Event labeled as AGRICULTURAL_FIRE primarily based on: rural coordinates beyond active industrial buffers; low-intensity thermal signature (2.6 MW); isolated/spontaneous thermal occurrence. (Note: Statistical feature correlation, not verified physical causality)."
100e214142,27.37664,95.33227,AGRICULTURAL_FIRE,MODERATE,2.69,317.79,N21,2026-09-08 01:00:00 IST,1,FAC-005,"Tata Steel Plant, Jamshedpur",industrial,1051.587,LOW,LOW,CL-0032,2,1.0,CL-0032 (2 hotspots),0.88,None (Open / Rural Area),,AGRICULTURAL_FIRE,1.0,"Event labeled as AGRICULTURAL_FIRE primarily based on: rural coordinates beyond active industrial buffers; low-intensity thermal signature (2.7 MW); isolated/spontaneous thermal occurrence. (Note: Statistical feature correlation, not verified physical causality)."
4324b88a8e,29.22552,88.3506,AGRICULTURAL_FIRE,MODERATE,1.09,295.45,N21,2026-09-08 01:00:00 IST,1,FAC-005,"Tata Steel Plant, Jamshedpur",industrial,745.982,LOW,LOW,NOISE,1,1.0,NOISE (1 hotspot),0.88,None (Open / Rural Area),,AGRICULTURAL_FIRE,0.9918,"Event labeled as AGRICULTURAL_FIRE primarily based on: rural coordinates beyond active industrial buffers; low-intensity thermal signature (1.1 MW); isolated/spontaneous thermal occurrence. (Note: Statistical feature correlation, not verified physical causality)."
ef21a97204,29.65943,90.90099,AGRICULTURAL_FIRE,MODERATE,1.19,301.3,N21,2026-09-08 01:00:00 IST,2,FAC-005,"Tata Steel Plant, Jamshedpur",industrial,895.394,LOW,LOW,CL-0033,2,1.0,CL-0033 (2 hotspots),0.88,None (Open / Rural Area),,AGRICULTURAL_FIRE,0.9918,"Event labeled as AGRICULTURAL_FIRE primarily based on: rural coordinates beyond active industrial buffers; low-intensity thermal signature (1.2 MW); isolated/spontaneous thermal occurrence. (Note: Statistical feature correlation, not verified physical causality)."
8ac5c2455f,29.66233,90.90582,AGRICULTURAL_FIRE,MODERATE,1.26,302.66,N21,2026-09-08 01:00:00 IST,2,FAC-005,"Tata Steel Plant, Jamshedpur",industrial,895.918,LOW,LOW,CL-0033,2,1.0,CL-0033 (2 hotspots),0.88,None (Open / Rural Area),,AGRICULTURAL_FIRE,1.0,"Event labeled as AGRICULTURAL_FIRE primarily based on: rural coordinates beyond active industrial buffers; low-intensity thermal signature (1.3 MW); isolated/spontaneous thermal occurrence. (Note: Statistical feature correlation, not verified physical causality)."
f95916d611,20.75782,85.29731,AGRICULTURAL_FIRE,MODERATE,1.97,305.4,N21,2026-09-08 01:02:00 IST,2,FAC-006,Kalinganagar Industrial Corridor,industrial,72.246,LOW,LOW,CL-0034,3,1.0,CL-0034 (3 hotspots),0.88,None (Open / Rural Area),,AGRICULTURAL_FIRE,1.0,"Event labeled as AGRICULTURAL_FIRE primarily based on: rural coordinates beyond active industrial buffers; low-intensity thermal signature (2.0 MW); isolated/spontaneous thermal occurrence. (Note: Statistical feature correlation, not verified physical causality)."
10dc2addac,20.75834,85.29301,AGRICULTURAL_FIRE,MODERATE,3.7,308.63,N21,2026-09-08 01:02:00 IST,2,FAC-006,Kalinganagar Industrial Corridor,industrial,72.66,LOW,LOW,CL-0034,3,1.0,CL-0034 (3 hotspots),0.88,None (Open / Rural Area),,AGRICULTURAL_FIRE,1.0,"Event labeled as AGRICULTURAL_FIRE primarily based on: rural coordinates beyond active industrial buffers; low-intensity thermal signature (3.7 MW); isolated/spontaneous thermal occurrence. (Note: Statistical feature correlation, not verified physical causality)."
954219cd69,20.76207,85.29778,AGRICULTURAL_FIRE,MODERATE,1.97,305.05,N21,2026-09-08 01:02:00 IST,1,FAC-006,Kalinganagar Industrial Corridor,industrial,72.071,LOW,LOW,CL-0034,3,1.0,CL-0034 (3 hotspots),0.88,None (Open / Rural Area),,AGRICULTURAL_FIRE,1.0,"Event labeled as AGRICULTURAL_FIRE primarily based on: rural coordinates beyond active industrial buffers; low-intensity thermal signature (2.0 MW); isolated/spontaneous thermal occurrence. (Note: Statistical feature correlation, not verified physical causality)."
d0e6a87b95,20.78339,85.26167,AGRICULTURAL_FIRE,MODERATE,4.05,309.48,N21,2026-09-08 01:02:00 IST,6,FAC-006,Kalinganagar Industrial Corridor,industrial,75.131,LOW,LOW,CL-0035,2,1.0,CL-0035 (2 hotspots),0.88,None (Open / Rural Area),,AGRICULTURAL_FIRE,0.9773,"Event labeled as AGRICULTURAL_FIRE primarily based on: rural coordinates beyond active industrial buffers; low-intensity thermal signature (4.0 MW); repeated temporal persistence (6 recorded events). (Note: Statistical feature correlation, not verified physical causality)."
685af46cbb,20.7837,85.26202,AGRICULTURAL_FIRE,MODERATE,3.75,313.38,N21,2026-09-08 01:02:00 IST,6,FAC-006,Kalinganagar Industrial Corridor,industrial,75.087,LOW,LOW,CL-0035,2,1.0,CL-0035 (2 hotspots),0.88,None (Open / Rural Area),,AGRICULTURAL_FIRE,0.9856,"Event labeled as AGRICULTURAL_FIRE primarily based on: rural coordinates beyond active industrial buffers; low-intensity thermal signature (3.8 MW); repeated temporal persistence (6 recorded events). (Note: Statistical feature correlation, not verified physical causality)."
bd8cc2e5f0,20.79287,85.25444,AGRICULTURAL_FIRE,MODERATE,9.84,338.42,N21,2026-09-08 01:02:00 IST,6,FAC-006,Kalinganagar Industrial Corridor,industrial,75.636,LOW,LOW,CL-0003,5,1.0,CL-0003 (5 hotspots),0.88,None (Open / Rural Area),,AGRICULTURAL_FIRE,0.9856,"Event labeled as AGRICULTURAL_FIRE primarily based on: rural coordinates beyond active industrial buffers; low-intensity thermal signature (9.8 MW); repeated temporal persistence (6 recorded events). (Note: Statistical feature correlation, not verified physical causality)."
0f428487ed,20.79323,85.25481,AGRICULTURAL_FIRE,MODERATE,8.31,337.99,N21,2026-09-08 01:02:00 IST,6,FAC-006,Kalinganagar Industrial Corridor,industrial,75.59,LOW,LOW,CL-0003,5,1.0,CL-0003 (5 hotspots),0.88,None (Open / Rural Area),,AGRICULTURAL_FIRE,0.9856,"Event labeled as AGRICULTURAL_FIRE primarily based on: rural coordinates beyond active industrial buffers; low-intensity thermal signature (8.3 MW); repeated temporal persistence (6 recorded events). (Note: Statistical feature correlation, not verified physical causality)."
424b8bdc10,20.80563,85.25608,AGRICULTURAL_FIRE,MODERATE,5.55,322.07,N21,2026-09-08 01:02:00 IST,3,FAC-006,Kalinganagar Industrial Corridor,industrial,75.186,LOW,LOW,CL-0036,3,1.0,CL-0036 (3 hotspots),0.88,None (Open / Rural Area),,AGRICULTURAL_FIRE,1.0,"Event labeled as AGRICULTURAL_FIRE primarily based on: rural coordinates beyond active industrial buffers; low-intensity thermal signature (5.5 MW); repeated temporal persistence (3 recorded events). (Note: Statistical feature correlation, not verified physical causality)."
b600e80ea7,20.8626,84.99263,AGRICULTURAL_FIRE,MODERATE,2.96,307.0,N21,2026-09-08 01:02:00 IST,4,FAC-006,Kalinganagar Industrial Corridor,industrial,101.492,LOW,LOW,CL-0004,6,1.0,CL-0004 (6 hotspots),0.88,None (Open / Rural Area),,AGRICULTURAL_FIRE,0.9856,"Event labeled as AGRICULTURAL_FIRE primarily based on: rural coordinates beyond active industrial buffers; low-intensity thermal signature (3.0 MW); repeated temporal persistence (4 recorded events). (Note: Statistical feature correlation, not verified physical causality)."
76b5377eed,20.86311,84.9883,AGRICULTURAL_FIRE,MODERATE,2.96,335.65,N21,2026-09-08 01:02:00 IST,4,FAC-006,Kalinganagar Industrial Corridor,industrial,101.935,LOW,LOW,CL-0004,6,1.0,CL-0004 (6 hotspots),0.88,None (Open / Rural Area),,AGRICULTURAL_FIRE,0.9927,"Event labeled as AGRICULTURAL_FIRE primarily based on: rural coordinates beyond active industrial buffers; low-intensity thermal signature (3.0 MW); repeated temporal persistence (4 recorded events). (Note: Statistical feature correlation, not verified physical causality)."
2d41a7988b,20.86642,84.99756,AGRICULTURAL_FIRE,MODERATE,2.84,306.39,N21,2026-09-08 01:02:00 IST,2,FAC-006,Kalinganagar Industrial Corridor,industrial,100.947,LOW,LOW,CL-0004,6,1.0,CL-0004 (6 hotspots),0.88,None (Open / Rural Area),,AGRICULTURAL_FIRE,1.0,"Event labeled as AGRICULTURAL_FIRE primarily based on: rural coordinates beyond active industrial buffers; low-intensity thermal signature (2.8 MW); isolated/spontaneous thermal occurrence. (Note: Statistical feature correlation, not verified physical causality)."
4565780852,20.87075,84.99813,AGRICULTURAL_FIRE,MODERATE,2.84,317.91,N21,2026-09-08 01:02:00 IST,2,FAC-006,Kalinganagar Industrial Corridor,industrial,100.853,LOW,LOW,CL-0004,6,1.0,CL-0004 (6 hotspots),0.88,None (Open / Rural Area),,AGRICULTURAL_FIRE,1.0,"Event labeled as AGRICULTURAL_FIRE primarily based on: rural coordinates beyond active industrial buffers; low-intensity thermal signature (2.8 MW); isolated/spontaneous thermal occurrence. (Note: Statistical feature correlation, not verified physical causality)."
f9df20db85,20.87126,84.9938,AGRICULTURAL_FIRE,MODERATE,7.29,335.78,N21,2026-09-08 01:02:00 IST,4,FAC-006,Kalinganagar Industrial Corridor,industrial,101.297,LOW,LOW,CL-0004,6,1.0,CL-0004 (6 hotspots),0.88,None (Open / Rural Area),,AGRICULTURAL_FIRE,0.9856,"Event labeled as AGRICULTURAL_FIRE primarily based on: rural coordinates beyond active industrial buffers; low-intensity thermal signature (7.3 MW); repeated temporal persistence (4 recorded events). (Note: Statistical feature correlation, not verified physical causality)."
4143dfdb14,20.88581,84.98227,AGRICULTURAL_FIRE,MODERATE,2.76,316.6,N21,2026-09-08 01:02:00 IST,1,FAC-006,Kalinganagar Industrial Corridor,industrial,102.391,LOW,LOW,CL-0037,2,1.0,CL-0037 (2 hotspots),0.88,None (Open / Rural Area),,AGRICULTURAL_FIRE,1.0,"Event labeled as AGRICULTURAL_FIRE primarily based on: rural coordinates beyond active industrial buffers; low-intensity thermal signature (2.8 MW); isolated/spontaneous thermal occurrence. (Note: Statistical feature correlation, not verified physical causality)."
b398cc5f06,20.89015,84.9828,AGRICULTURAL_FIRE,MODERATE,2.76,323.51,N21,2026-09-08 01:02:00 IST,1,FAC-006,Kalinganagar Industrial Corridor,industrial,102.311,LOW,LOW,CL-0037,2,1.0,CL-0037 (2 hotspots),0.88,None (Open / Rural Area),,AGRICULTURAL_FIRE,1.0,"Event labeled as AGRICULTURAL_FIRE primarily based on: rural coordinates beyond active industrial buffers; low-intensity thermal signature (2.8 MW); isolated/spontaneous thermal occurrence. (Note: Statistical feature correlation, not verified physical causality)."
8a619f1540,20.95461,85.01144,AGRICULTURAL_FIRE,MODERATE,3.0,309.47,N21,2026-09-08 01:02:00 IST,1,FAC-006,Kalinganagar Industrial Corridor,industrial,99.23,LOW,LOW,NOISE,1,1.0,NOISE (1 hotspot),0.88,None (Open / Rural Area),,AGRICULTURAL_FIRE,1.0,"Event labeled as AGRICULTURAL_FIRE primarily based on: rural coordinates beyond active industrial buffers; low-intensity thermal signature (3.0 MW); isolated/spontaneous thermal occurrence. (Note: Statistical feature correlation, not verified physical causality)."
481f3245c3,20.96004,85.18867,AGRICULTURAL_FIRE,MODERATE,1.83,306.86,N21,2026-09-08 01:02:00 IST,3,FAC-006,Kalinganagar Industrial Corridor,industrial,80.85,LOW,LOW,CL-0005,33,1.0,CL-0005 (33 hotspots),0.88,None (Open / Rural Area),,AGRICULTURAL_FIRE,1.0,"Event labeled as AGRICULTURAL_FIRE primarily based on: rural coordinates beyond active industrial buffers; low-intensity thermal signature (1.8 MW); repeated temporal persistence (3 recorded events). (Note: Statistical feature correlation, not verified physical causality)."
715b7ee2b6,20.96054,85.18441,AGRICULTURAL_FIRE,MODERATE,1.83,308.3,N21,2026-09-08 01:02:00 IST,3,FAC-006,Kalinganagar Industrial Corridor,industrial,81.294,LOW,LOW,CL-0005,33,1.0,CL-0005 (33 hotspots),0.88,None (Open / Rural Area),,AGRICULTURAL_FIRE,1.0,"Event labeled as AGRICULTURAL_FIRE primarily based on: rural coordinates beyond active industrial buffers; low-intensity thermal signature (1.8 MW); repeated temporal persistence (3 recorded events). (Note: Statistical feature correlation, not verified physical causality)."
817b4ca712,20.96156,85.17583,AGRICULTURAL_FIRE,MODERATE,5.26,311.0,N21,2026-09-08 01:02:00 IST,4,FAC-006,Kalinganagar Industrial Corridor,industrial,82.189,LOW,LOW,CL-0005,33,1.0,CL-0005 (33 hotspots),0.88,None (Open / Rural Area),,AGRICULTURAL_FIRE,0.9856,"Event labeled as AGRICULTURAL_FIRE primarily based on: rural coordinates beyond active industrial buffers; low-intensity thermal signature (5.3 MW); repeated temporal persistence (4 recorded events). (Note: Statistical feature correlation, not verified physical causality)."
f35925fda8,20.96207,85.17151,AGRICULTURAL_FIRE,MODERATE,2.02,313.81,N21,2026-09-08 01:02:00 IST,4,FAC-006,Kalinganagar Industrial Corridor,industrial,82.639,LOW,LOW,CL-0005,33,1.0,CL-0005 (33 hotspots),0.88,None (Open / Rural Area),,AGRICULTURAL_FIRE,0.9927,"Event labeled as AGRICULTURAL_FIRE primarily based on: rural coordinates beyond active industrial buffers; low-intensity thermal signature (2.0 MW); repeated temporal persistence (4 recorded events). (Note: Statistical feature correlation, not verified physical causality)."
c5653d58bc,20.96258,85.16721,AGRICULTURAL_FIRE,MODERATE,2.02,310.18,N21,2026-09-08 01:02:00 IST,18,FAC-006,Kalinganagar Industrial Corridor,industrial,83.087,LOW,LOW,CL-0005,33,1.0,CL-0005 (33 hotspots),0.88,None (Open / Rural Area),,AGRICULTURAL_FIRE,0.9927,"Event labeled as AGRICULTURAL_FIRE primarily based on: rural coordinates beyond active industrial buffers; low-intensity thermal signature (2.0 MW); repeated temporal persistence (18 recorded events). (Note: Statistical feature correlation, not verified physical causality)."
3081d21b38,20.9631,85.16286,AGRICULTURAL_FIRE,MODERATE,3.84,313.34,N21,2026-09-08 01:02:00 IST,18,FAC-006,Kalinganagar Industrial Corridor,industrial,83.541,LOW,LOW,CL-0005,33,1.0,CL-0005 (33 hotspots),0.88,None (Open / Rural Area),,AGRICULTURAL_FIRE,0.9856,"Event labeled as AGRICULTURAL_FIRE primarily based on: rural coordinates beyond active industrial buffers; low-intensity thermal signature (3.8 MW); repeated temporal persistence (18 recorded events). (Note: Statistical feature correlation, not verified physical causality)."
b5e3bb33ea,20.96432,85.18922,AGRICULTURAL_FIRE,MODERATE,1.83,317.49,N21,2026-09-08 01:02:00 IST,7,FAC-006,Kalinganagar Industrial Corridor,industrial,80.811,LOW,LOW,CL-0005,33,1.0,CL-0005 (33 hotspots),0.88,None (Open / Rural Area),,AGRICULTURAL_FIRE,0.9927,"Event labeled as AGRICULTURAL_FIRE primarily based on: rural coordinates beyond active industrial buffers; low-intensity thermal signature (1.8 MW); repeated temporal persistence (7 recorded events). (Note: Statistical feature correlation, not verified physical causality)."
1452985492,20.96482,85.18497,AGRICULTURAL_FIRE,MODERATE,1.83,310.34,N21,2026-09-08 01:02:00 IST,7,FAC-006,Kalinganagar Industrial Corridor,industrial,81.254,LOW,LOW,CL-0005,33,1.0,CL-0005 (33 hotspots),0.88,None (Open / Rural Area),,AGRICULTURAL_FIRE,0.9927,"Event labeled as AGRICULTURAL_FIRE primarily based on: rural coordinates beyond active industrial buffers; low-intensity thermal signature (1.8 MW); repeated temporal persistence (7 recorded events). (Note: Statistical feature correlation, not verified physical causality)."
148b4214b3,20.96636,85.17205,AGRICULTURAL_FIRE,MODERATE,2.02,306.14,N21,2026-09-08 01:02:00 IST,18,FAC-006,Kalinganagar Industrial Corridor,industrial,82.602,LOW,LOW,CL-0005,33,1.0,CL-0005 (33 hotspots),0.88,None (Open / Rural Area),,AGRICULTURAL_FIRE,0.9927,"Event labeled as AGRICULTURAL_FIRE primarily based on: rural coordinates beyond active industrial buffers; low-intensity thermal signature (2.0 MW); repeated temporal persistence (18 recorded events). (Note: Statistical feature correlation, not verified physical causality)."
9071db6e92,20.96688,85.16772,AGRICULTURAL_FIRE,MODERATE,2.02,312.46,N21,2026-09-08 01:02:00 IST,18,FAC-006,Kalinganagar Industrial Corridor,industrial,83.053,LOW,LOW,CL-0005,33,1.0,CL-0005 (33 hotspots),0.88,None (Open / Rural Area),,AGRICULTURAL_FIRE,0.9927,"Event labeled as AGRICULTURAL_FIRE primarily based on: rural coordinates beyond active industrial buffers; low-intensity thermal signature (2.0 MW); repeated temporal persistence (18 recorded events). (Note: Statistical feature correlation, not verified physical causality)."
8c18a07e22,20.96842,85.15473,AGRICULTURAL_FIRE,MODERATE,4.81,322.83,N21,2026-09-08 01:02:00 IST,4,FAC-006,Kalinganagar Industrial Corridor,industrial,84.408,LOW,LOW,CL-0038,4,1.0,CL-0038 (4 hotspots),0.88,None (Open / Rural Area),,AGRICULTURAL_FIRE,0.9856,"Event labeled as AGRICULTURAL_FIRE primarily based on: rural coordinates beyond active industrial buffers; low-intensity thermal signature (4.8 MW); repeated temporal persistence (4 recorded events). (Note: Statistical feature correlation, not verified physical causality)."
88903ec514,20.97013,85.17691,AGRICULTURAL_FIRE,MODERATE,6.27,330.66,N21,2026-09-08 01:02:00 IST,18,FAC-006,Kalinganagar Industrial Corridor,industrial,82.116,LOW,LOW,CL-0005,33,1.0,CL-0005 (33 hotspots),0.88,None (Open / Rural Area),,AGRICULTURAL_FIRE,0.9856,"Event labeled as AGRICULTURAL_FIRE primarily based on: rural coordinates beyond active industrial buffers; low-intensity thermal signature (6.3 MW); repeated temporal persistence (18 recorded events). (Note: Statistical feature correlation, not verified physical causality)."
1d4be4606c,20.97494,85.17311,AGRICULTURAL_FIRE,MODERATE,3.35,312.08,N21,2026-09-08 01:02:00 IST,18,FAC-006,Kalinganagar Industrial Corridor,industrial,82.537,LOW,LOW,CL-0005,33,1.0,CL-0005 (33 hotspots),0.88,None (Open / Rural Area),,AGRICULTURAL_FIRE,0.9856,"Event labeled as AGRICULTURAL_FIRE primarily based on: rural coordinates beyond active industrial buffers; low-intensity thermal signature (3.4 MW); repeated temporal persistence (18 recorded events). (Note: Statistical feature correlation, not verified physical causality)."
827f35e68c,20.97546,85.16879,AGRICULTURAL_FIRE,MODERATE,3.35,311.99,N21,2026-09-08 01:02:00 IST,18,FAC-006,Kalinganagar Industrial Corridor,industrial,82.988,LOW,LOW,CL-0005,33,1.0,CL-0005 (33 hotspots),0.88,None (Open / Rural Area),,AGRICULTURAL_FIRE,0.9856,"Event labeled as AGRICULTURAL_FIRE primarily based on: rural coordinates beyond active industrial buffers; low-intensity thermal signature (3.4 MW); repeated temporal persistence (18 recorded events). (Note: Statistical feature correlation, not verified physical causality)."
a3eaafafc2,21.07166,85.04259,AGRICULTURAL_FIRE,MODERATE,3.2,306.27,N21,2026-09-08 01:02:00 IST,3,FAC-006,Kalinganagar Industrial Corridor,industrial,97.156,LOW,LOW,CL-0039,5,1.0,CL-0039 (5 hotspots),0.88,None (Open / Rural Area),,AGRICULTURAL_FIRE,1.0,"Event labeled as AGRICULTURAL_FIRE primarily based on: rural coordinates beyond active industrial buffers; low-intensity thermal signature (3.2 MW); repeated temporal persistence (3 recorded events). (Note: Statistical feature correlation, not verified physical causality)."
6e7e2ef0a9,21.07547,85.04758,AGRICULTURAL_FIRE,MODERATE,3.25,305.71,N21,2026-09-08 01:02:00 IST,3,FAC-006,Kalinganagar Industrial Corridor,industrial,96.711,LOW,LOW,CL-0039,5,1.0,CL-0039 (5 hotspots),0.88,None (Open / Rural Area),,AGRICULTURAL_FIRE,1.0,"Event labeled as AGRICULTURAL_FIRE primarily based on: rural coordinates beyond active industrial buffers; low-intensity thermal signature (3.2 MW); repeated temporal persistence (3 recorded events). (Note: Statistical feature correlation, not verified physical causality)."
c01264a1aa,21.07599,85.04311,AGRICULTURAL_FIRE,MODERATE,2.87,308.78,N21,2026-09-08 01:02:00 IST,3,FAC-006,Kalinganagar Industrial Corridor,industrial,97.178,LOW,LOW,CL-0039,5,1.0,CL-0039 (5 hotspots),0.88,None (Open / Rural Area),,AGRICULTURAL_FIRE,1.0,"Event labeled as AGRICULTURAL_FIRE primarily based on: rural coordinates beyond active industrial buffers; low-intensity thermal signature (2.9 MW); repeated temporal persistence (3 recorded events). (Note: Statistical feature correlation, not verified physical causality)."
6a40cf267e,21.07651,85.03867,AGRICULTURAL_FIRE,MODERATE,2.87,315.46,N21,2026-09-08 01:02:00 IST,2,FAC-006,Kalinganagar Industrial Corridor,industrial,97.642,LOW,LOW,CL-0039,5,1.0,CL-0039 (5 hotspots),0.88,None (Open / Rural Area),,AGRICULTURAL_FIRE,1.0,"Event labeled as AGRICULTURAL_FIRE primarily based on: rural coordinates beyond active industrial buffers; low-intensity thermal signature (2.9 MW); isolated/spontaneous thermal occurrence. (Note: Statistical feature correlation, not verified physical causality)."
2b993d9b87,21.08136,85.03483,AGRICULTURAL_FIRE,MODERATE,4.23,307.16,N21,2026-09-08 01:02:00 IST,2,FAC-006,Kalinganagar Industrial Corridor,industrial,98.123,LOW,LOW,CL-0039,5,1.0,CL-0039 (5 hotspots),0.88,None (Open / Rural Area),,AGRICULTURAL_FIRE,1.0,"Event labeled as AGRICULTURAL_FIRE primarily based on: rural coordinates beyond active industrial buffers; low-intensity thermal signature (4.2 MW); isolated/spontaneous thermal occurrence. (Note: Statistical feature correlation, not verified physical causality)."
bd528a6024,21.18266,81.38652,INDUSTRIAL_FLARE,LOW,1.84,300.42,N21,2026-09-08 01:02:00 IST,4,FAC-007,Bhilai Steel Complex,industrial,1.06,HIGH,HIGH,CL-0040,5,1.0,CL-0040 (5 hotspots),0.92,Bhilai Steel Complex,1.06,INDUSTRIAL_FLARE,0.8894,"Event labeled as INDUSTRIAL_FLARE primarily based on: spatial proximity to an industrial facility (1.06 km); low-intensity thermal signature (1.8 MW); repeated temporal persistence (4 recorded events). (Note: Statistical feature correlation, not verified physical causality)."
50a1c392a6,21.18779,81.39091,INDUSTRIAL_FLARE,LOW,0.92,297.45,N21,2026-09-08 01:02:00 IST,1,FAC-007,Bhilai Steel Complex,industrial,1.158,HIGH,HIGH,CL-0040,5,1.0,CL-0040 (5 hotspots),0.92,Bhilai Steel Complex,1.16,INDUSTRIAL_FLARE,0.8497,"Event labeled as INDUSTRIAL_FLARE primarily based on: spatial proximity to an industrial facility (1.16 km); low-intensity thermal signature (0.9 MW); isolated/spontaneous thermal occurrence. (Note: Statistical feature correlation, not verified physical causality)."
43b04a802b,21.3091,81.59063,AGRICULTURAL_FIRE,MODERATE,1.06,298.73,N21,2026-09-08 01:02:00 IST,2,FAC-007,Bhilai Steel Complex,industrial,25.532,LOW,LOW,CL-0041,2,1.0,CL-0041 (2 hotspots),0.88,None (Open / Rural Area),,AGRICULTURAL_FIRE,0.9918,"Event labeled as AGRICULTURAL_FIRE primarily based on: rural coordinates beyond active industrial buffers; low-intensity thermal signature (1.1 MW); isolated/spontaneous thermal occurrence. (Note: Statistical feature correlation, not verified physical causality)."
54eab7a921,21.33561,78.96673,AGRICULTURAL_FIRE,MODERATE,2.93,307.5,N21,2026-09-08 01:02:00 IST,1,FAC-007,Bhilai Steel Complex,industrial,250.598,LOW,LOW,CL-0042,5,1.0,CL-0042 (5 hotspots),0.88,None (Open / Rural Area),,AGRICULTURAL_FIRE,1.0,"Event labeled as AGRICULTURAL_FIRE primarily based on: rural coordinates beyond active industrial buffers; low-intensity thermal signature (2.9 MW); isolated/spontaneous thermal occurrence. (Note: Statistical feature correlation, not verified physical causality)."
a53655cc8b,21.33755,78.9687,AGRICULTURAL_FIRE,MODERATE,2.75,313.83,N21,2026-09-08 01:02:00 IST,2,FAC-007,Bhilai Steel Complex,industrial,250.407,LOW,LOW,CL-0042,5,1.0,CL-0042 (5 hotspots),0.88,None (Open / Rural Area),,AGRICULTURAL_FIRE,1.0,"Event labeled as AGRICULTURAL_FIRE primarily based on: rural coordinates beyond active industrial buffers; low-intensity thermal signature (2.8 MW); isolated/spontaneous thermal occurrence. (Note: Statistical feature correlation, not verified physical causality)."
0f0ee3a233,21.36597,81.68304,AGRICULTURAL_FIRE,MODERATE,0.47,297.76,N21,2026-09-08 01:02:00 IST,1,FAC-007,Bhilai Steel Complex,industrial,36.997,LOW,LOW,NOISE,1,1.0,NOISE (1 hotspot),0.88,None (Open / Rural Area),,AGRICULTURAL_FIRE,1.0,"Event labeled as AGRICULTURAL_FIRE primarily based on: rural coordinates beyond active industrial buffers; low-intensity thermal signature (0.5 MW); isolated/spontaneous thermal occurrence. (Note: Statistical feature correlation, not verified physical causality)."
379821a8c9,21.37718,81.68044,AGRICULTURAL_FIRE,MODERATE,1.63,307.24,N21,2026-09-08 01:02:00 IST,3,FAC-007,Bhilai Steel Complex,industrial,37.446,LOW,LOW,CL-0043,3,1.0,CL-0043 (3 hotspots),0.88,None (Open / Rural Area),,AGRICULTURAL_FIRE,1.0,"Event labeled as AGRICULTURAL_FIRE primarily based on: rural coordinates beyond active industrial buffers; low-intensity thermal signature (1.6 MW); repeated temporal persistence (3 recorded events). (Note: Statistical feature correlation, not verified physical causality)."
9b68e5bd3d,21.37957,81.68008,AGRICULTURAL_FIRE,MODERATE,0.25,298.36,N21,2026-09-08 01:02:00 IST,3,FAC-007,Bhilai Steel Complex,industrial,37.563,LOW,LOW,CL-0043,3,1.0,CL-0043 (3 hotspots),0.88,None (Open / Rural Area),,AGRICULTURAL_FIRE,1.0,"Event labeled as AGRICULTURAL_FIRE primarily based on: rural coordinates beyond active industrial buffers; low-intensity thermal signature (0.2 MW); repeated temporal persistence (3 recorded events). (Note: Statistical feature correlation, not verified physical causality)."
9941b5c138,21.38556,81.65132,AGRICULTURAL_FIRE,MODERATE,2.01,302.29,N21,2026-09-08 01:02:00 IST,2,FAC-007,Bhilai Steel Complex,industrial,35.54,LOW,LOW,CL-0044,2,1.0,CL-0044 (2 hotspots),0.88,None (Open / Rural Area),,AGRICULTURAL_FIRE,0.9918,"Event labeled as AGRICULTURAL_FIRE primarily based on: rural coordinates beyond active industrial buffers; low-intensity thermal signature (2.0 MW); isolated/spontaneous thermal occurrence. (Note: Statistical feature correlation, not verified physical causality)."
4b2e0f49cb,21.4856,81.76935,AGRICULTURAL_FIRE,MODERATE,1.18,308.9,N21,2026-09-08 01:02:00 IST,2,FAC-007,Bhilai Steel Complex,industrial,52.025,LOW,LOW,CL-0045,3,1.0,CL-0045 (3 hotspots),0.88,None (Open / Rural Area),,AGRICULTURAL_FIRE,1.0,"Event labeled as AGRICULTURAL_FIRE primarily based on: rural coordinates beyond active industrial buffers; low-intensity thermal signature (1.2 MW); isolated/spontaneous thermal occurrence. (Note: Statistical feature correlation, not verified physical causality)."
291205d009,21.48848,81.76777,AGRICULTURAL_FIRE,MODERATE,0.95,307.39,N21,2026-09-08 01:02:00 IST,1,FAC-007,Bhilai Steel Complex,industrial,52.101,LOW,LOW,CL-0045,3,1.0,CL-0045 (3 hotspots),0.88,None (Open / Rural Area),,AGRICULTURAL_FIRE,0.9918,"Event labeled as AGRICULTURAL_FIRE primarily based on: rural coordinates beyond active industrial buffers; low-intensity thermal signature (0.9 MW); isolated/spontaneous thermal occurrence. (Note: Statistical feature correlation, not verified physical causality)."
573f532a83,21.61971,81.79224,AGRICULTURAL_FIRE,MODERATE,1.01,305.05,N21,2026-09-08 01:02:00 IST,1,FAC-007,Bhilai Steel Complex,industrial,64.066,LOW,LOW,NOISE,1,1.0,NOISE (1 hotspot),0.88,None (Open / Rural Area),,AGRICULTURAL_FIRE,1.0,"Event labeled as AGRICULTURAL_FIRE primarily based on: rural coordinates beyond active industrial buffers; low-intensity thermal signature (1.0 MW); isolated/spontaneous thermal occurrence. (Note: Statistical feature correlation, not verified physical causality)."
99dff57bba,21.67357,84.0414,AGRICULTURAL_FIRE,MODERATE,2.61,304.03,N21,2026-09-08 01:02:00 IST,2,FAC-006,Kalinganagar Industrial Corridor,industrial,215.77,LOW,LOW,CL-0046,3,1.0,CL-0046 (3 hotspots),0.88,None (Open / Rural Area),,AGRICULTURAL_FIRE,1.0,"Event labeled as AGRICULTURAL_FIRE primarily based on: rural coordinates beyond active industrial buffers; low-intensity thermal signature (2.6 MW); isolated/spontaneous thermal occurrence. (Note: Statistical feature correlation, not verified physical causality)."
ef934700fb,21.67879,84.03669,AGRICULTURAL_FIRE,MODERATE,3.53,312.44,N21,2026-09-08 01:02:00 IST,1,FAC-006,Kalinganagar Industrial Corridor,industrial,216.44,LOW,LOW,CL-0046,3,1.0,CL-0046 (3 hotspots),0.88,None (Open / Rural Area),,AGRICULTURAL_FIRE,1.0,"Event labeled as AGRICULTURAL_FIRE primarily based on: rural coordinates beyond active industrial buffers; low-intensity thermal signature (3.5 MW); isolated/spontaneous thermal occurrence. (Note: Statistical feature correlation, not verified physical causality)."
5d91939a59,21.67999,84.04037,AGRICULTURAL_FIRE,MODERATE,3.42,309.32,N21,2026-09-08 01:02:00 IST,2,FAC-006,Kalinganagar Industrial Corridor,industrial,216.138,LOW,LOW,CL-0046,3,1.0,CL-0046 (3 hotspots),0.88,None (Open / Rural Area),,AGRICULTURAL_FIRE,1.0,"Event labeled as AGRICULTURAL_FIRE primarily based on: rural coordinates beyond active industrial buffers; low-intensity thermal signature (3.4 MW); isolated/spontaneous thermal occurrence. (Note: Statistical feature correlation, not verified physical causality)."
024f971c0a,21.7425,83.84057,AGRICULTURAL_FIRE,MODERATE,2.97,307.16,N21,2026-09-08 01:02:00 IST,5,FAC-006,Kalinganagar Industrial Corridor,industrial,237.879,LOW,LOW,CL-0047,7,1.0,CL-0047 (7 hotspots),0.88,None (Open / Rural Area),,AGRICULTURAL_FIRE,0.9856,"Event labeled as AGRICULTURAL_FIRE primarily based on: rural coordinates beyond active industrial buffers; low-intensity thermal signature (3.0 MW); repeated temporal persistence (5 recorded events). (Note: Statistical feature correlation, not verified physical causality)."
769853d3fc,21.74723,83.84109,AGRICULTURAL_FIRE,MODERATE,4.12,318.11,N21,2026-09-08 01:02:00 IST,5,FAC-006,Kalinganagar Industrial Corridor,industrial,238.025,LOW,LOW,CL-0047,7,1.0,CL-0047 (7 hotspots),0.88,None (Open / Rural Area),,AGRICULTURAL_FIRE,0.9856,"Event labeled as AGRICULTURAL_FIRE primarily based on: rural coordinates beyond active industrial buffers; low-intensity thermal signature (4.1 MW); repeated temporal persistence (5 recorded events). (Note: Statistical feature correlation, not verified physical causality)."
afb6ab2262,21.75669,83.84213,AGRICULTURAL_FIRE,MODERATE,2.66,308.73,N21,2026-09-08 01:02:00 IST,5,FAC-006,Kalinganagar Industrial Corridor,industrial,238.321,LOW,LOW,CL-0047,7,1.0,CL-0047 (7 hotspots),0.88,None (Open / Rural Area),,AGRICULTURAL_FIRE,0.9856,"Event labeled as AGRICULTURAL_FIRE primarily based on: rural coordinates beyond active industrial buffers; low-intensity thermal signature (2.7 MW); repeated temporal persistence (5 recorded events). (Note: Statistical feature correlation, not verified physical causality)."
f8fb4eff93,21.76084,83.84806,AGRICULTURAL_FIRE,MODERATE,2.66,311.27,N21,2026-09-08 01:02:00 IST,1,FAC-006,Kalinganagar Industrial Corridor,industrial,237.929,LOW,LOW,CL-0047,7,1.0,CL-0047 (7 hotspots),0.88,None (Open / Rural Area),,AGRICULTURAL_FIRE,1.0,"Event labeled as AGRICULTURAL_FIRE primarily based on: rural coordinates beyond active industrial buffers; low-intensity thermal signature (2.7 MW); isolated/spontaneous thermal occurrence. (Note: Statistical feature correlation, not verified physical causality)."
967d469d5d,21.79066,80.01683,AGRICULTURAL_FIRE,MODERATE,2.2,306.09,N21,2026-09-08 01:02:00 IST,1,FAC-007,Bhilai Steel Complex,industrial,156.054,LOW,LOW,NOISE,1,1.0,NOISE (1 hotspot),0.88,None (Open / Rural Area),,AGRICULTURAL_FIRE,1.0,"Event labeled as AGRICULTURAL_FIRE primarily based on: rural coordinates beyond active industrial buffers; low-intensity thermal signature (2.2 MW); isolated/spontaneous thermal occurrence. (Note: Statistical feature correlation, not verified physical causality)."
33219734f0,21.79503,83.8849,AGRICULTURAL_FIRE,MODERATE,2.26,305.3,N21,2026-09-08 01:02:00 IST,1,FAC-006,Kalinganagar Industrial Corridor,industrial,235.911,LOW,LOW,NOISE,1,1.0,NOISE (1 hotspot),0.88,None (Open / Rural Area),,AGRICULTURAL_FIRE,1.0,"Event labeled as AGRICULTURAL_FIRE primarily based on: rural coordinates beyond active industrial buffers; low-intensity thermal signature (2.3 MW); isolated/spontaneous thermal occurrence. (Note: Statistical feature correlation, not verified physical causality)."
2c5de85bb8,21.80345,82.03878,AGRICULTURAL_FIRE,MODERATE,1.11,307.21,N21,2026-09-08 01:02:00 IST,1,FAC-007,Bhilai Steel Complex,industrial,96.428,LOW,LOW,NOISE,1,1.0,NOISE (1 hotspot),0.88,None (Open / Rural Area),,AGRICULTURAL_FIRE,1.0,"Event labeled as AGRICULTURAL_FIRE primarily based on: rural coordinates beyond active industrial buffers; low-intensity thermal signature (1.1 MW); isolated/spontaneous thermal occurrence. (Note: Statistical feature correlation, not verified physical causality)."
e5c1101d88,21.87658,83.49339,AGRICULTURAL_FIRE,MODERATE,1.94,302.13,N21,2026-09-08 01:02:00 IST,1,FAC-007,Bhilai Steel Complex,industrial,231.541,LOW,LOW,NOISE,1,1.0,NOISE (1 hotspot),0.88,None (Open / Rural Area),,AGRICULTURAL_FIRE,0.9918,"Event labeled as AGRICULTURAL_FIRE primarily based on: rural coordinates beyond active industrial buffers; low-intensity thermal signature (1.9 MW); isolated/spontaneous thermal occurrence. (Note: Statistical feature correlation, not verified physical causality)."
e3ef6c1ba2,21.92088,83.35279,AGRICULTURAL_FIRE,MODERATE,2.88,313.94,N21,2026-09-08 01:02:00 IST,1,FAC-007,Bhilai Steel Complex,industrial,219.61,LOW,LOW,CL-0048,3,1.0,CL-0048 (3 hotspots),0.88,None (Open / Rural Area),,AGRICULTURAL_FIRE,1.0,"Event labeled as AGRICULTURAL_FIRE primarily based on: rural coordinates beyond active industrial buffers; low-intensity thermal signature (2.9 MW); isolated/spontaneous thermal occurrence. (Note: Statistical feature correlation, not verified physical causality)."
29de889f35,21.92149,83.34697,AGRICULTURAL_FIRE,MODERATE,2.88,307.16,N21,2026-09-08 01:02:00 IST,1,FAC-007,Bhilai Steel Complex,industrial,219.076,LOW,LOW,CL-0048,3,1.0,CL-0048 (3 hotspots),0.88,None (Open / Rural Area),,AGRICULTURAL_FIRE,1.0,"Event labeled as AGRICULTURAL_FIRE primarily based on: rural coordinates beyond active industrial buffers; low-intensity thermal signature (2.9 MW); isolated/spontaneous thermal occurrence. (Note: Statistical feature correlation, not verified physical causality)."
5c8fe7bdd2,21.927,83.34171,AGRICULTURAL_FIRE,MODERATE,3.11,305.73,N21,2026-09-08 01:02:00 IST,1,FAC-007,Bhilai Steel Complex,industrial,218.796,LOW,LOW,CL-0048,3,1.0,CL-0048 (3 hotspots),0.88,None (Open / Rural Area),,AGRICULTURAL_FIRE,1.0,"Event labeled as AGRICULTURAL_FIRE primarily based on: rural coordinates beyond active industrial buffers; low-intensity thermal signature (3.1 MW); isolated/spontaneous thermal occurrence. (Note: Statistical feature correlation, not verified physical causality)."
7dbfc5552d,21.98534,83.23161,AGRICULTURAL_FIRE,MODERATE,2.16,307.36,N21,2026-09-08 01:02:00 IST,1,FAC-007,Bhilai Steel Complex,industrial,210.884,LOW,LOW,NOISE,1,1.0,NOISE (1 hotspot),0.88,None (Open / Rural Area),,AGRICULTURAL_FIRE,1.0,"Event labeled as AGRICULTURAL_FIRE primarily based on: rural coordinates beyond active industrial buffers; low-intensity thermal signature (2.2 MW); isolated/spontaneous thermal occurrence. (Note: Statistical feature correlation, not verified physical causality)."
bc48fad9a9,21.98602,82.01473,AGRICULTURAL_FIRE,MODERATE,0.39,300.81,N21,2026-09-08 01:02:00 IST,2,FAC-007,Bhilai Steel Complex,industrial,110.189,LOW,LOW,CL-0049,2,1.0,CL-0049 (2 hotspots),0.88,None (Open / Rural Area),,AGRICULTURAL_FIRE,1.0,"Event labeled as AGRICULTURAL_FIRE primarily based on: rural coordinates beyond active industrial buffers; low-intensity thermal signature (0.4 MW); isolated/spontaneous thermal occurrence. (Note: Statistical feature correlation, not verified physical causality)."
7b7067367c,21.98742,82.01503,AGRICULTURAL_FIRE,MODERATE,0.5,300.91,N21,2026-09-08 01:02:00 IST,2,FAC-007,Bhilai Steel Complex,industrial,110.332,LOW,LOW,CL-0049,2,1.0,CL-0049 (2 hotspots),0.88,None (Open / Rural Area),,AGRICULTURAL_FIRE,1.0,"Event labeled as AGRICULTURAL_FIRE primarily based on: rural coordinates beyond active industrial buffers; low-intensity thermal signature (0.5 MW); isolated/spontaneous thermal occurrence. (Note: Statistical feature correlation, not verified physical causality)."
8bb750f204,22.00196,82.66714,AGRICULTURAL_FIRE,MODERATE,1.1,307.97,N21,2026-09-08 01:02:00 IST,2,FAC-007,Bhilai Steel Complex,industrial,160.812,LOW,LOW,CL-0050,2,1.0,CL-0050 (2 hotspots),0.88,None (Open / Rural Area),,AGRICULTURAL_FIRE,1.0,"Event labeled as AGRICULTURAL_FIRE primarily based on: rural coordinates beyond active industrial buffers; low-intensity thermal signature (1.1 MW); isolated/spontaneous thermal occurrence. (Note: Statistical feature correlation, not verified physical causality)."
de95211303,22.00673,82.67106,AGRICULTURAL_FIRE,MODERATE,0.7,305.67,N21,2026-09-08 01:02:00 IST,2,FAC-007,Bhilai Steel Complex,industrial,161.443,LOW,LOW,CL-0050,2,1.0,CL-0050 (2 hotspots),0.88,None (Open / Rural Area),,AGRICULTURAL_FIRE,1.0,"Event labeled as AGRICULTURAL_FIRE primarily based on: rural coordinates beyond active industrial buffers; low-intensity thermal signature (0.7 MW); isolated/spontaneous thermal occurrence. (Note: Statistical feature correlation, not verified physical causality)."
b5f9afaea3,22.02972,83.7425,AGRICULTURAL_FIRE,MODERATE,1.37,303.55,N21,2026-09-08 01:02:00 IST,2,FAC-006,Kalinganagar Industrial Corridor,industrial,260.432,LOW,LOW,NOISE,1,1.0,NOISE (1 hotspot),0.88,None (Open / Rural Area),,AGRICULTURAL_FIRE,1.0,"Event labeled as AGRICULTURAL_FIRE primarily based on: rural coordinates beyond active industrial buffers; low-intensity thermal signature (1.4 MW); isolated/spontaneous thermal occurrence. (Note: Statistical feature correlation, not verified physical causality)."
305003cdfb,22.0376,83.35199,AGRICULTURAL_FIRE,MODERATE,2.77,309.7,N21,2026-09-08 01:02:00 IST,1,FAC-007,Bhilai Steel Complex,industrial,224.587,LOW,LOW,NOISE,1,1.0,NOISE (1 hotspot),0.88,None (Open / Rural Area),,AGRICULTURAL_FIRE,1.0,"Event labeled as AGRICULTURAL_FIRE primarily based on: rural coordinates beyond active industrial buffers; low-intensity thermal signature (2.8 MW); isolated/spontaneous thermal occurrence. (Note: Statistical feature correlation, not verified physical causality)."
296aee216c,22.0399,83.73799,AGRICULTURAL_FIRE,MODERATE,1.17,300.44,N21,2026-09-08 01:02:00 IST,2,FAC-006,Kalinganagar Industrial Corridor,industrial,261.368,LOW,LOW,CL-0051,3,1.0,CL-0051 (3 hotspots),0.88,None (Open / Rural Area),,AGRICULTURAL_FIRE,0.9918,"Event labeled as AGRICULTURAL_FIRE primarily based on: rural coordinates beyond active industrial buffers; low-intensity thermal signature (1.2 MW); isolated/spontaneous thermal occurrence. (Note: Statistical feature correlation, not verified physical causality)."
30299dcf6f,22.04051,83.73247,AGRICULTURAL_FIRE,MODERATE,1.04,300.04,N21,2026-09-08 01:02:00 IST,2,FAC-007,Bhilai Steel Complex,industrial,260.925,LOW,LOW,CL-0051,3,1.0,CL-0051 (3 hotspots),0.88,None (Open / Rural Area),,AGRICULTURAL_FIRE,0.9918,"Event labeled as AGRICULTURAL_FIRE primarily based on: rural coordinates beyond active industrial buffers; low-intensity thermal signature (1.0 MW); isolated/spontaneous thermal occurrence. (Note: Statistical feature correlation, not verified physical causality)."
c0929e05ed,22.04097,83.73392,AGRICULTURAL_FIRE,MODERATE,1.43,298.73,N21,2026-09-08 01:02:00 IST,2,FAC-007,Bhilai Steel Complex,industrial,261.083,LOW,LOW,CL-0051,3,1.0,CL-0051 (3 hotspots),0.88,None (Open / Rural Area),,AGRICULTURAL_FIRE,0.9918,"Event labeled as AGRICULTURAL_FIRE primarily based on: rural coordinates beyond active industrial buffers; low-intensity thermal signature (1.4 MW); isolated/spontaneous thermal occurrence. (Note: Statistical feature correlation, not verified physical causality)."
dc04872bfc,22.21465,84.8704,AGRICULTURAL_FIRE,MODERATE,1.4,306.05,N21,2026-09-08 01:02:00 IST,4,FAC-005,"Tata Steel Plant, Jamshedpur",industrial,150.167,LOW,LOW,CL-0052,4,1.0,CL-0052 (4 hotspots),0.88,None (Open / Rural Area),,AGRICULTURAL_FIRE,0.9927,"Event labeled as AGRICULTURAL_FIRE primarily based on: rural coordinates beyond active industrial buffers; low-intensity thermal signature (1.4 MW); repeated temporal persistence (4 recorded events). (Note: Statistical feature correlation, not verified physical causality)."
5beca7886f,22.2152,84.86568,AGRICULTURAL_FIRE,MODERATE,1.4,306.23,N21,2026-09-08 01:02:00 IST,4,FAC-005,"Tata Steel Plant, Jamshedpur",industrial,150.576,LOW,LOW,CL-0052,4,1.0,CL-0052 (4 hotspots),0.88,None (Open / Rural Area),,AGRICULTURAL_FIRE,0.9927,"Event labeled as AGRICULTURAL_FIRE primarily based on: rural coordinates beyond active industrial buffers; low-intensity thermal signature (1.4 MW); repeated temporal persistence (4 recorded events). (Note: Statistical feature correlation, not verified physical causality)."
3b7720fc75,22.31631,82.5633,AGRICULTURAL_FIRE,MODERATE,2.74,306.76,N21,2026-09-08 01:02:00 IST,1,FAC-007,Bhilai Steel Complex,industrial,174.983,LOW,LOW,NOISE,1,1.0,NOISE (1 hotspot),0.88,None (Open / Rural Area),,AGRICULTURAL_FIRE,1.0,"Event labeled as AGRICULTURAL_FIRE primarily based on: rural coordinates beyond active industrial buffers; low-intensity thermal signature (2.7 MW); isolated/spontaneous thermal occurrence. (Note: Statistical feature correlation, not verified physical causality)."
3a01c5f3d0,22.32403,82.59084,AGRICULTURAL_FIRE,MODERATE,1.02,308.07,N21,2026-09-08 01:02:00 IST,1,FAC-007,Bhilai Steel Complex,industrial,177.587,LOW,LOW,NOISE,1,1.0,NOISE (1 hotspot),0.88,None (Open / Rural Area),,AGRICULTURAL_FIRE,1.0,"Event labeled as AGRICULTURAL_FIRE primarily based on: rural coordinates beyond active industrial buffers; low-intensity thermal signature (1.0 MW); isolated/spontaneous thermal occurrence. (Note: Statistical feature correlation, not verified physical causality)."
7c906cfdf7,22.32787,82.60461,AGRICULTURAL_FIRE,MODERATE,0.79,300.55,N21,2026-09-08 01:02:00 IST,2,FAC-007,Bhilai Steel Complex,industrial,178.892,LOW,LOW,CL-0053,2,1.0,CL-0053 (2 hotspots),0.88,None (Open / Rural Area),,AGRICULTURAL_FIRE,1.0,"Event labeled as AGRICULTURAL_FIRE primarily based on: rural coordinates beyond active industrial buffers; low-intensity thermal signature (0.8 MW); isolated/spontaneous thermal occurrence. (Note: Statistical feature correlation, not verified physical causality)."
4787cc41fd,22.33269,82.60851,AGRICULTURAL_FIRE,MODERATE,1.24,308.18,N21,2026-09-08 01:02:00 IST,2,FAC-007,Bhilai Steel Complex,industrial,179.554,LOW,LOW,CL-0053,2,1.0,CL-0053 (2 hotspots),0.88,None (Open / Rural Area),,AGRICULTURAL_FIRE,1.0,"Event labeled as AGRICULTURAL_FIRE primarily based on: rural coordinates beyond active industrial buffers; low-intensity thermal signature (1.2 MW); isolated/spontaneous thermal occurrence. (Note: Statistical feature correlation, not verified physical causality)."
4f8f813656,22.37626,87.27948,AGRICULTURAL_FIRE,MODERATE,1.87,299.37,N21,2026-09-08 01:02:00 IST,2,FAC-005,"Tata Steel Plant, Jamshedpur",industrial,122.003,LOW,LOW,CL-0054,2,1.0,CL-0054 (2 hotspots),0.88,None (Open / Rural Area),,AGRICULTURAL_FIRE,0.9918,"Event labeled as AGRICULTURAL_FIRE primarily based on: rural coordinates beyond active industrial buffers; low-intensity thermal signature (1.9 MW); isolated/spontaneous thermal occurrence. (Note: Statistical feature correlation, not verified physical causality)."
675a7889c9,22.47836,90.71011,AGRICULTURAL_FIRE,MODERATE,0.51,307.5,N21,2026-09-08 01:02:00 IST,1,FAC-005,"Tata Steel Plant, Jamshedpur",industrial,465.747,LOW,LOW,NOISE,1,1.0,NOISE (1 hotspot),0.88,None (Open / Rural Area),,AGRICULTURAL_FIRE,1.0,"Event labeled as AGRICULTURAL_FIRE primarily based on: rural coordinates beyond active industrial buffers; low-intensity thermal signature (0.5 MW); isolated/spontaneous thermal occurrence. (Note: Statistical feature correlation, not verified physical causality)."
9ad27a41a3,22.86449,89.53908,AGRICULTURAL_FIRE,MODERATE,0.54,305.48,N21,2026-09-08 01:02:00 IST,1,FAC-005,"Tata Steel Plant, Jamshedpur",industrial,343.744,LOW,LOW,NOISE,1,1.0,NOISE (1 hotspot),0.88,None (Open / Rural Area),,AGRICULTURAL_FIRE,1.0,"Event labeled as AGRICULTURAL_FIRE primarily based on: rural coordinates beyond active industrial buffers; low-intensity thermal signature (0.5 MW); isolated/spontaneous thermal occurrence. (Note: Statistical feature correlation, not verified physical causality)."
7de4df7a5d,23.55897,87.2391,AGRICULTURAL_FIRE,MODERATE,2.65,312.39,N21,2026-09-08 01:02:00 IST,4,FAC-005,"Tata Steel Plant, Jamshedpur",industrial,136.516,LOW,LOW,CL-0055,4,1.0,CL-0055 (4 hotspots),0.88,None (Open / Rural Area),,AGRICULTURAL_FIRE,0.9856,"Event labeled as AGRICULTURAL_FIRE primarily based on: rural coordinates beyond active industrial buffers; low-intensity thermal signature (2.6 MW); repeated temporal persistence (4 recorded events). (Note: Statistical feature correlation, not verified physical causality)."
60bcbce411,23.55958,87.24075,AGRICULTURAL_FIRE,MODERATE,3.11,311.99,N21,2026-09-08 01:02:00 IST,4,FAC-005,"Tata Steel Plant, Jamshedpur",industrial,136.69,LOW,LOW,CL-0055,4,1.0,CL-0055 (4 hotspots),0.88,None (Open / Rural Area),,AGRICULTURAL_FIRE,0.9856,"Event labeled as AGRICULTURAL_FIRE primarily based on: rural coordinates beyond active industrial buffers; low-intensity thermal signature (3.1 MW); repeated temporal persistence (4 recorded events). (Note: Statistical feature correlation, not verified physical causality)."
b307ed5aaa,23.68455,86.3901,AGRICULTURAL_FIRE,MODERATE,3.58,300.9,N21,2026-09-08 01:02:00 IST,1,FAC-005,"Tata Steel Plant, Jamshedpur",industrial,100.056,LOW,LOW,CL-0007,4,1.0,CL-0007 (4 hotspots),0.88,None (Open / Rural Area),,AGRICULTURAL_FIRE,0.9836,"Event labeled as AGRICULTURAL_FIRE primarily based on: rural coordinates beyond active industrial buffers; low-intensity thermal signature (3.6 MW); isolated/spontaneous thermal occurrence. (Note: Statistical feature correlation, not verified physical causality)."
e25f943c32,23.70043,90.53055,AGRICULTURAL_FIRE,MODERATE,2.16,309.5,N21,2026-09-08 01:02:00 IST,1,FAC-005,"Tata Steel Plant, Jamshedpur",industrial,454.93,LOW,LOW,NOISE,1,1.0,NOISE (1 hotspot),0.88,None (Open / Rural Area),,AGRICULTURAL_FIRE,1.0,"Event labeled as AGRICULTURAL_FIRE primarily based on: rural coordinates beyond active industrial buffers; low-intensity thermal signature (2.2 MW); isolated/spontaneous thermal occurrence. (Note: Statistical feature correlation, not verified physical causality)."
8d271952a4,23.75419,85.85508,AGRICULTURAL_FIRE,MODERATE,1.94,306.85,N21,2026-09-08 01:02:00 IST,1,FAC-005,"Tata Steel Plant, Jamshedpur",industrial,110.849,LOW,LOW,NOISE,1,1.0,NOISE (1 hotspot),0.88,None (Open / Rural Area),,AGRICULTURAL_FIRE,1.0,"Event labeled as AGRICULTURAL_FIRE primarily based on: rural coordinates beyond active industrial buffers; low-intensity thermal signature (1.9 MW); isolated/spontaneous thermal occurrence. (Note: Statistical feature correlation, not verified physical causality)."
7728362cda,23.78814,85.55099,AGRICULTURAL_FIRE,MODERATE,2.88,302.74,N21,2026-09-08 01:02:00 IST,1,FAC-005,"Tata Steel Plant, Jamshedpur",industrial,127.116,LOW,LOW,NOISE,1,1.0,NOISE (1 hotspot),0.88,None (Open / Rural Area),,AGRICULTURAL_FIRE,0.9918,"Event labeled as AGRICULTURAL_FIRE primarily based on: rural coordinates beyond active industrial buffers; low-intensity thermal signature (2.9 MW); isolated/spontaneous thermal occurrence. (Note: Statistical feature correlation, not verified physical causality)."
411e755e31,23.8034,86.32811,AGRICULTURAL_FIRE,MODERATE,1.33,297.02,N21,2026-09-08 01:02:00 IST,3,FAC-005,"Tata Steel Plant, Jamshedpur",industrial,112.014,LOW,LOW,CL-0056,3,1.0,CL-0056 (3 hotspots),0.88,None (Open / Rural Area),,AGRICULTURAL_FIRE,0.9918,"Event labeled as AGRICULTURAL_FIRE primarily based on: rural coordinates beyond active industrial buffers; low-intensity thermal signature (1.3 MW); repeated temporal persistence (3 recorded events). (Note: Statistical feature correlation, not verified physical causality)."
3898a63236,24.13313,82.59035,AGRICULTURAL_FIRE,MODERATE,1.25,304.22,N21,2026-09-08 01:02:00 IST,1,FAC-002,Amausi Industrial Area,industrial,339.733,LOW,LOW,NOISE,1,1.0,NOISE (1 hotspot),0.88,None (Open / Rural Area),,AGRICULTURAL_FIRE,1.0,"Event labeled as AGRICULTURAL_FIRE primarily based on: rural coordinates beyond active industrial buffers; low-intensity thermal signature (1.2 MW); isolated/spontaneous thermal occurrence. (Note: Statistical feature correlation, not verified physical causality)."
ecfdaf3372,24.20175,82.71009,AGRICULTURAL_FIRE,MODERATE,1.28,300.68,N21,2026-09-08 01:02:00 IST,1,FAC-002,Amausi Industrial Area,industrial,339.581,LOW,LOW,NOISE,1,1.0,NOISE (1 hotspot),0.88,None (Open / Rural Area),,AGRICULTURAL_FIRE,0.9918,"Event labeled as AGRICULTURAL_FIRE primarily based on: rural coordinates beyond active industrial buffers; low-intensity thermal signature (1.3 MW); isolated/spontaneous thermal occurrence. (Note: Statistical feature correlation, not verified physical causality)."
4588d79160,24.32804,81.32866,AGRICULTURAL_FIRE,MODERATE,1.27,299.93,N21,2026-09-08 01:02:00 IST,1,FAC-002,Amausi Industrial Area,industrial,274.448,LOW,LOW,NOISE,1,1.0,NOISE (1 hotspot),0.88,None (Open / Rural Area),,AGRICULTURAL_FIRE,0.9918,"Event labeled as AGRICULTURAL_FIRE primarily based on: rural coordinates beyond active industrial buffers; low-intensity thermal signature (1.3 MW); isolated/spontaneous thermal occurrence. (Note: Statistical feature correlation, not verified physical causality)."
f6d2fd65b5,15.02316,78.01364,AGRICULTURAL_FIRE,MODERATE,4.18,301.33,N21,2026-09-08 01:04:00 IST,1,FAC-007,Bhilai Steel Complex,industrial,772.421,LOW,LOW,NOISE,1,1.0,NOISE (1 hotspot),0.88,None (Open / Rural Area),,AGRICULTURAL_FIRE,0.9836,"Event labeled as AGRICULTURAL_FIRE primarily based on: rural coordinates beyond active industrial buffers; low-intensity thermal signature (4.2 MW); isolated/spontaneous thermal occurrence. (Note: Statistical feature correlation, not verified physical causality)."
0c56148a24,15.17382,77.09942,AGRICULTURAL_FIRE,MODERATE,2.65,302.63,N21,2026-09-08 01:04:00 IST,5,FAC-007,Bhilai Steel Complex,industrial,807.316,LOW,LOW,CL-0057,5,1.0,CL-0057 (5 hotspots),0.88,None (Open / Rural Area),,AGRICULTURAL_FIRE,0.9775,"Event labeled as AGRICULTURAL_FIRE primarily based on: rural coordinates beyond active industrial buffers; low-intensity thermal signature (2.6 MW); repeated temporal persistence (5 recorded events). (Note: Statistical feature correlation, not verified physical causality)."
9668a924d2,17.46402,80.6552,AGRICULTURAL_FIRE,MODERATE,1.61,312.13,N21,2026-09-08 01:04:00 IST,2,FAC-007,Bhilai Steel Complex,industrial,421.23,LOW,LOW,CL-0058,2,1.0,CL-0058 (2 hotspots),0.88,None (Open / Rural Area),,AGRICULTURAL_FIRE,1.0,"Event labeled as AGRICULTURAL_FIRE primarily based on: rural coordinates beyond active industrial buffers; low-intensity thermal signature (1.6 MW); isolated/spontaneous thermal occurrence. (Note: Statistical feature correlation, not verified physical causality)."
4fa8fb4a92,17.46438,80.65501,AGRICULTURAL_FIRE,MODERATE,1.42,312.76,N21,2026-09-08 01:04:00 IST,2,FAC-007,Bhilai Steel Complex,industrial,421.194,LOW,LOW,CL-0058,2,1.0,CL-0058 (2 hotspots),0.88,None (Open / Rural Area),,AGRICULTURAL_FIRE,1.0,"Event labeled as AGRICULTURAL_FIRE primarily based on: rural coordinates beyond active industrial buffers; low-intensity thermal signature (1.4 MW); isolated/spontaneous thermal occurrence. (Note: Statistical feature correlation, not verified physical causality)."
f1e1b11fec,18.72132,79.53968,AGRICULTURAL_FIRE,MODERATE,1.41,303.63,N21,2026-09-08 01:04:00 IST,1,FAC-007,Bhilai Steel Complex,industrial,335.175,LOW,LOW,NOISE,1,1.0,NOISE (1 hotspot),0.88,None (Open / Rural Area),,AGRICULTURAL_FIRE,1.0,"Event labeled as AGRICULTURAL_FIRE primarily based on: rural coordinates beyond active industrial buffers; low-intensity thermal signature (1.4 MW); isolated/spontaneous thermal occurrence. (Note: Statistical feature correlation, not verified physical causality)."
b7bf80013a,19.09691,82.16727,AGRICULTURAL_FIRE,MODERATE,1.16,316.26,N21,2026-09-08 01:04:00 IST,7,FAC-007,Bhilai Steel Complex,industrial,246.824,LOW,LOW,CL-0059,9,1.0,CL-0059 (9 hotspots),0.88,None (Open / Rural Area),,AGRICULTURAL_FIRE,0.9927,"Event labeled as AGRICULTURAL_FIRE primarily based on: rural coordinates beyond active industrial buffers; low-intensity thermal signature (1.2 MW); repeated temporal persistence (7 recorded events). (Note: Statistical feature correlation, not verified physical causality)."
0c018c5d45,19.09863,82.16817,AGRICULTURAL_FIRE,MODERATE,1.73,310.64,N21,2026-09-08 01:04:00 IST,7,FAC-007,Bhilai Steel Complex,industrial,246.675,LOW,LOW,CL-0059,9,1.0,CL-0059 (9 hotspots),0.88,None (Open / Rural Area),,AGRICULTURAL_FIRE,0.9927,"Event labeled as AGRICULTURAL_FIRE primarily based on: rural coordinates beyond active industrial buffers; low-intensity thermal signature (1.7 MW); repeated temporal persistence (7 recorded events). (Note: Statistical feature correlation, not verified physical causality)."
f1a72b5ab6,19.10202,82.16782,AGRICULTURAL_FIRE,MODERATE,1.16,305.78,N21,2026-09-08 01:04:00 IST,7,FAC-007,Bhilai Steel Complex,industrial,246.307,LOW,LOW,CL-0059,9,1.0,CL-0059 (9 hotspots),0.88,None (Open / Rural Area),,AGRICULTURAL_FIRE,0.9927,"Event labeled as AGRICULTURAL_FIRE primarily based on: rural coordinates beyond active industrial buffers; low-intensity thermal signature (1.2 MW); repeated temporal persistence (7 recorded events). (Note: Statistical feature correlation, not verified physical causality)."
0e67a73b09,19.10234,82.16467,AGRICULTURAL_FIRE,MODERATE,1.16,317.52,N21,2026-09-08 01:04:00 IST,7,FAC-007,Bhilai Steel Complex,industrial,246.164,LOW,LOW,CL-0059,9,1.0,CL-0059 (9 hotspots),0.88,None (Open / Rural Area),,AGRICULTURAL_FIRE,0.9927,"Event labeled as AGRICULTURAL_FIRE primarily based on: rural coordinates beyond active industrial buffers; low-intensity thermal signature (1.2 MW); repeated temporal persistence (7 recorded events). (Note: Statistical feature correlation, not verified physical causality)."
fc1d28cd1a,19.10374,82.16871,AGRICULTURAL_FIRE,MODERATE,0.93,305.12,N21,2026-09-08 01:04:00 IST,2,FAC-007,Bhilai Steel Complex,industrial,246.157,LOW,LOW,CL-0059,9,1.0,CL-0059 (9 hotspots),0.88,None (Open / Rural Area),,AGRICULTURAL_FIRE,0.9919,"Event labeled as AGRICULTURAL_FIRE primarily based on: rural coordinates beyond active industrial buffers; low-intensity thermal signature (0.9 MW); isolated/spontaneous thermal occurrence. (Note: Statistical feature correlation, not verified physical causality)."
b6228feb0b,19.10409,82.16557,AGRICULTURAL_FIRE,MODERATE,0.95,304.43,N21,2026-09-08 01:04:00 IST,2,FAC-007,Bhilai Steel Complex,industrial,246.011,LOW,LOW,CL-0059,9,1.0,CL-0059 (9 hotspots),0.88,None (Open / Rural Area),,AGRICULTURAL_FIRE,0.9918,"Event labeled as AGRICULTURAL_FIRE primarily based on: rural coordinates beyond active industrial buffers; low-intensity thermal signature (0.9 MW); isolated/spontaneous thermal occurrence. (Note: Statistical feature correlation, not verified physical causality)."
b2df17b6ce,19.9212,79.11353,AGRICULTURAL_FIRE,MODERATE,1.45,301.64,N21,2026-09-08 01:04:00 IST,1,FAC-007,Bhilai Steel Complex,industrial,274.927,LOW,LOW,CL-0060,2,1.0,CL-0060 (2 hotspots),0.88,None (Open / Rural Area),,AGRICULTURAL_FIRE,1.0,"Event labeled as AGRICULTURAL_FIRE primarily based on: rural coordinates beyond active industrial buffers; low-intensity thermal signature (1.4 MW); isolated/spontaneous thermal occurrence. (Note: Statistical feature correlation, not verified physical causality)."
562c65c438,6.87667,81.51917,AGRICULTURAL_FIRE,MODERATE,2.58,311.69,N21,2026-09-08 01:06:00 IST,1,FAC-007,Bhilai Steel Complex,industrial,1591.642,LOW,LOW,NOISE,1,1.0,NOISE (1 hotspot),0.88,None (Open / Rural Area),,AGRICULTURAL_FIRE,1.0,"Event labeled as AGRICULTURAL_FIRE primarily based on: rural coordinates beyond active industrial buffers; low-intensity thermal signature (2.6 MW); isolated/spontaneous thermal occurrence. (Note: Statistical feature correlation, not verified physical causality)."
0acef1ef93,7.58041,80.81974,AGRICULTURAL_FIRE,MODERATE,3.58,310.72,N21,2026-09-08 01:06:00 IST,2,FAC-007,Bhilai Steel Complex,industrial,1514.515,LOW,LOW,CL-0061,2,1.0,CL-0061 (2 hotspots),0.88,None (Open / Rural Area),,AGRICULTURAL_FIRE,1.0,"Event labeled as AGRICULTURAL_FIRE primarily based on: rural coordinates beyond active industrial buffers; low-intensity thermal signature (3.6 MW); isolated/spontaneous thermal occurrence. (Note: Statistical feature correlation, not verified physical causality)."
4a7549c8ef,7.58083,80.82148,AGRICULTURAL_FIRE,MODERATE,4.25,313.15,N21,2026-09-08 01:06:00 IST,2,FAC-007,Bhilai Steel Complex,industrial,1514.461,LOW,LOW,CL-0061,2,1.0,CL-0061 (2 hotspots),0.88,None (Open / Rural Area),,AGRICULTURAL_FIRE,1.0,"Event labeled as AGRICULTURAL_FIRE primarily based on: rural coordinates beyond active industrial buffers; low-intensity thermal signature (4.2 MW); isolated/spontaneous thermal occurrence. (Note: Statistical feature correlation, not verified physical causality)."
b0bcfe2bd4,8.1155,80.80737,AGRICULTURAL_FIRE,MODERATE,2.01,307.09,N21,2026-09-08 01:06:00 IST,7,FAC-007,Bhilai Steel Complex,industrial,1455.118,LOW,LOW,CL-0062,9,1.0,CL-0062 (9 hotspots),0.88,None (Open / Rural Area),,AGRICULTURAL_FIRE,0.9927,"Event labeled as AGRICULTURAL_FIRE primarily based on: rural coordinates beyond active industrial buffers; low-intensity thermal signature (2.0 MW); repeated temporal persistence (7 recorded events). (Note: Statistical feature correlation, not verified physical causality)."
04e90e7315,8.12018,80.80572,AGRICULTURAL_FIRE,MODERATE,4.32,318.82,N21,2026-09-08 01:06:00 IST,7,FAC-007,Bhilai Steel Complex,industrial,1454.605,LOW,LOW,CL-0062,9,1.0,CL-0062 (9 hotspots),0.88,None (Open / Rural Area),,AGRICULTURAL_FIRE,0.9856,"Event labeled as AGRICULTURAL_FIRE primarily based on: rural coordinates beyond active industrial buffers; low-intensity thermal signature (4.3 MW); repeated temporal persistence (7 recorded events). (Note: Statistical feature correlation, not verified physical causality)."
17e78dd7ff,8.12032,80.808,AGRICULTURAL_FIRE,MODERATE,2.01,314.34,N21,2026-09-08 01:06:00 IST,7,FAC-007,Bhilai Steel Complex,industrial,1454.579,LOW,LOW,CL-0062,9,1.0,CL-0062 (9 hotspots),0.88,None (Open / Rural Area),,AGRICULTURAL_FIRE,0.9927,"Event labeled as AGRICULTURAL_FIRE primarily based on: rural coordinates beyond active industrial buffers; low-intensity thermal signature (2.0 MW); repeated temporal persistence (7 recorded events). (Note: Statistical feature correlation, not verified physical causality)."
de7ccd6ae6,8.12106,80.80273,AGRICULTURAL_FIRE,MODERATE,2.01,305.65,N21,2026-09-08 01:06:00 IST,7,FAC-007,Bhilai Steel Complex,industrial,1454.521,LOW,LOW,CL-0062,9,1.0,CL-0062 (9 hotspots),0.88,None (Open / Rural Area),,AGRICULTURAL_FIRE,0.9927,"Event labeled as AGRICULTURAL_FIRE primarily based on: rural coordinates beyond active industrial buffers; low-intensity thermal signature (2.0 MW); repeated temporal persistence (7 recorded events). (Note: Statistical feature correlation, not verified physical causality)."
4d78b28229,8.26735,80.30713,AGRICULTURAL_FIRE,MODERATE,0.49,305.05,N21,2026-09-08 01:06:00 IST,1,FAC-007,Bhilai Steel Complex,industrial,1441.536,LOW,LOW,NOISE,1,1.0,NOISE (1 hotspot),0.88,None (Open / Rural Area),,AGRICULTURAL_FIRE,1.0,"Event labeled as AGRICULTURAL_FIRE primarily based on: rural coordinates beyond active industrial buffers; low-intensity thermal signature (0.5 MW); isolated/spontaneous thermal occurrence. (Note: Statistical feature correlation, not verified physical causality)."
2ea63f9de8,8.2917,80.2041,AGRICULTURAL_FIRE,MODERATE,0.78,309.21,N21,2026-09-08 01:06:00 IST,1,FAC-007,Bhilai Steel Complex,industrial,1439.763,LOW,LOW,NOISE,1,1.0,NOISE (1 hotspot),0.88,None (Open / Rural Area),,AGRICULTURAL_FIRE,1.0,"Event labeled as AGRICULTURAL_FIRE primarily based on: rural coordinates beyond active industrial buffers; low-intensity thermal signature (0.8 MW); isolated/spontaneous thermal occurrence. (Note: Statistical feature correlation, not verified physical causality)."
ee7e995f33,8.43688,77.6253,AGRICULTURAL_FIRE,MODERATE,0.53,297.94,N21,2026-09-08 01:06:00 IST,2,FAC-007,Bhilai Steel Complex,industrial,1474.13,LOW,LOW,CL-0063,2,1.0,CL-0063 (2 hotspots),0.88,None (Open / Rural Area),,AGRICULTURAL_FIRE,1.0,"Event labeled as AGRICULTURAL_FIRE primarily based on: rural coordinates beyond active industrial buffers; low-intensity thermal signature (0.5 MW); isolated/spontaneous thermal occurrence. (Note: Statistical feature correlation, not verified physical causality)."
6f10cc7224,10.82716,78.82903,AGRICULTURAL_FIRE,MODERATE,2.81,320.19,N21,2026-09-08 01:06:00 IST,1,FAC-007,Bhilai Steel Complex,industrial,1184.008,LOW,LOW,NOISE,1,1.0,NOISE (1 hotspot),0.88,None (Open / Rural Area),,AGRICULTURAL_FIRE,1.0,"Event labeled as AGRICULTURAL_FIRE primarily based on: rural coordinates beyond active industrial buffers; low-intensity thermal signature (2.8 MW); isolated/spontaneous thermal occurrence. (Note: Statistical feature correlation, not verified physical causality)."
f37f60eb84,11.8151,77.91316,AGRICULTURAL_FIRE,MODERATE,2.0,305.93,N21,2026-09-08 01:06:00 IST,2,FAC-007,Bhilai Steel Complex,industrial,1105.854,LOW,LOW,CL-0064,2,1.0,CL-0064 (2 hotspots),0.88,None (Open / Rural Area),,AGRICULTURAL_FIRE,1.0,"Event labeled as AGRICULTURAL_FIRE primarily based on: rural coordinates beyond active industrial buffers; low-intensity thermal signature (2.0 MW); isolated/spontaneous thermal occurrence. (Note: Statistical feature correlation, not verified physical causality)."
fc52decb53,11.81557,77.91275,AGRICULTURAL_FIRE,MODERATE,1.99,305.57,N21,2026-09-08 01:06:00 IST,2,FAC-007,Bhilai Steel Complex,industrial,1105.82,LOW,LOW,CL-0064,2,1.0,CL-0064 (2 hotspots),0.88,None (Open / Rural Area),,AGRICULTURAL_FIRE,1.0,"Event labeled as AGRICULTURAL_FIRE primarily based on: rural coordinates beyond active industrial buffers; low-intensity thermal signature (2.0 MW); isolated/spontaneous thermal occurrence. (Note: Statistical feature correlation, not verified physical causality)."
fcb8fd5d3c,12.02786,79.03661,AGRICULTURAL_FIRE,MODERATE,0.85,307.05,N21,2026-09-08 01:06:00 IST,1,FAC-007,Bhilai Steel Complex,industrial,1048.859,LOW,LOW,NOISE,1,1.0,NOISE (1 hotspot),0.88,None (Open / Rural Area),,AGRICULTURAL_FIRE,1.0,"Event labeled as AGRICULTURAL_FIRE primarily based on: rural coordinates beyond active industrial buffers; low-intensity thermal signature (0.8 MW); isolated/spontaneous thermal occurrence. (Note: Statistical feature correlation, not verified physical causality)."
84096e96f2,12.74653,77.61774,AGRICULTURAL_FIRE,MODERATE,1.69,300.76,N21,2026-09-08 01:06:00 IST,2,FAC-007,Bhilai Steel Complex,industrial,1020.398,LOW,LOW,CL-0065,2,1.0,CL-0065 (2 hotspots),0.88,None (Open / Rural Area),,AGRICULTURAL_FIRE,0.9918,"Event labeled as AGRICULTURAL_FIRE primarily based on: rural coordinates beyond active industrial buffers; low-intensity thermal signature (1.7 MW); isolated/spontaneous thermal occurrence. (Note: Statistical feature correlation, not verified physical causality)."
cff39e5a22,6.82087,81.37903,AGRICULTURAL_FIRE,MODERATE,1.24,308.45,N21,2026-09-08 01:08:00 IST,1,FAC-007,Bhilai Steel Complex,industrial,1597.777,LOW,LOW,NOISE,1,1.0,NOISE (1 hotspot),0.88,None (Open / Rural Area),,AGRICULTURAL_FIRE,1.0,"Event labeled as AGRICULTURAL_FIRE primarily based on: rural coordinates beyond active industrial buffers; low-intensity thermal signature (1.2 MW); isolated/spontaneous thermal occurrence. (Note: Statistical feature correlation, not verified physical causality)."
ad850c3381,6.95986,79.96009,AGRICULTURAL_FIRE,MODERATE,0.74,298.34,N21,2026-09-08 01:08:00 IST,1,FAC-007,Bhilai Steel Complex,industrial,1589.67,LOW,LOW,NOISE,1,1.0,NOISE (1 hotspot),0.88,None (Open / Rural Area),,AGRICULTURAL_FIRE,1.0,"Event labeled as AGRICULTURAL_FIRE primarily based on: rural coordinates beyond active industrial buffers; low-intensity thermal signature (0.7 MW); isolated/spontaneous thermal occurrence. (Note: Statistical feature correlation, not verified physical causality)."
998c1e4268,18.51579,83.0489,AGRICULTURAL_FIRE,MODERATE,7.09,329.47,N21,2026-09-08 12:14:00 IST,1,FAC-007,Bhilai Steel Complex,industrial,344.79,LOW,LOW,NOISE,1,1.0,NOISE (1 hotspot),0.88,None (Open / Rural Area),,AGRICULTURAL_FIRE,0.9866,"Event labeled as AGRICULTURAL_FIRE primarily based on: rural coordinates beyond active industrial buffers; low-intensity thermal signature (7.1 MW); isolated/spontaneous thermal occurrence. (Note: Statistical feature correlation, not verified physical causality)."
99a553a157,22.37533,87.27926,AGRICULTURAL_FIRE,MODERATE,6.75,331.53,N21,2026-09-08 12:16:00 IST,2,FAC-005,"Tata Steel Plant, Jamshedpur",industrial,122.023,LOW,LOW,CL-0054,2,1.0,CL-0054 (2 hotspots),0.88,None (Open / Rural Area),,AGRICULTURAL_FIRE,1.0,"Event labeled as AGRICULTURAL_FIRE primarily based on: rural coordinates beyond active industrial buffers; low-intensity thermal signature (6.8 MW); isolated/spontaneous thermal occurrence. (Note: Statistical feature correlation, not verified physical causality)."
406884143a,24.14142,97.00646,AGRICULTURAL_FIRE,MODERATE,25.17,337.21,N21,2026-09-08 12:16:00 IST,1,FAC-005,"Tata Steel Plant, Jamshedpur",industrial,1113.345,LOW,LOW,NOISE,1,1.0,NOISE (1 hotspot),0.88,None (Open / Rural Area),,AGRICULTURAL_FIRE,0.838,"Event labeled as AGRICULTURAL_FIRE primarily based on: rural coordinates beyond active industrial buffers; low-intensity thermal signature (25.2 MW); isolated/spontaneous thermal occurrence. (Note: Statistical feature correlation, not verified physical causality)."
fec825bed2,27.32665,95.2774,AGRICULTURAL_FIRE,MODERATE,1.83,332.03,N21,2026-09-08 12:16:00 IST,2,FAC-005,"Tata Steel Plant, Jamshedpur",industrial,1044.242,LOW,LOW,CL-0031,2,1.0,CL-0031 (2 hotspots),0.88,None (Open / Rural Area),,AGRICULTURAL_FIRE,1.0,"Event labeled as AGRICULTURAL_FIRE primarily based on: rural coordinates beyond active industrial buffers; low-intensity thermal signature (1.8 MW); isolated/spontaneous thermal occurrence. (Note: Statistical feature correlation, not verified physical causality)."
cb9ccdc173,27.94668,95.25527,AGRICULTURAL_FIRE,MODERATE,6.59,342.42,N21,2026-09-08 12:16:00 IST,2,FAC-005,"Tata Steel Plant, Jamshedpur",industrial,1075.172,LOW,LOW,CL-0066,2,1.0,CL-0066 (2 hotspots),0.88,None (Open / Rural Area),,AGRICULTURAL_FIRE,1.0,"Event labeled as AGRICULTURAL_FIRE primarily based on: rural coordinates beyond active industrial buffers; low-intensity thermal signature (6.6 MW); isolated/spontaneous thermal occurrence. (Note: Statistical feature correlation, not verified physical causality)."
13273bf8f4,27.94996,95.25465,AGRICULTURAL_FIRE,MODERATE,2.49,330.52,N21,2026-09-08 12:16:00 IST,2,FAC-005,"Tata Steel Plant, Jamshedpur",industrial,1075.302,LOW,LOW,CL-0066,2,1.0,CL-0066 (2 hotspots),0.88,None (Open / Rural Area),,AGRICULTURAL_FIRE,1.0,"Event labeled as AGRICULTURAL_FIRE primarily based on: rural coordinates beyond active industrial buffers; low-intensity thermal signature (2.5 MW); isolated/spontaneous thermal occurrence. (Note: Statistical feature correlation, not verified physical causality)."
6e1d249648,28.01318,96.66594,AGRICULTURAL_FIRE,MODERATE,12.3,333.36,N21,2026-09-08 12:16:00 IST,2,FAC-005,"Tata Steel Plant, Jamshedpur",industrial,1200.695,LOW,LOW,NOISE,1,1.0,NOISE (1 hotspot),0.88,None (Open / Rural Area),,AGRICULTURAL_FIRE,1.0,"Event labeled as AGRICULTURAL_FIRE primarily based on: rural coordinates beyond active industrial buffers; low-intensity thermal signature (12.3 MW); isolated/spontaneous thermal occurrence. (Note: Statistical feature correlation, not verified physical causality)."
f166e95d6d,28.01491,96.65388,AGRICULTURAL_FIRE,MODERATE,3.61,329.84,N21,2026-09-08 12:16:00 IST,2,FAC-005,"Tata Steel Plant, Jamshedpur",industrial,1199.721,LOW,LOW,CL-0067,3,1.0,CL-0067 (3 hotspots),0.88,None (Open / Rural Area),,AGRICULTURAL_FIRE,1.0,"Event labeled as AGRICULTURAL_FIRE primarily based on: rural coordinates beyond active industrial buffers; low-intensity thermal signature (3.6 MW); isolated/spontaneous thermal occurrence. (Note: Statistical feature correlation, not verified physical causality)."
df200935e3,28.02114,96.64943,AGRICULTURAL_FIRE,MODERATE,4.96,332.61,N21,2026-09-08 12:16:00 IST,2,FAC-005,"Tata Steel Plant, Jamshedpur",industrial,1199.64,LOW,LOW,CL-0067,3,1.0,CL-0067 (3 hotspots),0.88,None (Open / Rural Area),,AGRICULTURAL_FIRE,1.0,"Event labeled as AGRICULTURAL_FIRE primarily based on: rural coordinates beyond active industrial buffers; low-intensity thermal signature (5.0 MW); isolated/spontaneous thermal occurrence. (Note: Statistical feature correlation, not verified physical causality)."
60f0005dfe,28.11007,95.48288,AGRICULTURAL_FIRE,MODERATE,5.47,336.75,N21,2026-09-08 12:16:00 IST,1,FAC-005,"Tata Steel Plant, Jamshedpur",industrial,1103.616,LOW,LOW,NOISE,1,1.0,NOISE (1 hotspot),0.88,None (Open / Rural Area),,AGRICULTURAL_FIRE,0.9943,"Event labeled as AGRICULTURAL_FIRE primarily based on: rural coordinates beyond active industrial buffers; low-intensity thermal signature (5.5 MW); isolated/spontaneous thermal occurrence. (Note: Statistical feature correlation, not verified physical causality)."
91d8655aec,28.29347,96.58476,AGRICULTURAL_FIRE,MODERATE,2.65,330.4,N21,2026-09-08 12:16:00 IST,1,FAC-005,"Tata Steel Plant, Jamshedpur",industrial,1207.887,LOW,LOW,NOISE,1,1.0,NOISE (1 hotspot),0.88,None (Open / Rural Area),,AGRICULTURAL_FIRE,0.9943,"Event labeled as AGRICULTURAL_FIRE primarily based on: rural coordinates beyond active industrial buffers; low-intensity thermal signature (2.6 MW); isolated/spontaneous thermal occurrence. (Note: Statistical feature correlation, not verified physical causality)."
4323ef9d65,28.57828,96.9463,AGRICULTURAL_FIRE,MODERATE,6.07,329.74,N21,2026-09-08 12:16:00 IST,1,FAC-005,"Tata Steel Plant, Jamshedpur",industrial,1254.003,LOW,LOW,CL-0010,3,1.0,CL-0010 (3 hotspots),0.88,None (Open / Rural Area),,AGRICULTURAL_FIRE,0.9943,"Event labeled as AGRICULTURAL_FIRE primarily based on: rural coordinates beyond active industrial buffers; low-intensity thermal signature (6.1 MW); isolated/spontaneous thermal occurrence. (Note: Statistical feature correlation, not verified physical causality)."
0b27889919,29.24652,91.86194,AGRICULTURAL_FIRE,MODERATE,5.2,335.02,N21,2026-09-08 12:16:00 IST,1,FAC-005,"Tata Steel Plant, Jamshedpur",industrial,913.335,LOW,LOW,NOISE,1,1.0,NOISE (1 hotspot),0.88,None (Open / Rural Area),,AGRICULTURAL_FIRE,0.9943,"Event labeled as AGRICULTURAL_FIRE primarily based on: rural coordinates beyond active industrial buffers; low-intensity thermal signature (5.2 MW); isolated/spontaneous thermal occurrence. (Note: Statistical feature correlation, not verified physical causality)."
28ff403ed5,29.55303,90.96274,AGRICULTURAL_FIRE,MODERATE,3.64,327.42,N21,2026-09-08 12:16:00 IST,1,FAC-005,"Tata Steel Plant, Jamshedpur",industrial,888.75,LOW,LOW,NOISE,1,1.0,NOISE (1 hotspot),0.88,None (Open / Rural Area),,AGRICULTURAL_FIRE,0.9943,"Event labeled as AGRICULTURAL_FIRE primarily based on: rural coordinates beyond active industrial buffers; low-intensity thermal signature (3.6 MW); isolated/spontaneous thermal occurrence. (Note: Statistical feature correlation, not verified physical causality)."
e834c793bd,6.19473,80.87374,AGRICULTURAL_FIRE,MODERATE,3.06,331.78,N21,2026-09-08 13:52:00 IST,1,FAC-007,Bhilai Steel Complex,industrial,1668.291,LOW,LOW,NOISE,1,1.0,NOISE (1 hotspot),0.88,None (Open / Rural Area),,AGRICULTURAL_FIRE,0.9813,"Event labeled as AGRICULTURAL_FIRE primarily based on: rural coordinates beyond active industrial buffers; low-intensity thermal signature (3.1 MW); isolated/spontaneous thermal occurrence. (Note: Statistical feature correlation, not verified physical causality)."
07a0c7674d,6.28048,80.75167,AGRICULTURAL_FIRE,MODERATE,5.63,339.18,N21,2026-09-08 13:52:00 IST,2,FAC-007,Bhilai Steel Complex,industrial,1659.245,LOW,LOW,CL-0068,2,1.0,CL-0068 (2 hotspots),0.88,None (Open / Rural Area),,AGRICULTURAL_FIRE,0.9937,"Event labeled as AGRICULTURAL_FIRE primarily based on: rural coordinates beyond active industrial buffers; low-intensity thermal signature (5.6 MW); isolated/spontaneous thermal occurrence. (Note: Statistical feature correlation, not verified physical causality)."
43ec68d030,6.28055,80.75143,AGRICULTURAL_FIRE,MODERATE,6.38,340.6,N21,2026-09-08 13:52:00 IST,2,FAC-007,Bhilai Steel Complex,industrial,1659.238,LOW,LOW,CL-0068,2,1.0,CL-0068 (2 hotspots),0.88,None (Open / Rural Area),,AGRICULTURAL_FIRE,0.9937,"Event labeled as AGRICULTURAL_FIRE primarily based on: rural coordinates beyond active industrial buffers; low-intensity thermal signature (6.4 MW); isolated/spontaneous thermal occurrence. (Note: Statistical feature correlation, not verified physical causality)."
abf5235d75,6.35681,81.14371,AGRICULTURAL_FIRE,MODERATE,3.81,338.07,N21,2026-09-08 13:52:00 IST,1,FAC-007,Bhilai Steel Complex,industrial,1649.574,LOW,LOW,NOISE,1,1.0,NOISE (1 hotspot),0.88,None (Open / Rural Area),,AGRICULTURAL_FIRE,0.9927,"Event labeled as AGRICULTURAL_FIRE primarily based on: rural coordinates beyond active industrial buffers; low-intensity thermal signature (3.8 MW); isolated/spontaneous thermal occurrence. (Note: Statistical feature correlation, not verified physical causality)."
99198200bb,6.36852,81.16373,AGRICULTURAL_FIRE,MODERATE,21.87,341.25,N21,2026-09-08 13:52:00 IST,1,FAC-007,Bhilai Steel Complex,industrial,1648.24,LOW,LOW,NOISE,1,1.0,NOISE (1 hotspot),0.88,None (Open / Rural Area),,AGRICULTURAL_FIRE,0.9577,"Event labeled as AGRICULTURAL_FIRE primarily based on: rural coordinates beyond active industrial buffers; low-intensity thermal signature (21.9 MW); isolated/spontaneous thermal occurrence. (Note: Statistical feature correlation, not verified physical causality)."
55317a60f1,6.52011,80.95581,AGRICULTURAL_FIRE,MODERATE,5.4,340.68,N21,2026-09-08 13:52:00 IST,2,FAC-007,Bhilai Steel Complex,industrial,1631.858,LOW,LOW,CL-0069,2,1.0,CL-0069 (2 hotspots),0.88,None (Open / Rural Area),,AGRICULTURAL_FIRE,0.9937,"Event labeled as AGRICULTURAL_FIRE primarily based on: rural coordinates beyond active industrial buffers; low-intensity thermal signature (5.4 MW); isolated/spontaneous thermal occurrence. (Note: Statistical feature correlation, not verified physical causality)."
26f351e1e9,6.52255,80.95806,AGRICULTURAL_FIRE,MODERATE,7.39,342.01,N21,2026-09-08 13:52:00 IST,2,FAC-007,Bhilai Steel Complex,industrial,1631.58,LOW,LOW,CL-0069,2,1.0,CL-0069 (2 hotspots),0.88,None (Open / Rural Area),,AGRICULTURAL_FIRE,0.9815,"Event labeled as AGRICULTURAL_FIRE primarily based on: rural coordinates beyond active industrial buffers; low-intensity thermal signature (7.4 MW); isolated/spontaneous thermal occurrence. (Note: Statistical feature correlation, not verified physical causality)."
8505ecf230,6.55134,80.70992,AGRICULTURAL_FIRE,MODERATE,6.77,337.28,N21,2026-09-08 13:52:00 IST,2,FAC-007,Bhilai Steel Complex,industrial,1629.343,LOW,LOW,CL-0070,2,1.0,CL-0070 (2 hotspots),0.88,None (Open / Rural Area),,AGRICULTURAL_FIRE,0.9937,"Event labeled as AGRICULTURAL_FIRE primarily based on: rural coordinates beyond active industrial buffers; low-intensity thermal signature (6.8 MW); isolated/spontaneous thermal occurrence. (Note: Statistical feature correlation, not verified physical causality)."
b0c6e9b3e3,6.55188,80.71368,AGRICULTURAL_FIRE,MODERATE,6.82,338.98,N21,2026-09-08 13:52:00 IST,2,FAC-007,Bhilai Steel Complex,industrial,1629.265,LOW,LOW,CL-0070,2,1.0,CL-0070 (2 hotspots),0.88,None (Open / Rural Area),,AGRICULTURAL_FIRE,0.9937,"Event labeled as AGRICULTURAL_FIRE primarily based on: rural coordinates beyond active industrial buffers; low-intensity thermal signature (6.8 MW); isolated/spontaneous thermal occurrence. (Note: Statistical feature correlation, not verified physical causality)."
55ca5cae4b,6.55326,81.036,AGRICULTURAL_FIRE,MODERATE,8.42,342.86,N21,2026-09-08 13:52:00 IST,1,FAC-007,Bhilai Steel Complex,industrial,1627.954,LOW,LOW,NOISE,1,1.0,NOISE (1 hotspot),0.88,None (Open / Rural Area),,AGRICULTURAL_FIRE,0.9825,"Event labeled as AGRICULTURAL_FIRE primarily based on: rural coordinates beyond active industrial buffers; low-intensity thermal signature (8.4 MW); isolated/spontaneous thermal occurrence. (Note: Statistical feature correlation, not verified physical causality)."
7b0a95d7b5,6.69776,81.40108,AGRICULTURAL_FIRE,MODERATE,9.77,336.93,N21,2026-09-08 13:52:00 IST,1,FAC-007,Bhilai Steel Complex,industrial,1611.467,LOW,LOW,NOISE,1,1.0,NOISE (1 hotspot),0.88,None (Open / Rural Area),,AGRICULTURAL_FIRE,0.9789,"Event labeled as AGRICULTURAL_FIRE primarily based on: rural coordinates beyond active industrial buffers; low-intensity thermal signature (9.8 MW); isolated/spontaneous thermal occurrence. (Note: Statistical feature correlation, not verified physical causality)."
bc8bc7c324,6.71344,81.53087,AGRICULTURAL_FIRE,MODERATE,9.09,338.43,N21,2026-09-08 13:52:00 IST,1,FAC-007,Bhilai Steel Complex,industrial,1609.804,LOW,LOW,CL-0071,3,1.0,CL-0071 (3 hotspots),0.88,None (Open / Rural Area),,AGRICULTURAL_FIRE,0.987,"Event labeled as AGRICULTURAL_FIRE primarily based on: rural coordinates beyond active industrial buffers; low-intensity thermal signature (9.1 MW); isolated/spontaneous thermal occurrence. (Note: Statistical feature correlation, not verified physical causality)."
6e9eff7116,6.74004,81.54244,AGRICULTURAL_FIRE,MODERATE,7.51,335.44,N21,2026-09-08 13:52:00 IST,1,FAC-007,Bhilai Steel Complex,industrial,1606.859,LOW,LOW,NOISE,1,1.0,NOISE (1 hotspot),0.88,None (Open / Rural Area),,AGRICULTURAL_FIRE,0.9822,"Event labeled as AGRICULTURAL_FIRE primarily based on: rural coordinates beyond active industrial buffers; low-intensity thermal signature (7.5 MW); isolated/spontaneous thermal occurrence. (Note: Statistical feature correlation, not verified physical causality)."
a77bb09bf1,6.77424,81.55653,AGRICULTURAL_FIRE,MODERATE,12.59,353.57,N21,2026-09-08 13:52:00 IST,3,FAC-007,Bhilai Steel Complex,industrial,1603.074,LOW,LOW,CL-0072,3,1.0,CL-0072 (3 hotspots),0.88,None (Open / Rural Area),,AGRICULTURAL_FIRE,0.9837,"Event labeled as AGRICULTURAL_FIRE primarily based on: rural coordinates beyond active industrial buffers; low-intensity thermal signature (12.6 MW); repeated temporal persistence (3 recorded events). (Note: Statistical feature correlation, not verified physical causality)."
11da1d241d,6.9029,81.32422,AGRICULTURAL_FIRE,MODERATE,4.07,335.37,N21,2026-09-08 13:52:00 IST,1,FAC-007,Bhilai Steel Complex,industrial,1588.667,LOW,LOW,NOISE,1,1.0,NOISE (1 hotspot),0.88,None (Open / Rural Area),,AGRICULTURAL_FIRE,0.9879,"Event labeled as AGRICULTURAL_FIRE primarily based on: rural coordinates beyond active industrial buffers; low-intensity thermal signature (4.1 MW); isolated/spontaneous thermal occurrence. (Note: Statistical feature correlation, not verified physical causality)."
e653ffc2ef,6.97976,81.58334,AGRICULTURAL_FIRE,MODERATE,4.41,331.02,N21,2026-09-08 13:52:00 IST,1,FAC-007,Bhilai Steel Complex,industrial,1580.26,LOW,LOW,NOISE,1,1.0,NOISE (1 hotspot),0.88,None (Open / Rural Area),,AGRICULTURAL_FIRE,0.9813,"Event labeled as AGRICULTURAL_FIRE primarily based on: rural coordinates beyond active industrial buffers; low-intensity thermal signature (4.4 MW); isolated/spontaneous thermal occurrence. (Note: Statistical feature correlation, not verified physical causality)."
958f3145c9,7.04062,81.51006,AGRICULTURAL_FIRE,MODERATE,4.34,333.86,N21,2026-09-08 13:52:00 IST,1,FAC-007,Bhilai Steel Complex,industrial,1573.404,LOW,LOW,CL-0073,2,1.0,CL-0073 (2 hotspots),0.88,None (Open / Rural Area),,AGRICULTURAL_FIRE,0.9879,"Event labeled as AGRICULTURAL_FIRE primarily based on: rural coordinates beyond active industrial buffers; low-intensity thermal signature (4.3 MW); isolated/spontaneous thermal occurrence. (Note: Statistical feature correlation, not verified physical causality)."
05bdab063c,7.04313,81.50825,AGRICULTURAL_FIRE,MODERATE,6.38,332.92,N21,2026-09-08 13:52:00 IST,1,FAC-007,Bhilai Steel Complex,industrial,1573.123,LOW,LOW,CL-0073,2,1.0,CL-0073 (2 hotspots),0.88,None (Open / Rural Area),,AGRICULTURAL_FIRE,0.9879,"Event labeled as AGRICULTURAL_FIRE primarily based on: rural coordinates beyond active industrial buffers; low-intensity thermal signature (6.4 MW); isolated/spontaneous thermal occurrence. (Note: Statistical feature correlation, not verified physical causality)."
018317362b,7.07303,81.44435,AGRICULTURAL_FIRE,MODERATE,4.32,330.01,N21,2026-09-08 13:52:00 IST,2,FAC-007,Bhilai Steel Complex,industrial,1569.753,LOW,LOW,NOISE,1,1.0,NOISE (1 hotspot),0.88,None (Open / Rural Area),,AGRICULTURAL_FIRE,0.9889,"Event labeled as AGRICULTURAL_FIRE primarily based on: rural coordinates beyond active industrial buffers; low-intensity thermal signature (4.3 MW); isolated/spontaneous thermal occurrence. (Note: Statistical feature correlation, not verified physical causality)."
d42e60817a,7.08393,81.45663,AGRICULTURAL_FIRE,MODERATE,3.74,330.23,N21,2026-09-08 13:52:00 IST,2,FAC-007,Bhilai Steel Complex,industrial,1568.547,LOW,LOW,NOISE,1,1.0,NOISE (1 hotspot),0.88,None (Open / Rural Area),,AGRICULTURAL_FIRE,0.9889,"Event labeled as AGRICULTURAL_FIRE primarily based on: rural coordinates beyond active industrial buffers; low-intensity thermal signature (3.7 MW); isolated/spontaneous thermal occurrence. (Note: Statistical feature correlation, not verified physical causality)."
9785d66e64,7.19106,81.55193,AGRICULTURAL_FIRE,MODERATE,10.07,330.04,N21,2026-09-08 13:52:00 IST,2,FAC-007,Bhilai Steel Complex,industrial,1556.723,LOW,LOW,CL-0074,2,1.0,CL-0074 (2 hotspots),0.88,None (Open / Rural Area),,AGRICULTURAL_FIRE,0.9806,"Event labeled as AGRICULTURAL_FIRE primarily based on: rural coordinates beyond active industrial buffers; low-intensity thermal signature (10.1 MW); isolated/spontaneous thermal occurrence. (Note: Statistical feature correlation, not verified physical causality)."
e25bfa5848,7.30198,81.80838,AGRICULTURAL_FIRE,MODERATE,4.56,336.32,N21,2026-09-08 13:52:00 IST,1,FAC-007,Bhilai Steel Complex,industrial,1544.965,LOW,LOW,NOISE,1,1.0,NOISE (1 hotspot),0.88,None (Open / Rural Area),,AGRICULTURAL_FIRE,0.9879,"Event labeled as AGRICULTURAL_FIRE primarily based on: rural coordinates beyond active industrial buffers; low-intensity thermal signature (4.6 MW); isolated/spontaneous thermal occurrence. (Note: Statistical feature correlation, not verified physical causality)."
d75abd6f52,7.36522,81.82755,AGRICULTURAL_FIRE,MODERATE,6.86,335.01,N21,2026-09-08 13:52:00 IST,1,FAC-007,Bhilai Steel Complex,industrial,1537.999,LOW,LOW,NOISE,1,1.0,NOISE (1 hotspot),0.88,None (Open / Rural Area),,AGRICULTURAL_FIRE,0.9575,"Event labeled as AGRICULTURAL_FIRE primarily based on: rural coordinates beyond active industrial buffers; low-intensity thermal signature (6.9 MW); isolated/spontaneous thermal occurrence. (Note: Statistical feature correlation, not verified physical causality)."
16b207349e,7.38588,79.88,AGRICULTURAL_FIRE,MODERATE,9.97,341.64,N21,2026-09-08 13:52:00 IST,1,FAC-007,Bhilai Steel Complex,industrial,1543.388,LOW,LOW,NOISE,1,1.0,NOISE (1 hotspot),0.88,None (Open / Rural Area),,AGRICULTURAL_FIRE,0.9825,"Event labeled as AGRICULTURAL_FIRE primarily based on: rural coordinates beyond active industrial buffers; low-intensity thermal signature (10.0 MW); isolated/spontaneous thermal occurrence. (Note: Statistical feature correlation, not verified physical causality)."
6c0d6387a8,7.54722,80.22964,AGRICULTURAL_FIRE,MODERATE,4.03,337.11,N21,2026-09-08 13:52:00 IST,1,FAC-007,Bhilai Steel Complex,industrial,1522.034,LOW,LOW,NOISE,1,1.0,NOISE (1 hotspot),0.88,None (Open / Rural Area),,AGRICULTURAL_FIRE,0.9927,"Event labeled as AGRICULTURAL_FIRE primarily based on: rural coordinates beyond active industrial buffers; low-intensity thermal signature (4.0 MW); isolated/spontaneous thermal occurrence. (Note: Statistical feature correlation, not verified physical causality)."
ac688abd27,7.56507,80.94213,AGRICULTURAL_FIRE,MODERATE,3.71,339.21,N21,2026-09-08 13:52:00 IST,1,FAC-007,Bhilai Steel Complex,industrial,1515.755,LOW,LOW,NOISE,1,1.0,NOISE (1 hotspot),0.88,None (Open / Rural Area),,AGRICULTURAL_FIRE,0.9927,"Event labeled as AGRICULTURAL_FIRE primarily based on: rural coordinates beyond active industrial buffers; low-intensity thermal signature (3.7 MW); isolated/spontaneous thermal occurrence. (Note: Statistical feature correlation, not verified physical causality)."
b5b82d7a9b,7.65037,80.84367,AGRICULTURAL_FIRE,MODERATE,5.86,331.4,N21,2026-09-08 13:52:00 IST,1,FAC-007,Bhilai Steel Complex,industrial,1506.642,LOW,LOW,NOISE,1,1.0,NOISE (1 hotspot),0.88,None (Open / Rural Area),,AGRICULTURAL_FIRE,0.9813,"Event labeled as AGRICULTURAL_FIRE primarily based on: rural coordinates beyond active industrial buffers; low-intensity thermal signature (5.9 MW); isolated/spontaneous thermal occurrence. (Note: Statistical feature correlation, not verified physical causality)."
d8f7eec0fb,7.70645,80.69302,AGRICULTURAL_FIRE,MODERATE,15.6,334.14,N21,2026-09-08 13:52:00 IST,1,FAC-007,Bhilai Steel Complex,industrial,1501.118,LOW,LOW,CL-0075,3,1.0,CL-0075 (3 hotspots),0.88,None (Open / Rural Area),,AGRICULTURAL_FIRE,0.974,"Event labeled as AGRICULTURAL_FIRE primarily based on: rural coordinates beyond active industrial buffers; low-intensity thermal signature (15.6 MW); isolated/spontaneous thermal occurrence. (Note: Statistical feature correlation, not verified physical causality)."
57cb3d8730,7.71028,80.68887,AGRICULTURAL_FIRE,MODERATE,15.6,367.0,N21,2026-09-08 13:52:00 IST,2,FAC-007,Bhilai Steel Complex,industrial,1500.715,LOW,LOW,CL-0075,3,1.0,CL-0075 (3 hotspots),0.88,None (Open / Rural Area),,AGRICULTURAL_FIRE,0.9796,"Event labeled as AGRICULTURAL_FIRE primarily based on: rural coordinates beyond active industrial buffers; low-intensity thermal signature (15.6 MW); isolated/spontaneous thermal occurrence. (Note: Statistical feature correlation, not verified physical causality)."
6cb1c55274,7.71066,80.03299,AGRICULTURAL_FIRE,MODERATE,2.66,332.91,N21,2026-09-08 13:52:00 IST,1,FAC-007,Bhilai Steel Complex,industrial,1505.799,LOW,LOW,NOISE,1,1.0,NOISE (1 hotspot),0.88,None (Open / Rural Area),,AGRICULTURAL_FIRE,0.9879,"Event labeled as AGRICULTURAL_FIRE primarily based on: rural coordinates beyond active industrial buffers; low-intensity thermal signature (2.7 MW); isolated/spontaneous thermal occurrence. (Note: Statistical feature correlation, not verified physical causality)."
7f8e4ca142,7.71078,80.69248,AGRICULTURAL_FIRE,MODERATE,15.6,367.0,N21,2026-09-08 13:52:00 IST,2,FAC-007,Bhilai Steel Complex,industrial,1500.64,LOW,LOW,CL-0075,3,1.0,CL-0075 (3 hotspots),0.88,None (Open / Rural Area),,AGRICULTURAL_FIRE,0.9796,"Event labeled as AGRICULTURAL_FIRE primarily based on: rural coordinates beyond active industrial buffers; low-intensity thermal signature (15.6 MW); isolated/spontaneous thermal occurrence. (Note: Statistical feature correlation, not verified physical causality)."
88ddfc5afe,7.71873,79.85054,AGRICULTURAL_FIRE,MODERATE,11.36,351.03,N21,2026-09-08 13:52:00 IST,1,FAC-007,Bhilai Steel Complex,industrial,1506.915,LOW,LOW,NOISE,1,1.0,NOISE (1 hotspot),0.88,None (Open / Rural Area),,AGRICULTURAL_FIRE,0.9578,"Event labeled as AGRICULTURAL_FIRE primarily based on: rural coordinates beyond active industrial buffers; low-intensity thermal signature (11.4 MW); isolated/spontaneous thermal occurrence. (Note: Statistical feature correlation, not verified physical causality)."
cdc32d51f2,7.73295,81.15227,AGRICULTURAL_FIRE,MODERATE,9.16,347.64,N21,2026-09-08 13:52:00 IST,2,FAC-007,Bhilai Steel Complex,industrial,1496.558,LOW,LOW,CL-0076,2,1.0,CL-0076 (2 hotspots),0.88,None (Open / Rural Area),,AGRICULTURAL_FIRE,0.9725,"Event labeled as AGRICULTURAL_FIRE primarily based on: rural coordinates beyond active industrial buffers; low-intensity thermal signature (9.2 MW); isolated/spontaneous thermal occurrence. (Note: Statistical feature correlation, not verified physical causality)."
f1f06db505,7.73403,81.15084,AGRICULTURAL_FIRE,MODERATE,10.59,341.95,N21,2026-09-08 13:52:00 IST,2,FAC-007,Bhilai Steel Complex,industrial,1496.44,LOW,LOW,CL-0076,2,1.0,CL-0076 (2 hotspots),0.88,None (Open / Rural Area),,AGRICULTURAL_FIRE,0.9892,"Event labeled as AGRICULTURAL_FIRE primarily based on: rural coordinates beyond active industrial buffers; low-intensity thermal signature (10.6 MW); isolated/spontaneous thermal occurrence. (Note: Statistical feature correlation, not verified physical causality)."
b260b1cdfc,7.75369,81.10416,AGRICULTURAL_FIRE,MODERATE,5.14,340.67,N21,2026-09-08 13:52:00 IST,1,FAC-007,Bhilai Steel Complex,industrial,1494.345,LOW,LOW,NOISE,1,1.0,NOISE (1 hotspot),0.88,None (Open / Rural Area),,AGRICULTURAL_FIRE,0.9927,"Event labeled as AGRICULTURAL_FIRE primarily based on: rural coordinates beyond active industrial buffers; low-intensity thermal signature (5.1 MW); isolated/spontaneous thermal occurrence. (Note: Statistical feature correlation, not verified physical causality)."
2eb7686cb4,7.79291,80.13694,AGRICULTURAL_FIRE,MODERATE,4.37,339.56,N21,2026-09-08 13:52:00 IST,1,FAC-007,Bhilai Steel Complex,industrial,1495.657,LOW,LOW,NOISE,1,1.0,NOISE (1 hotspot),0.88,None (Open / Rural Area),,AGRICULTURAL_FIRE,0.9927,"Event labeled as AGRICULTURAL_FIRE primarily based on: rural coordinates beyond active industrial buffers; low-intensity thermal signature (4.4 MW); isolated/spontaneous thermal occurrence. (Note: Statistical feature correlation, not verified physical causality)."
c06220fbf8,7.81706,79.93014,AGRICULTURAL_FIRE,MODERATE,11.07,343.31,N21,2026-09-08 13:52:00 IST,1,FAC-007,Bhilai Steel Complex,industrial,1495.129,LOW,LOW,NOISE,1,1.0,NOISE (1 hotspot),0.88,None (Open / Rural Area),,AGRICULTURAL_FIRE,0.9825,"Event labeled as AGRICULTURAL_FIRE primarily based on: rural coordinates beyond active industrial buffers; low-intensity thermal signature (11.1 MW); isolated/spontaneous thermal occurrence. (Note: Statistical feature correlation, not verified physical causality)."
804fc2f1f1,7.83528,80.09206,AGRICULTURAL_FIRE,MODERATE,6.85,339.18,N21,2026-09-08 13:52:00 IST,1,FAC-007,Bhilai Steel Complex,industrial,1491.402,LOW,LOW,NOISE,1,1.0,NOISE (1 hotspot),0.88,None (Open / Rural Area),,AGRICULTURAL_FIRE,0.9927,"Event labeled as AGRICULTURAL_FIRE primarily based on: rural coordinates beyond active industrial buffers; low-intensity thermal signature (6.8 MW); isolated/spontaneous thermal occurrence. (Note: Statistical feature correlation, not verified physical causality)."
6ce159bd07,7.88146,80.30216,AGRICULTURAL_FIRE,MODERATE,4.13,333.08,N21,2026-09-08 13:52:00 IST,1,FAC-007,Bhilai Steel Complex,industrial,1484.36,LOW,LOW,NOISE,1,1.0,NOISE (1 hotspot),0.88,None (Open / Rural Area),,AGRICULTURAL_FIRE,0.9879,"Event labeled as AGRICULTURAL_FIRE primarily based on: rural coordinates beyond active industrial buffers; low-intensity thermal signature (4.1 MW); isolated/spontaneous thermal occurrence. (Note: Statistical feature correlation, not verified physical causality)."
5b2f963641,7.88359,80.19463,AGRICULTURAL_FIRE,MODERATE,4.29,336.6,N21,2026-09-08 13:52:00 IST,2,FAC-007,Bhilai Steel Complex,industrial,1485.068,LOW,LOW,NOISE,1,1.0,NOISE (1 hotspot),0.88,None (Open / Rural Area),,AGRICULTURAL_FIRE,0.9889,"Event labeled as AGRICULTURAL_FIRE primarily based on: rural coordinates beyond active industrial buffers; low-intensity thermal signature (4.3 MW); isolated/spontaneous thermal occurrence. (Note: Statistical feature correlation, not verified physical causality)."
9bd920176d,7.89576,80.31219,AGRICULTURAL_FIRE,MODERATE,2.53,336.68,N21,2026-09-08 13:52:00 IST,1,FAC-007,Bhilai Steel Complex,industrial,1482.691,LOW,LOW,NOISE,1,1.0,NOISE (1 hotspot),0.88,None (Open / Rural Area),,AGRICULTURAL_FIRE,0.9927,"Event labeled as AGRICULTURAL_FIRE primarily based on: rural coordinates beyond active industrial buffers; low-intensity thermal signature (2.5 MW); isolated/spontaneous thermal occurrence. (Note: Statistical feature correlation, not verified physical causality)."
871290b0d9,7.91018,80.0658,AGRICULTURAL_FIRE,MODERATE,2.18,331.72,N21,2026-09-08 13:52:00 IST,2,FAC-007,Bhilai Steel Complex,industrial,1483.373,LOW,LOW,CL-0077,2,1.0,CL-0077 (2 hotspots),0.88,None (Open / Rural Area),,AGRICULTURAL_FIRE,0.9889,"Event labeled as AGRICULTURAL_FIRE primarily based on: rural coordinates beyond active industrial buffers; low-intensity thermal signature (2.2 MW); isolated/spontaneous thermal occurrence. (Note: Statistical feature correlation, not verified physical causality)."
5f665bfecc,7.91203,80.06565,AGRICULTURAL_FIRE,MODERATE,3.73,330.28,N21,2026-09-08 13:52:00 IST,2,FAC-007,Bhilai Steel Complex,industrial,1483.17,LOW,LOW,CL-0077,2,1.0,CL-0077 (2 hotspots),0.88,None (Open / Rural Area),,AGRICULTURAL_FIRE,0.9889,"Event labeled as AGRICULTURAL_FIRE primarily based on: rural coordinates beyond active industrial buffers; low-intensity thermal signature (3.7 MW); isolated/spontaneous thermal occurrence. (Note: Statistical feature correlation, not verified physical causality)."
e42f73938b,7.925,80.55324,AGRICULTURAL_FIRE,MODERATE,17.55,354.45,N21,2026-09-08 13:52:00 IST,2,FAC-007,Bhilai Steel Complex,industrial,1477.67,LOW,LOW,CL-0078,2,1.0,CL-0078 (2 hotspots),0.88,None (Open / Rural Area),,AGRICULTURAL_FIRE,0.9725,"Event labeled as AGRICULTURAL_FIRE primarily based on: rural coordinates beyond active industrial buffers; low-intensity thermal signature (17.6 MW); isolated/spontaneous thermal occurrence. (Note: Statistical feature correlation, not verified physical causality)."
88a40846ed,7.93941,81.04449,AGRICULTURAL_FIRE,MODERATE,8.65,336.21,N21,2026-09-08 13:52:00 IST,1,FAC-007,Bhilai Steel Complex,industrial,1473.84,LOW,LOW,CL-0079,2,1.0,CL-0079 (2 hotspots),0.88,None (Open / Rural Area),,AGRICULTURAL_FIRE,0.9822,"Event labeled as AGRICULTURAL_FIRE primarily based on: rural coordinates beyond active industrial buffers; low-intensity thermal signature (8.7 MW); isolated/spontaneous thermal occurrence. (Note: Statistical feature correlation, not verified physical causality)."
09d18f07a8,7.94324,81.0453,AGRICULTURAL_FIRE,MODERATE,7.89,351.15,N21,2026-09-08 13:52:00 IST,1,FAC-007,Bhilai Steel Complex,industrial,1473.413,LOW,LOW,CL-0079,2,1.0,CL-0079 (2 hotspots),0.88,None (Open / Rural Area),,AGRICULTURAL_FIRE,0.9475,"Event labeled as AGRICULTURAL_FIRE primarily based on: rural coordinates beyond active industrial buffers; low-intensity thermal signature (7.9 MW); isolated/spontaneous thermal occurrence. (Note: Statistical feature correlation, not verified physical causality)."
309383e7f4,7.94974,80.10694,AGRICULTURAL_FIRE,MODERATE,7.84,346.32,N21,2026-09-08 13:52:00 IST,2,FAC-007,Bhilai Steel Complex,industrial,1478.579,LOW,LOW,CL-0080,2,1.0,CL-0080 (2 hotspots),0.88,None (Open / Rural Area),,AGRICULTURAL_FIRE,0.972,"Event labeled as AGRICULTURAL_FIRE primarily based on: rural coordinates beyond active industrial buffers; low-intensity thermal signature (7.8 MW); isolated/spontaneous thermal occurrence. (Note: Statistical feature correlation, not verified physical causality)."
876e8fd9bf,7.97218,80.70206,AGRICULTURAL_FIRE,MODERATE,2.2,330.63,N21,2026-09-08 13:52:00 IST,1,FAC-007,Bhilai Steel Complex,industrial,1471.556,LOW,LOW,NOISE,1,1.0,NOISE (1 hotspot),0.88,None (Open / Rural Area),,AGRICULTURAL_FIRE,0.9813,"Event labeled as AGRICULTURAL_FIRE primarily based on: rural coordinates beyond active industrial buffers; low-intensity thermal signature (2.2 MW); isolated/spontaneous thermal occurrence. (Note: Statistical feature correlation, not verified physical causality)."
54e148b8f3,8.00587,80.17339,AGRICULTURAL_FIRE,MODERATE,4.18,338.66,N21,2026-09-08 13:52:00 IST,1,FAC-007,Bhilai Steel Complex,industrial,1471.718,LOW,LOW,NOISE,1,1.0,NOISE (1 hotspot),0.88,None (Open / Rural Area),,AGRICULTURAL_FIRE,0.9927,"Event labeled as AGRICULTURAL_FIRE primarily based on: rural coordinates beyond active industrial buffers; low-intensity thermal signature (4.2 MW); isolated/spontaneous thermal occurrence. (Note: Statistical feature correlation, not verified physical causality)."
25256abec7,8.00621,80.71095,AGRICULTURAL_FIRE,MODERATE,5.54,332.99,N21,2026-09-08 13:52:00 IST,1,FAC-007,Bhilai Steel Complex,industrial,1467.73,LOW,LOW,NOISE,1,1.0,NOISE (1 hotspot),0.88,None (Open / Rural Area),,AGRICULTURAL_FIRE,0.9879,"Event labeled as AGRICULTURAL_FIRE primarily based on: rural coordinates beyond active industrial buffers; low-intensity thermal signature (5.5 MW); isolated/spontaneous thermal occurrence. (Note: Statistical feature correlation, not verified physical causality)."
9652a091dd,8.02521,80.62346,AGRICULTURAL_FIRE,MODERATE,8.54,341.92,N21,2026-09-08 13:52:00 IST,1,FAC-007,Bhilai Steel Complex,industrial,1466.11,LOW,LOW,NOISE,1,1.0,NOISE (1 hotspot),0.88,None (Open / Rural Area),,AGRICULTURAL_FIRE,0.9825,"Event labeled as AGRICULTURAL_FIRE primarily based on: rural coordinates beyond active industrial buffers; low-intensity thermal signature (8.5 MW); isolated/spontaneous thermal occurrence. (Note: Statistical feature correlation, not verified physical causality)."
53b0f4336e,8.06066,80.65664,AGRICULTURAL_FIRE,MODERATE,4.64,330.2,N21,2026-09-08 13:52:00 IST,2,FAC-007,Bhilai Steel Complex,industrial,1461.98,LOW,LOW,CL-0019,3,1.0,CL-0019 (3 hotspots),0.88,None (Open / Rural Area),,AGRICULTURAL_FIRE,0.9889,"Event labeled as AGRICULTURAL_FIRE primarily based on: rural coordinates beyond active industrial buffers; low-intensity thermal signature (4.6 MW); isolated/spontaneous thermal occurrence. (Note: Statistical feature correlation, not verified physical causality)."
90838f6b3e,8.08208,80.44212,AGRICULTURAL_FIRE,MODERATE,4.07,332.7,N21,2026-09-08 13:52:00 IST,1,FAC-007,Bhilai Steel Complex,industrial,1461.006,LOW,LOW,NOISE,1,1.0,NOISE (1 hotspot),0.88,None (Open / Rural Area),,AGRICULTURAL_FIRE,0.9879,"Event labeled as AGRICULTURAL_FIRE primarily based on: rural coordinates beyond active industrial buffers; low-intensity thermal signature (4.1 MW); isolated/spontaneous thermal occurrence. (Note: Statistical feature correlation, not verified physical causality)."
6d8097a3ba,8.11368,80.8131,AGRICULTURAL_FIRE,MODERATE,4.36,331.22,N21,2026-09-08 13:52:00 IST,1,FAC-007,Bhilai Steel Complex,industrial,1455.294,LOW,LOW,CL-0062,9,1.0,CL-0062 (9 hotspots),0.88,None (Open / Rural Area),,AGRICULTURAL_FIRE,0.9813,"Event labeled as AGRICULTURAL_FIRE primarily based on: rural coordinates beyond active industrial buffers; low-intensity thermal signature (4.4 MW); isolated/spontaneous thermal occurrence. (Note: Statistical feature correlation, not verified physical causality)."
d21594e250,8.12183,80.80756,AGRICULTURAL_FIRE,MODERATE,10.69,332.62,N21,2026-09-08 13:52:00 IST,7,FAC-007,Bhilai Steel Complex,industrial,1454.414,LOW,LOW,CL-0062,9,1.0,CL-0062 (9 hotspots),0.88,None (Open / Rural Area),,AGRICULTURAL_FIRE,0.9905,"Event labeled as AGRICULTURAL_FIRE primarily based on: rural coordinates beyond active industrial buffers; low-intensity thermal signature (10.7 MW); repeated temporal persistence (7 recorded events). (Note: Statistical feature correlation, not verified physical causality)."
83c4d2162c,8.12222,80.80523,AGRICULTURAL_FIRE,MODERATE,9.63,332.08,N21,2026-09-08 13:52:00 IST,7,FAC-007,Bhilai Steel Complex,industrial,1454.381,LOW,LOW,CL-0062,9,1.0,CL-0062 (9 hotspots),0.88,None (Open / Rural Area),,AGRICULTURAL_FIRE,0.9905,"Event labeled as AGRICULTURAL_FIRE primarily based on: rural coordinates beyond active industrial buffers; low-intensity thermal signature (9.6 MW); repeated temporal persistence (7 recorded events). (Note: Statistical feature correlation, not verified physical causality)."
a90b2ee779,8.13002,80.04712,AGRICULTURAL_FIRE,MODERATE,5.72,336.9,N21,2026-09-08 13:52:00 IST,2,FAC-007,Bhilai Steel Complex,industrial,1459.23,LOW,LOW,CL-0081,2,1.0,CL-0081 (2 hotspots),0.88,None (Open / Rural Area),,AGRICULTURAL_FIRE,0.9937,"Event labeled as AGRICULTURAL_FIRE primarily based on: rural coordinates beyond active industrial buffers; low-intensity thermal signature (5.7 MW); isolated/spontaneous thermal occurrence. (Note: Statistical feature correlation, not verified physical causality)."
973efadc70,8.13209,80.04674,AGRICULTURAL_FIRE,MODERATE,3.12,332.82,N21,2026-09-08 13:52:00 IST,2,FAC-007,Bhilai Steel Complex,industrial,1459.005,LOW,LOW,CL-0081,2,1.0,CL-0081 (2 hotspots),0.88,None (Open / Rural Area),,AGRICULTURAL_FIRE,0.9889,"Event labeled as AGRICULTURAL_FIRE primarily based on: rural coordinates beyond active industrial buffers; low-intensity thermal signature (3.1 MW); isolated/spontaneous thermal occurrence. (Note: Statistical feature correlation, not verified physical causality)."
4e43d59c60,8.14487,81.13193,AGRICULTURAL_FIRE,MODERATE,10.37,342.28,N21,2026-09-08 13:52:00 IST,3,FAC-007,Bhilai Steel Complex,industrial,1450.798,LOW,LOW,CL-0082,3,1.0,CL-0082 (3 hotspots),0.88,None (Open / Rural Area),,AGRICULTURAL_FIRE,0.9933,"Event labeled as AGRICULTURAL_FIRE primarily based on: rural coordinates beyond active industrial buffers; low-intensity thermal signature (10.4 MW); repeated temporal persistence (3 recorded events). (Note: Statistical feature correlation, not verified physical causality)."
d32940ae03,8.1455,81.13643,AGRICULTURAL_FIRE,MODERATE,9.85,332.6,N21,2026-09-08 13:52:00 IST,3,FAC-007,Bhilai Steel Complex,industrial,1450.72,LOW,LOW,CL-0082,3,1.0,CL-0082 (3 hotspots),0.88,None (Open / Rural Area),,AGRICULTURAL_FIRE,0.9978,"Event labeled as AGRICULTURAL_FIRE primarily based on: rural coordinates beyond active industrial buffers; low-intensity thermal signature (9.8 MW); repeated temporal persistence (3 recorded events). (Note: Statistical feature correlation, not verified physical causality)."
25927ba304,8.16101,80.7302,AGRICULTURAL_FIRE,MODERATE,9.89,337.88,N21,2026-09-08 13:52:00 IST,1,FAC-007,Bhilai Steel Complex,industrial,1450.436,LOW,LOW,NOISE,1,1.0,NOISE (1 hotspot),0.88,None (Open / Rural Area),,AGRICULTURAL_FIRE,0.987,"Event labeled as AGRICULTURAL_FIRE primarily based on: rural coordinates beyond active industrial buffers; low-intensity thermal signature (9.9 MW); isolated/spontaneous thermal occurrence. (Note: Statistical feature correlation, not verified physical causality)."
e7a5cebfd7,8.17546,80.30257,AGRICULTURAL_FIRE,MODERATE,1.69,331.46,N21,2026-09-08 13:52:00 IST,1,FAC-007,Bhilai Steel Complex,industrial,1451.762,LOW,LOW,NOISE,1,1.0,NOISE (1 hotspot),0.88,None (Open / Rural Area),,AGRICULTURAL_FIRE,0.9813,"Event labeled as AGRICULTURAL_FIRE primarily based on: rural coordinates beyond active industrial buffers; low-intensity thermal signature (1.7 MW); isolated/spontaneous thermal occurrence. (Note: Statistical feature correlation, not verified physical causality)."
80e593dcea,8.2054,80.36328,AGRICULTURAL_FIRE,MODERATE,5.52,335.76,N21,2026-09-08 13:52:00 IST,1,FAC-007,Bhilai Steel Complex,industrial,1447.938,LOW,LOW,NOISE,1,1.0,NOISE (1 hotspot),0.88,None (Open / Rural Area),,AGRICULTURAL_FIRE,0.9879,"Event labeled as AGRICULTURAL_FIRE primarily based on: rural coordinates beyond active industrial buffers; low-intensity thermal signature (5.5 MW); isolated/spontaneous thermal occurrence. (Note: Statistical feature correlation, not verified physical causality)."
aef7696ed6,8.21241,80.38275,AGRICULTURAL_FIRE,MODERATE,8.78,341.38,N21,2026-09-08 13:52:00 IST,1,FAC-007,Bhilai Steel Complex,industrial,1447.004,LOW,LOW,NOISE,1,1.0,NOISE (1 hotspot),0.88,None (Open / Rural Area),,AGRICULTURAL_FIRE,0.9825,"Event labeled as AGRICULTURAL_FIRE primarily based on: rural coordinates beyond active industrial buffers; low-intensity thermal signature (8.8 MW); isolated/spontaneous thermal occurrence. (Note: Statistical feature correlation, not verified physical causality)."
28ee8211f2,8.23308,80.69492,AGRICULTURAL_FIRE,MODERATE,5.99,333.06,N21,2026-09-08 13:52:00 IST,2,FAC-007,Bhilai Steel Complex,industrial,1442.619,LOW,LOW,CL-0083,2,1.0,CL-0083 (2 hotspots),0.88,None (Open / Rural Area),,AGRICULTURAL_FIRE,0.9889,"Event labeled as AGRICULTURAL_FIRE primarily based on: rural coordinates beyond active industrial buffers; low-intensity thermal signature (6.0 MW); isolated/spontaneous thermal occurrence. (Note: Statistical feature correlation, not verified physical causality)."
fe2f2e9992,8.23327,81.05791,AGRICULTURAL_FIRE,MODERATE,5.83,333.96,N21,2026-09-08 13:52:00 IST,1,FAC-007,Bhilai Steel Complex,industrial,1441.139,LOW,LOW,NOISE,1,1.0,NOISE (1 hotspot),0.88,None (Open / Rural Area),,AGRICULTURAL_FIRE,0.9879,"Event labeled as AGRICULTURAL_FIRE primarily based on: rural coordinates beyond active industrial buffers; low-intensity thermal signature (5.8 MW); isolated/spontaneous thermal occurrence. (Note: Statistical feature correlation, not verified physical causality)."
d3493479ea,8.23365,80.69917,AGRICULTURAL_FIRE,MODERATE,5.65,333.04,N21,2026-09-08 13:52:00 IST,2,FAC-007,Bhilai Steel Complex,industrial,1442.532,LOW,LOW,CL-0083,2,1.0,CL-0083 (2 hotspots),0.88,None (Open / Rural Area),,AGRICULTURAL_FIRE,0.9889,"Event labeled as AGRICULTURAL_FIRE primarily based on: rural coordinates beyond active industrial buffers; low-intensity thermal signature (5.7 MW); isolated/spontaneous thermal occurrence. (Note: Statistical feature correlation, not verified physical causality)."
e0836b2c7d,8.26527,80.44974,AGRICULTURAL_FIRE,MODERATE,9.21,340.03,N21,2026-09-08 13:52:00 IST,1,FAC-007,Bhilai Steel Complex,industrial,1440.626,LOW,LOW,NOISE,1,1.0,NOISE (1 hotspot),0.88,None (Open / Rural Area),,AGRICULTURAL_FIRE,0.987,"Event labeled as AGRICULTURAL_FIRE primarily based on: rural coordinates beyond active industrial buffers; low-intensity thermal signature (9.2 MW); isolated/spontaneous thermal occurrence. (Note: Statistical feature correlation, not verified physical causality)."
bc12e32bbd,8.29538,80.75999,AGRICULTURAL_FIRE,MODERATE,10.28,345.56,N21,2026-09-08 13:52:00 IST,1,FAC-007,Bhilai Steel Complex,industrial,1435.36,LOW,LOW,NOISE,1,1.0,NOISE (1 hotspot),0.88,None (Open / Rural Area),,AGRICULTURAL_FIRE,0.9825,"Event labeled as AGRICULTURAL_FIRE primarily based on: rural coordinates beyond active industrial buffers; low-intensity thermal signature (10.3 MW); isolated/spontaneous thermal occurrence. (Note: Statistical feature correlation, not verified physical causality)."
178be37a5a,8.30749,80.6246,AGRICULTURAL_FIRE,MODERATE,5.38,335.2,N21,2026-09-08 13:52:00 IST,1,FAC-007,Bhilai Steel Complex,industrial,1434.761,LOW,LOW,NOISE,1,1.0,NOISE (1 hotspot),0.88,None (Open / Rural Area),,AGRICULTURAL_FIRE,0.9879,"Event labeled as AGRICULTURAL_FIRE primarily based on: rural coordinates beyond active industrial buffers; low-intensity thermal signature (5.4 MW); isolated/spontaneous thermal occurrence. (Note: Statistical feature correlation, not verified physical causality)."
373942142e,8.34113,80.19086,AGRICULTURAL_FIRE,MODERATE,20.3,335.95,N21,2026-09-08 13:52:00 IST,2,FAC-007,Bhilai Steel Complex,industrial,1434.412,LOW,LOW,CL-0084,2,1.0,CL-0084 (2 hotspots),0.88,None (Open / Rural Area),,AGRICULTURAL_FIRE,0.9641,"Event labeled as AGRICULTURAL_FIRE primarily based on: rural coordinates beyond active industrial buffers; low-intensity thermal signature (20.3 MW); isolated/spontaneous thermal occurrence. (Note: Statistical feature correlation, not verified physical causality)."
1b1191e3db,8.34169,80.1948,AGRICULTURAL_FIRE,MODERATE,27.25,342.42,N21,2026-09-08 13:52:00 IST,2,FAC-007,Bhilai Steel Complex,industrial,1434.312,LOW,LOW,CL-0084,2,1.0,CL-0084 (2 hotspots),0.88,None (Open / Rural Area),,AGRICULTURAL_FIRE,0.9243,"Event labeled as AGRICULTURAL_FIRE primarily based on: rural coordinates beyond active industrial buffers; low-intensity thermal signature (27.2 MW); isolated/spontaneous thermal occurrence. (Note: Statistical feature correlation, not verified physical causality)."
6693aef198,8.35129,77.57536,AGRICULTURAL_FIRE,MODERATE,7.94,337.99,N21,2026-09-08 13:52:00 IST,1,FAC-007,Bhilai Steel Complex,industrial,1484.769,LOW,LOW,NOISE,1,1.0,NOISE (1 hotspot),0.88,None (Open / Rural Area),,AGRICULTURAL_FIRE,0.987,"Event labeled as AGRICULTURAL_FIRE primarily based on: rural coordinates beyond active industrial buffers; low-intensity thermal signature (7.9 MW); isolated/spontaneous thermal occurrence. (Note: Statistical feature correlation, not verified physical causality)."
9eaa969769,8.3563,80.17673,AGRICULTURAL_FIRE,MODERATE,24.83,352.51,N21,2026-09-08 13:52:00 IST,2,FAC-007,Bhilai Steel Complex,industrial,1432.867,LOW,LOW,CL-0085,2,1.0,CL-0085 (2 hotspots),0.88,None (Open / Rural Area),,AGRICULTURAL_FIRE,0.956,"Event labeled as AGRICULTURAL_FIRE primarily based on: rural coordinates beyond active industrial buffers; low-intensity thermal signature (24.8 MW); isolated/spontaneous thermal occurrence. (Note: Statistical feature correlation, not verified physical causality)."
540d8e3986,8.35724,80.17769,AGRICULTURAL_FIRE,MODERATE,24.92,341.6,N21,2026-09-08 13:52:00 IST,2,FAC-007,Bhilai Steel Complex,industrial,1432.754,LOW,LOW,CL-0085,2,1.0,CL-0085 (2 hotspots),0.88,None (Open / Rural Area),,AGRICULTURAL_FIRE,0.949,"Event labeled as AGRICULTURAL_FIRE primarily based on: rural coordinates beyond active industrial buffers; low-intensity thermal signature (24.9 MW); isolated/spontaneous thermal occurrence. (Note: Statistical feature correlation, not verified physical causality)."
808f4ec8ae,8.4142,81.10427,AGRICULTURAL_FIRE,MODERATE,7.18,340.7,N21,2026-09-08 13:52:00 IST,1,FAC-007,Bhilai Steel Complex,industrial,1420.914,LOW,LOW,NOISE,1,1.0,NOISE (1 hotspot),0.88,None (Open / Rural Area),,AGRICULTURAL_FIRE,0.9604,"Event labeled as AGRICULTURAL_FIRE primarily based on: rural coordinates beyond active industrial buffers; low-intensity thermal signature (7.2 MW); isolated/spontaneous thermal occurrence. (Note: Statistical feature correlation, not verified physical causality)."
d659c80228,8.44955,80.19279,AGRICULTURAL_FIRE,MODERATE,9.42,336.0,N21,2026-09-08 13:52:00 IST,1,FAC-007,Bhilai Steel Complex,industrial,1422.383,LOW,LOW,NOISE,1,1.0,NOISE (1 hotspot),0.88,None (Open / Rural Area),,AGRICULTURAL_FIRE,0.9822,"Event labeled as AGRICULTURAL_FIRE primarily based on: rural coordinates beyond active industrial buffers; low-intensity thermal signature (9.4 MW); isolated/spontaneous thermal occurrence. (Note: Statistical feature correlation, not verified physical causality)."
665afa345b,8.48359,80.7542,AGRICULTURAL_FIRE,MODERATE,5.62,332.98,N21,2026-09-08 13:52:00 IST,1,FAC-007,Bhilai Steel Complex,industrial,1414.483,LOW,LOW,CL-0086,2,1.0,CL-0086 (2 hotspots),0.88,None (Open / Rural Area),,AGRICULTURAL_FIRE,0.9879,"Event labeled as AGRICULTURAL_FIRE primarily based on: rural coordinates beyond active industrial buffers; low-intensity thermal signature (5.6 MW); isolated/spontaneous thermal occurrence. (Note: Statistical feature correlation, not verified physical causality)."
5935a147c4,8.50425,80.83977,WILDFIRE_BIOMASS,HIGH,45.38,347.27,N21,2026-09-08 13:52:00 IST,1,FAC-007,Bhilai Steel Complex,industrial,1411.782,LOW,LOW,NOISE,1,1.0,NOISE (1 hotspot),0.85,None (Open / Rural Area),,WILDFIRE_BIOMASS,0.9479,"Event labeled as WILDFIRE_BIOMASS primarily based on: rural coordinates beyond active industrial buffers; moderate thermal radiative power (45.4 MW); isolated/spontaneous thermal occurrence. (Note: Statistical feature correlation, not verified physical causality)."
83e50e0a33,8.50442,80.48933,AGRICULTURAL_FIRE,MODERATE,4.88,333.05,N21,2026-09-08 13:52:00 IST,2,FAC-007,Bhilai Steel Complex,industrial,1413.803,LOW,LOW,CL-0087,2,1.0,CL-0087 (2 hotspots),0.88,None (Open / Rural Area),,AGRICULTURAL_FIRE,0.9889,"Event labeled as AGRICULTURAL_FIRE primarily based on: rural coordinates beyond active industrial buffers; low-intensity thermal signature (4.9 MW); isolated/spontaneous thermal occurrence. (Note: Statistical feature correlation, not verified physical causality)."
56d8d6e626,8.50873,80.48872,AGRICULTURAL_FIRE,MODERATE,4.88,330.0,N21,2026-09-08 13:52:00 IST,2,FAC-007,Bhilai Steel Complex,industrial,1413.329,LOW,LOW,CL-0087,2,1.0,CL-0087 (2 hotspots),0.88,None (Open / Rural Area),,AGRICULTURAL_FIRE,0.9889,"Event labeled as AGRICULTURAL_FIRE primarily based on: rural coordinates beyond active industrial buffers; low-intensity thermal signature (4.9 MW); isolated/spontaneous thermal occurrence. (Note: Statistical feature correlation, not verified physical causality)."
9395200625,8.53179,80.60948,AGRICULTURAL_FIRE,MODERATE,2.51,330.76,N21,2026-09-08 13:52:00 IST,2,FAC-007,Bhilai Steel Complex,industrial,1409.953,LOW,LOW,NOISE,1,1.0,NOISE (1 hotspot),0.88,None (Open / Rural Area),,AGRICULTURAL_FIRE,0.9889,"Event labeled as AGRICULTURAL_FIRE primarily based on: rural coordinates beyond active industrial buffers; low-intensity thermal signature (2.5 MW); isolated/spontaneous thermal occurrence. (Note: Statistical feature correlation, not verified physical causality)."
78665b7ddb,8.54104,80.61244,AGRICULTURAL_FIRE,MODERATE,6.06,347.17,N21,2026-09-08 13:52:00 IST,2,FAC-007,Bhilai Steel Complex,industrial,1408.907,LOW,LOW,NOISE,1,1.0,NOISE (1 hotspot),0.88,None (Open / Rural Area),,AGRICULTURAL_FIRE,0.9796,"Event labeled as AGRICULTURAL_FIRE primarily based on: rural coordinates beyond active industrial buffers; low-intensity thermal signature (6.1 MW); isolated/spontaneous thermal occurrence. (Note: Statistical feature correlation, not verified physical causality)."
d0d0ce2a85,8.55648,80.7274,AGRICULTURAL_FIRE,MODERATE,7.94,346.51,N21,2026-09-08 13:52:00 IST,1,FAC-007,Bhilai Steel Complex,industrial,1406.526,LOW,LOW,NOISE,1,1.0,NOISE (1 hotspot),0.88,None (Open / Rural Area),,AGRICULTURAL_FIRE,0.9629,"Event labeled as AGRICULTURAL_FIRE primarily based on: rural coordinates beyond active industrial buffers; low-intensity thermal signature (7.9 MW); isolated/spontaneous thermal occurrence. (Note: Statistical feature correlation, not verified physical causality)."
dcc46fda8a,8.56899,80.49351,AGRICULTURAL_FIRE,MODERATE,5.75,336.58,N21,2026-09-08 13:52:00 IST,1,FAC-007,Bhilai Steel Complex,industrial,1406.608,LOW,LOW,NOISE,1,1.0,NOISE (1 hotspot),0.88,None (Open / Rural Area),,AGRICULTURAL_FIRE,0.9879,"Event labeled as AGRICULTURAL_FIRE primarily based on: rural coordinates beyond active industrial buffers; low-intensity thermal signature (5.8 MW); isolated/spontaneous thermal occurrence. (Note: Statistical feature correlation, not verified physical causality)."
8d5802d9c4,8.58827,78.13114,AGRICULTURAL_FIRE,MODERATE,6.7,338.22,N21,2026-09-08 13:52:00 IST,1,FAC-007,Bhilai Steel Complex,industrial,1443.882,LOW,LOW,NOISE,1,1.0,NOISE (1 hotspot),0.88,None (Open / Rural Area),,AGRICULTURAL_FIRE,0.9927,"Event labeled as AGRICULTURAL_FIRE primarily based on: rural coordinates beyond active industrial buffers; low-intensity thermal signature (6.7 MW); isolated/spontaneous thermal occurrence. (Note: Statistical feature correlation, not verified physical causality)."
158bc2a1bb,8.5959,80.31518,AGRICULTURAL_FIRE,MODERATE,14.57,340.46,N21,2026-09-08 13:52:00 IST,2,FAC-007,Bhilai Steel Complex,industrial,1405.046,LOW,LOW,CL-0088,2,1.0,CL-0088 (2 hotspots),0.88,None (Open / Rural Area),,AGRICULTURAL_FIRE,0.9937,"Event labeled as AGRICULTURAL_FIRE primarily based on: rural coordinates beyond active industrial buffers; low-intensity thermal signature (14.6 MW); isolated/spontaneous thermal occurrence. (Note: Statistical feature correlation, not verified physical causality)."
d1657bbe76,8.59646,80.3148,AGRICULTURAL_FIRE,MODERATE,16.66,340.59,N21,2026-09-08 13:52:00 IST,2,FAC-007,Bhilai Steel Complex,industrial,1404.987,LOW,LOW,CL-0088,2,1.0,CL-0088 (2 hotspots),0.88,None (Open / Rural Area),,AGRICULTURAL_FIRE,0.9937,"Event labeled as AGRICULTURAL_FIRE primarily based on: rural coordinates beyond active industrial buffers; low-intensity thermal signature (16.7 MW); isolated/spontaneous thermal occurrence. (Note: Statistical feature correlation, not verified physical causality)."
ea276023ff,8.60539,77.96745,AGRICULTURAL_FIRE,MODERATE,22.28,340.75,N21,2026-09-08 13:52:00 IST,2,FAC-007,Bhilai Steel Complex,industrial,1446.369,LOW,LOW,CL-0089,2,1.0,CL-0089 (2 hotspots),0.88,None (Open / Rural Area),,AGRICULTURAL_FIRE,0.9358,"Event labeled as AGRICULTURAL_FIRE primarily based on: rural coordinates beyond active industrial buffers; low-intensity thermal signature (22.3 MW); isolated/spontaneous thermal occurrence. (Note: Statistical feature correlation, not verified physical causality)."
593d239056,8.69732,80.73946,AGRICULTURAL_FIRE,MODERATE,5.79,334.74,N21,2026-09-08 13:52:00 IST,1,FAC-007,Bhilai Steel Complex,industrial,1390.82,LOW,LOW,NOISE,1,1.0,NOISE (1 hotspot),0.88,None (Open / Rural Area),,AGRICULTURAL_FIRE,0.9879,"Event labeled as AGRICULTURAL_FIRE primarily based on: rural coordinates beyond active industrial buffers; low-intensity thermal signature (5.8 MW); isolated/spontaneous thermal occurrence. (Note: Statistical feature correlation, not verified physical causality)."
715d26b088,8.73366,77.81716,AGRICULTURAL_FIRE,MODERATE,6.88,339.76,N21,2026-09-08 13:52:00 IST,2,FAC-007,Bhilai Steel Complex,industrial,1436.747,LOW,LOW,CL-0090,2,1.0,CL-0090 (2 hotspots),0.88,None (Open / Rural Area),,AGRICULTURAL_FIRE,0.9937,"Event labeled as AGRICULTURAL_FIRE primarily based on: rural coordinates beyond active industrial buffers; low-intensity thermal signature (6.9 MW); isolated/spontaneous thermal occurrence. (Note: Statistical feature correlation, not verified physical causality)."
11bf43fedb,8.73731,77.81662,AGRICULTURAL_FIRE,MODERATE,6.88,338.94,N21,2026-09-08 13:52:00 IST,2,FAC-007,Bhilai Steel Complex,industrial,1436.37,LOW,LOW,CL-0090,2,1.0,CL-0090 (2 hotspots),0.88,None (Open / Rural Area),,AGRICULTURAL_FIRE,0.9937,"Event labeled as AGRICULTURAL_FIRE primarily based on: rural coordinates beyond active industrial buffers; low-intensity thermal signature (6.9 MW); isolated/spontaneous thermal occurrence. (Note: Statistical feature correlation, not verified physical causality)."
50a1a84024,8.80817,80.53466,AGRICULTURAL_FIRE,MODERATE,8.11,330.63,N21,2026-09-08 13:52:00 IST,2,FAC-007,Bhilai Steel Complex,industrial,1379.775,LOW,LOW,CL-0091,2,1.0,CL-0091 (2 hotspots),0.88,None (Open / Rural Area),,AGRICULTURAL_FIRE,0.9806,"Event labeled as AGRICULTURAL_FIRE primarily based on: rural coordinates beyond active industrial buffers; low-intensity thermal signature (8.1 MW); isolated/spontaneous thermal occurrence. (Note: Statistical feature correlation, not verified physical causality)."
55e33039f0,8.80876,80.53885,AGRICULTURAL_FIRE,MODERATE,4.43,335.55,N21,2026-09-08 13:52:00 IST,2,FAC-007,Bhilai Steel Complex,industrial,1379.68,LOW,LOW,CL-0091,2,1.0,CL-0091 (2 hotspots),0.88,None (Open / Rural Area),,AGRICULTURAL_FIRE,0.9889,"Event labeled as AGRICULTURAL_FIRE primarily based on: rural coordinates beyond active industrial buffers; low-intensity thermal signature (4.4 MW); isolated/spontaneous thermal occurrence. (Note: Statistical feature correlation, not verified physical causality)."
0abb4c7eed,8.8287,80.52316,AGRICULTURAL_FIRE,MODERATE,3.29,333.42,N21,2026-09-08 13:52:00 IST,1,FAC-007,Bhilai Steel Complex,industrial,1377.578,LOW,LOW,NOISE,1,1.0,NOISE (1 hotspot),0.88,None (Open / Rural Area),,AGRICULTURAL_FIRE,0.9879,"Event labeled as AGRICULTURAL_FIRE primarily based on: rural coordinates beyond active industrial buffers; low-intensity thermal signature (3.3 MW); isolated/spontaneous thermal occurrence. (Note: Statistical feature correlation, not verified physical causality)."
dde2a421ec,8.8465,80.44485,AGRICULTURAL_FIRE,MODERATE,6.63,330.95,N21,2026-09-08 13:52:00 IST,1,FAC-007,Bhilai Steel Complex,industrial,1376.189,LOW,LOW,NOISE,1,1.0,NOISE (1 hotspot),0.88,None (Open / Rural Area),,AGRICULTURAL_FIRE,0.9509,"Event labeled as AGRICULTURAL_FIRE primarily based on: rural coordinates beyond active industrial buffers; low-intensity thermal signature (6.6 MW); isolated/spontaneous thermal occurrence. (Note: Statistical feature correlation, not verified physical causality)."
d8474004b9,8.84915,77.81451,AGRICULTURAL_FIRE,MODERATE,6.21,337.79,N21,2026-09-08 13:52:00 IST,1,FAC-007,Bhilai Steel Complex,industrial,1424.424,LOW,LOW,NOISE,1,1.0,NOISE (1 hotspot),0.88,None (Open / Rural Area),,AGRICULTURAL_FIRE,0.9927,"Event labeled as AGRICULTURAL_FIRE primarily based on: rural coordinates beyond active industrial buffers; low-intensity thermal signature (6.2 MW); isolated/spontaneous thermal occurrence. (Note: Statistical feature correlation, not verified physical causality)."
b5797ac787,8.86114,80.65377,AGRICULTURAL_FIRE,MODERATE,7.22,332.5,N21,2026-09-08 13:52:00 IST,2,FAC-007,Bhilai Steel Complex,industrial,1373.115,LOW,LOW,CL-0092,2,1.0,CL-0092 (2 hotspots),0.88,None (Open / Rural Area),,AGRICULTURAL_FIRE,0.9642,"Event labeled as AGRICULTURAL_FIRE primarily based on: rural coordinates beyond active industrial buffers; low-intensity thermal signature (7.2 MW); isolated/spontaneous thermal occurrence. (Note: Statistical feature correlation, not verified physical causality)."
4ce5da2fd6,8.86478,78.08195,AGRICULTURAL_FIRE,MODERATE,13.19,343.18,N21,2026-09-08 13:52:00 IST,1,FAC-007,Bhilai Steel Complex,industrial,1415.322,LOW,LOW,CL-0022,3,1.0,CL-0022 (3 hotspots),0.88,None (Open / Rural Area),,AGRICULTURAL_FIRE,0.9825,"Event labeled as AGRICULTURAL_FIRE primarily based on: rural coordinates beyond active industrial buffers; low-intensity thermal signature (13.2 MW); isolated/spontaneous thermal occurrence. (Note: Statistical feature correlation, not verified physical causality)."
ee8e91f2ac,8.86524,80.65672,AGRICULTURAL_FIRE,MODERATE,7.33,330.46,N21,2026-09-08 13:52:00 IST,2,FAC-007,Bhilai Steel Complex,industrial,1372.642,LOW,LOW,CL-0092,2,1.0,CL-0092 (2 hotspots),0.88,None (Open / Rural Area),,AGRICULTURAL_FIRE,0.9724,"Event labeled as AGRICULTURAL_FIRE primarily based on: rural coordinates beyond active industrial buffers; low-intensity thermal signature (7.3 MW); isolated/spontaneous thermal occurrence. (Note: Statistical feature correlation, not verified physical causality)."
33172080a6,8.86913,78.08589,AGRICULTURAL_FIRE,MODERATE,13.19,343.59,N21,2026-09-08 13:52:00 IST,2,FAC-007,Bhilai Steel Complex,industrial,1414.748,LOW,LOW,CL-0022,3,1.0,CL-0022 (3 hotspots),0.88,None (Open / Rural Area),,AGRICULTURAL_FIRE,0.9892,"Event labeled as AGRICULTURAL_FIRE primarily based on: rural coordinates beyond active industrial buffers; low-intensity thermal signature (13.2 MW); isolated/spontaneous thermal occurrence. (Note: Statistical feature correlation, not verified physical causality)."
5f079afc4e,8.88382,77.79616,AGRICULTURAL_FIRE,MODERATE,4.84,336.88,N21,2026-09-08 13:52:00 IST,1,FAC-007,Bhilai Steel Complex,industrial,1421.233,LOW,LOW,NOISE,1,1.0,NOISE (1 hotspot),0.88,None (Open / Rural Area),,AGRICULTURAL_FIRE,0.9927,"Event labeled as AGRICULTURAL_FIRE primarily based on: rural coordinates beyond active industrial buffers; low-intensity thermal signature (4.8 MW); isolated/spontaneous thermal occurrence. (Note: Statistical feature correlation, not verified physical causality)."
5f9accbe8b,8.91747,80.87355,AGRICULTURAL_FIRE,MODERATE,5.67,335.84,N21,2026-09-08 13:52:00 IST,1,FAC-007,Bhilai Steel Complex,industrial,1365.723,LOW,LOW,NOISE,1,1.0,NOISE (1 hotspot),0.88,None (Open / Rural Area),,AGRICULTURAL_FIRE,0.9879,"Event labeled as AGRICULTURAL_FIRE primarily based on: rural coordinates beyond active industrial buffers; low-intensity thermal signature (5.7 MW); isolated/spontaneous thermal occurrence. (Note: Statistical feature correlation, not verified physical causality)."
eb1a73b12b,8.92031,80.76068,AGRICULTURAL_FIRE,MODERATE,8.61,341.96,N21,2026-09-08 13:52:00 IST,2,FAC-007,Bhilai Steel Complex,industrial,1365.941,LOW,LOW,CL-0093,2,1.0,CL-0093 (2 hotspots),0.88,None (Open / Rural Area),,AGRICULTURAL_FIRE,0.9892,"Event labeled as AGRICULTURAL_FIRE primarily based on: rural coordinates beyond active industrial buffers; low-intensity thermal signature (8.6 MW); isolated/spontaneous thermal occurrence. (Note: Statistical feature correlation, not verified physical causality)."
4d72873d36,8.9209,80.76503,AGRICULTURAL_FIRE,MODERATE,8.61,341.71,N21,2026-09-08 13:52:00 IST,2,FAC-007,Bhilai Steel Complex,industrial,1365.853,LOW,LOW,CL-0093,2,1.0,CL-0093 (2 hotspots),0.88,None (Open / Rural Area),,AGRICULTURAL_FIRE,0.9892,"Event labeled as AGRICULTURAL_FIRE primarily based on: rural coordinates beyond active industrial buffers; low-intensity thermal signature (8.6 MW); isolated/spontaneous thermal occurrence. (Note: Statistical feature correlation, not verified physical causality)."
73428579e3,8.93358,77.49417,AGRICULTURAL_FIRE,MODERATE,3.63,335.99,N21,2026-09-08 13:52:00 IST,1,FAC-007,Bhilai Steel Complex,industrial,1425.008,LOW,LOW,NOISE,1,1.0,NOISE (1 hotspot),0.88,None (Open / Rural Area),,AGRICULTURAL_FIRE,0.9879,"Event labeled as AGRICULTURAL_FIRE primarily based on: rural coordinates beyond active industrial buffers; low-intensity thermal signature (3.6 MW); isolated/spontaneous thermal occurrence. (Note: Statistical feature correlation, not verified physical causality)."
f2b2ea8e83,8.93672,80.84823,AGRICULTURAL_FIRE,MODERATE,6.38,337.09,N21,2026-09-08 13:52:00 IST,3,FAC-007,Bhilai Steel Complex,industrial,1363.695,LOW,LOW,NOISE,1,1.0,NOISE (1 hotspot),0.88,None (Open / Rural Area),,AGRICULTURAL_FIRE,0.9978,"Event labeled as AGRICULTURAL_FIRE primarily based on: rural coordinates beyond active industrial buffers; low-intensity thermal signature (6.4 MW); repeated temporal persistence (3 recorded events). (Note: Statistical feature correlation, not verified physical causality)."
da53569724,8.97822,80.78842,AGRICULTURAL_FIRE,MODERATE,4.05,330.4,N21,2026-09-08 13:52:00 IST,1,FAC-007,Bhilai Steel Complex,industrial,1359.368,LOW,LOW,NOISE,1,1.0,NOISE (1 hotspot),0.88,None (Open / Rural Area),,AGRICULTURAL_FIRE,0.9813,"Event labeled as AGRICULTURAL_FIRE primarily based on: rural coordinates beyond active industrial buffers; low-intensity thermal signature (4.0 MW); isolated/spontaneous thermal occurrence. (Note: Statistical feature correlation, not verified physical causality)."
5447c4728c,9.04233,78.01846,AGRICULTURAL_FIRE,MODERATE,11.21,339.56,N21,2026-09-08 13:52:00 IST,1,FAC-007,Bhilai Steel Complex,industrial,1397.917,LOW,LOW,NOISE,1,1.0,NOISE (1 hotspot),0.88,None (Open / Rural Area),,AGRICULTURAL_FIRE,0.987,"Event labeled as AGRICULTURAL_FIRE primarily based on: rural coordinates beyond active industrial buffers; low-intensity thermal signature (11.2 MW); isolated/spontaneous thermal occurrence. (Note: Statistical feature correlation, not verified physical causality)."
6be899ce5d,9.05442,77.6814,AGRICULTURAL_FIRE,MODERATE,4.97,338.42,N21,2026-09-08 13:52:00 IST,1,FAC-007,Bhilai Steel Complex,industrial,1406.354,LOW,LOW,NOISE,1,1.0,NOISE (1 hotspot),0.88,None (Open / Rural Area),,AGRICULTURAL_FIRE,0.9927,"Event labeled as AGRICULTURAL_FIRE primarily based on: rural coordinates beyond active industrial buffers; low-intensity thermal signature (5.0 MW); isolated/spontaneous thermal occurrence. (Note: Statistical feature correlation, not verified physical causality)."
c549a8a6a9,9.09004,77.77312,AGRICULTURAL_FIRE,MODERATE,10.56,348.41,N21,2026-09-08 13:52:00 IST,1,FAC-007,Bhilai Steel Complex,industrial,1399.804,LOW,LOW,NOISE,1,1.0,NOISE (1 hotspot),0.88,None (Open / Rural Area),,AGRICULTURAL_FIRE,0.9658,"Event labeled as AGRICULTURAL_FIRE primarily based on: rural coordinates beyond active industrial buffers; low-intensity thermal signature (10.6 MW); isolated/spontaneous thermal occurrence. (Note: Statistical feature correlation, not verified physical causality)."
5cce954b87,9.09544,77.34049,AGRICULTURAL_FIRE,MODERATE,5.52,336.61,N21,2026-09-08 13:52:00 IST,1,FAC-007,Bhilai Steel Complex,industrial,1412.717,LOW,LOW,NOISE,1,1.0,NOISE (1 hotspot),0.88,None (Open / Rural Area),,AGRICULTURAL_FIRE,0.9879,"Event labeled as AGRICULTURAL_FIRE primarily based on: rural coordinates beyond active industrial buffers; low-intensity thermal signature (5.5 MW); isolated/spontaneous thermal occurrence. (Note: Statistical feature correlation, not verified physical causality)."
3942df8a45,9.14565,80.56906,AGRICULTURAL_FIRE,MODERATE,3.75,335.13,N21,2026-09-08 13:52:00 IST,1,FAC-007,Bhilai Steel Complex,industrial,1342.085,LOW,LOW,NOISE,1,1.0,NOISE (1 hotspot),0.88,None (Open / Rural Area),,AGRICULTURAL_FIRE,0.9879,"Event labeled as AGRICULTURAL_FIRE primarily based on: rural coordinates beyond active industrial buffers; low-intensity thermal signature (3.8 MW); isolated/spontaneous thermal occurrence. (Note: Statistical feature correlation, not verified physical causality)."
bcf0a73487,9.22446,80.65133,AGRICULTURAL_FIRE,MODERATE,3.95,336.94,N21,2026-09-08 13:52:00 IST,1,FAC-007,Bhilai Steel Complex,industrial,1332.794,LOW,LOW,NOISE,1,1.0,NOISE (1 hotspot),0.88,None (Open / Rural Area),,AGRICULTURAL_FIRE,0.9927,"Event labeled as AGRICULTURAL_FIRE primarily based on: rural coordinates beyond active industrial buffers; low-intensity thermal signature (4.0 MW); isolated/spontaneous thermal occurrence. (Note: Statistical feature correlation, not verified physical causality)."
2ab3956783,9.27549,78.66257,AGRICULTURAL_FIRE,MODERATE,5.92,338.63,N21,2026-09-08 13:52:00 IST,1,FAC-007,Bhilai Steel Complex,industrial,1356.397,LOW,LOW,NOISE,1,1.0,NOISE (1 hotspot),0.88,None (Open / Rural Area),,AGRICULTURAL_FIRE,0.9927,"Event labeled as AGRICULTURAL_FIRE primarily based on: rural coordinates beyond active industrial buffers; low-intensity thermal signature (5.9 MW); isolated/spontaneous thermal occurrence. (Note: Statistical feature correlation, not verified physical causality)."
dd660d4a45,9.31614,78.72684,AGRICULTURAL_FIRE,MODERATE,13.24,345.46,N21,2026-09-08 13:52:00 IST,1,FAC-007,Bhilai Steel Complex,industrial,1350.514,LOW,LOW,NOISE,1,1.0,NOISE (1 hotspot),0.88,None (Open / Rural Area),,AGRICULTURAL_FIRE,0.9825,"Event labeled as AGRICULTURAL_FIRE primarily based on: rural coordinates beyond active industrial buffers; low-intensity thermal signature (13.2 MW); isolated/spontaneous thermal occurrence. (Note: Statistical feature correlation, not verified physical causality)."
b6f2a1c0a5,9.34192,78.82452,WILDFIRE_BIOMASS,HIGH,31.48,337.52,N21,2026-09-08 13:52:00 IST,1,FAC-007,Bhilai Steel Complex,industrial,1345.544,LOW,LOW,NOISE,1,1.0,NOISE (1 hotspot),0.85,None (Open / Rural Area),,WILDFIRE_BIOMASS,0.8916,"Event labeled as WILDFIRE_BIOMASS primarily based on: rural coordinates beyond active industrial buffers; moderate thermal radiative power (31.5 MW); isolated/spontaneous thermal occurrence. (Note: Statistical feature correlation, not verified physical causality)."
cdc3902682,9.3559,80.69241,AGRICULTURAL_FIRE,MODERATE,9.42,346.16,N21,2026-09-08 13:52:00 IST,1,FAC-007,Bhilai Steel Complex,industrial,1317.95,LOW,LOW,NOISE,1,1.0,NOISE (1 hotspot),0.88,None (Open / Rural Area),,AGRICULTURAL_FIRE,0.973,"Event labeled as AGRICULTURAL_FIRE primarily based on: rural coordinates beyond active industrial buffers; low-intensity thermal signature (9.4 MW); isolated/spontaneous thermal occurrence. (Note: Statistical feature correlation, not verified physical causality)."
a0c3ff99dc,9.38507,80.44005,AGRICULTURAL_FIRE,MODERATE,7.81,341.4,N21,2026-09-08 13:52:00 IST,2,FAC-007,Bhilai Steel Complex,industrial,1316.499,LOW,LOW,CL-0094,2,1.0,CL-0094 (2 hotspots),0.88,None (Open / Rural Area),,AGRICULTURAL_FIRE,0.9892,"Event labeled as AGRICULTURAL_FIRE primarily based on: rural coordinates beyond active industrial buffers; low-intensity thermal signature (7.8 MW); isolated/spontaneous thermal occurrence. (Note: Statistical feature correlation, not verified physical causality)."
603540ce2f,9.38563,80.44428,AGRICULTURAL_FIRE,MODERATE,7.81,339.39,N21,2026-09-08 13:52:00 IST,2,FAC-007,Bhilai Steel Complex,industrial,1316.403,LOW,LOW,CL-0094,2,1.0,CL-0094 (2 hotspots),0.88,None (Open / Rural Area),,AGRICULTURAL_FIRE,0.9937,"Event labeled as AGRICULTURAL_FIRE primarily based on: rural coordinates beyond active industrial buffers; low-intensity thermal signature (7.8 MW); isolated/spontaneous thermal occurrence. (Note: Statistical feature correlation, not verified physical causality)."
fad6579ec5,9.52653,77.79057,AGRICULTURAL_FIRE,MODERATE,14.47,342.79,N21,2026-09-08 13:52:00 IST,1,FAC-007,Bhilai Steel Complex,industrial,1352.59,LOW,LOW,NOISE,1,1.0,NOISE (1 hotspot),0.88,None (Open / Rural Area),,AGRICULTURAL_FIRE,0.9825,"Event labeled as AGRICULTURAL_FIRE primarily based on: rural coordinates beyond active industrial buffers; low-intensity thermal signature (14.5 MW); isolated/spontaneous thermal occurrence. (Note: Statistical feature correlation, not verified physical causality)."
e50a4c964d,9.53313,78.64571,WILDFIRE_BIOMASS,HIGH,54.78,346.35,N21,2026-09-08 13:52:00 IST,1,FAC-007,Bhilai Steel Complex,industrial,1328.792,LOW,LOW,NOISE,1,1.0,NOISE (1 hotspot),0.85,None (Open / Rural Area),,WILDFIRE_BIOMASS,0.9491,"Event labeled as WILDFIRE_BIOMASS primarily based on: rural coordinates beyond active industrial buffers; moderate thermal radiative power (54.8 MW); isolated/spontaneous thermal occurrence. (Note: Statistical feature correlation, not verified physical causality)."
a8273683f4,9.75825,78.38308,AGRICULTURAL_FIRE,MODERATE,2.91,336.88,N21,2026-09-08 13:52:00 IST,1,FAC-007,Bhilai Steel Complex,industrial,1310.937,LOW,LOW,NOISE,1,1.0,NOISE (1 hotspot),0.88,None (Open / Rural Area),,AGRICULTURAL_FIRE,0.9927,"Event labeled as AGRICULTURAL_FIRE primarily based on: rural coordinates beyond active industrial buffers; low-intensity thermal signature (2.9 MW); isolated/spontaneous thermal occurrence. (Note: Statistical feature correlation, not verified physical causality)."
7c2877f53e,9.85383,77.64912,AGRICULTURAL_FIRE,MODERATE,5.26,335.9,N21,2026-09-08 13:52:00 IST,1,FAC-007,Bhilai Steel Complex,industrial,1322.142,LOW,LOW,NOISE,1,1.0,NOISE (1 hotspot),0.88,None (Open / Rural Area),,AGRICULTURAL_FIRE,0.9879,"Event labeled as AGRICULTURAL_FIRE primarily based on: rural coordinates beyond active industrial buffers; low-intensity thermal signature (5.3 MW); isolated/spontaneous thermal occurrence. (Note: Statistical feature correlation, not verified physical causality)."
c186e0a421,9.86731,78.65581,AGRICULTURAL_FIRE,MODERATE,3.23,336.69,N21,2026-09-08 13:52:00 IST,1,FAC-007,Bhilai Steel Complex,industrial,1292.28,LOW,LOW,NOISE,1,1.0,NOISE (1 hotspot),0.88,None (Open / Rural Area),,AGRICULTURAL_FIRE,0.9927,"Event labeled as AGRICULTURAL_FIRE primarily based on: rural coordinates beyond active industrial buffers; low-intensity thermal signature (3.2 MW); isolated/spontaneous thermal occurrence. (Note: Statistical feature correlation, not verified physical causality)."
31fa3b9a34,9.96227,78.9623,AGRICULTURAL_FIRE,MODERATE,3.07,336.26,N21,2026-09-08 13:52:00 IST,1,FAC-007,Bhilai Steel Complex,industrial,1274.939,LOW,LOW,NOISE,1,1.0,NOISE (1 hotspot),0.88,None (Open / Rural Area),,AGRICULTURAL_FIRE,0.9879,"Event labeled as AGRICULTURAL_FIRE primarily based on: rural coordinates beyond active industrial buffers; low-intensity thermal signature (3.1 MW); isolated/spontaneous thermal occurrence. (Note: Statistical feature correlation, not verified physical causality)."
8bbe124be2,9.97272,78.71961,AGRICULTURAL_FIRE,MODERATE,1.96,331.94,N21,2026-09-08 13:52:00 IST,1,FAC-007,Bhilai Steel Complex,industrial,1279.316,LOW,LOW,NOISE,1,1.0,NOISE (1 hotspot),0.88,None (Open / Rural Area),,AGRICULTURAL_FIRE,0.9813,"Event labeled as AGRICULTURAL_FIRE primarily based on: rural coordinates beyond active industrial buffers; low-intensity thermal signature (2.0 MW); isolated/spontaneous thermal occurrence. (Note: Statistical feature correlation, not verified physical causality)."
5cfb43b628,10.04153,78.05537,AGRICULTURAL_FIRE,MODERATE,2.16,338.27,N21,2026-09-08 13:52:00 IST,1,FAC-007,Bhilai Steel Complex,industrial,1289.577,LOW,LOW,NOISE,1,1.0,NOISE (1 hotspot),0.88,None (Open / Rural Area),,AGRICULTURAL_FIRE,0.9927,"Event labeled as AGRICULTURAL_FIRE primarily based on: rural coordinates beyond active industrial buffers; low-intensity thermal signature (2.2 MW); isolated/spontaneous thermal occurrence. (Note: Statistical feature correlation, not verified physical causality)."
743154bf8b,10.16706,78.7907,AGRICULTURAL_FIRE,MODERATE,3.99,338.75,N21,2026-09-08 13:52:00 IST,1,FAC-007,Bhilai Steel Complex,industrial,1256.535,LOW,LOW,NOISE,1,1.0,NOISE (1 hotspot),0.88,None (Open / Rural Area),,AGRICULTURAL_FIRE,0.9927,"Event labeled as AGRICULTURAL_FIRE primarily based on: rural coordinates beyond active industrial buffers; low-intensity thermal signature (4.0 MW); isolated/spontaneous thermal occurrence. (Note: Statistical feature correlation, not verified physical causality)."
f10037588d,10.17314,78.80556,AGRICULTURAL_FIRE,MODERATE,3.25,332.18,N21,2026-09-08 13:52:00 IST,1,FAC-007,Bhilai Steel Complex,industrial,1255.526,LOW,LOW,NOISE,1,1.0,NOISE (1 hotspot),0.88,None (Open / Rural Area),,AGRICULTURAL_FIRE,0.9813,"Event labeled as AGRICULTURAL_FIRE primarily based on: rural coordinates beyond active industrial buffers; low-intensity thermal signature (3.2 MW); isolated/spontaneous thermal occurrence. (Note: Statistical feature correlation, not verified physical causality)."
e6460d7189,10.23821,79.09862,AGRICULTURAL_FIRE,MODERATE,10.75,344.63,N21,2026-09-08 13:52:00 IST,1,FAC-007,Bhilai Steel Complex,industrial,1241.937,LOW,LOW,NOISE,1,1.0,NOISE (1 hotspot),0.88,None (Open / Rural Area),,AGRICULTURAL_FIRE,0.9825,"Event labeled as AGRICULTURAL_FIRE primarily based on: rural coordinates beyond active industrial buffers; low-intensity thermal signature (10.8 MW); isolated/spontaneous thermal occurrence. (Note: Statistical feature correlation, not verified physical causality)."
33371114fd,10.27256,77.2524,AGRICULTURAL_FIRE,MODERATE,16.81,341.4,N21,2026-09-08 13:52:00 IST,2,FAC-007,Bhilai Steel Complex,industrial,1291.566,LOW,LOW,CL-0095,2,1.0,CL-0095 (2 hotspots),0.88,None (Open / Rural Area),,AGRICULTURAL_FIRE,0.9892,"Event labeled as AGRICULTURAL_FIRE primarily based on: rural coordinates beyond active industrial buffers; low-intensity thermal signature (16.8 MW); isolated/spontaneous thermal occurrence. (Note: Statistical feature correlation, not verified physical causality)."
dc9c886811,10.40929,79.80421,AGRICULTURAL_FIRE,MODERATE,3.37,338.02,N21,2026-09-08 13:52:00 IST,1,FAC-007,Bhilai Steel Complex,industrial,1210.517,LOW,LOW,NOISE,1,1.0,NOISE (1 hotspot),0.88,None (Open / Rural Area),,AGRICULTURAL_FIRE,0.9927,"Event labeled as AGRICULTURAL_FIRE primarily based on: rural coordinates beyond active industrial buffers; low-intensity thermal signature (3.4 MW); isolated/spontaneous thermal occurrence. (Note: Statistical feature correlation, not verified physical causality)."
106047f5e4,10.42191,79.25281,AGRICULTURAL_FIRE,MODERATE,13.69,367.0,N21,2026-09-08 13:52:00 IST,2,FAC-007,Bhilai Steel Complex,industrial,1218.719,LOW,LOW,CL-0096,2,1.0,CL-0096 (2 hotspots),0.88,None (Open / Rural Area),,AGRICULTURAL_FIRE,0.9796,"Event labeled as AGRICULTURAL_FIRE primarily based on: rural coordinates beyond active industrial buffers; low-intensity thermal signature (13.7 MW); isolated/spontaneous thermal occurrence. (Note: Statistical feature correlation, not verified physical causality)."
cbc67ba424,10.42648,79.25591,AGRICULTURAL_FIRE,MODERATE,15.53,350.01,N21,2026-09-08 13:52:00 IST,2,FAC-007,Bhilai Steel Complex,industrial,1218.157,LOW,LOW,CL-0096,2,1.0,CL-0096 (2 hotspots),0.88,None (Open / Rural Area),,AGRICULTURAL_FIRE,0.9725,"Event labeled as AGRICULTURAL_FIRE primarily based on: rural coordinates beyond active industrial buffers; low-intensity thermal signature (15.5 MW); isolated/spontaneous thermal occurrence. (Note: Statistical feature correlation, not verified physical causality)."
5c0132cfc0,10.43482,77.7946,AGRICULTURAL_FIRE,MODERATE,9.44,341.46,N21,2026-09-08 13:52:00 IST,1,FAC-007,Bhilai Steel Complex,industrial,1255.721,LOW,LOW,NOISE,1,1.0,NOISE (1 hotspot),0.88,None (Open / Rural Area),,AGRICULTURAL_FIRE,0.9825,"Event labeled as AGRICULTURAL_FIRE primarily based on: rural coordinates beyond active industrial buffers; low-intensity thermal signature (9.4 MW); isolated/spontaneous thermal occurrence. (Note: Statistical feature correlation, not verified physical causality)."
70ed0e58a9,10.49573,78.17871,AGRICULTURAL_FIRE,MODERATE,5.23,335.43,N21,2026-09-08 13:52:00 IST,1,FAC-007,Bhilai Steel Complex,industrial,1237.304,LOW,LOW,NOISE,1,1.0,NOISE (1 hotspot),0.88,None (Open / Rural Area),,AGRICULTURAL_FIRE,0.9879,"Event labeled as AGRICULTURAL_FIRE primarily based on: rural coordinates beyond active industrial buffers; low-intensity thermal signature (5.2 MW); isolated/spontaneous thermal occurrence. (Note: Statistical feature correlation, not verified physical causality)."
5af8a6ddf8,10.55287,77.33337,AGRICULTURAL_FIRE,MODERATE,9.0,340.8,N21,2026-09-08 13:52:00 IST,1,FAC-007,Bhilai Steel Complex,industrial,1259.229,LOW,LOW,NOISE,1,1.0,NOISE (1 hotspot),0.88,None (Open / Rural Area),,AGRICULTURAL_FIRE,0.9788,"Event labeled as AGRICULTURAL_FIRE primarily based on: rural coordinates beyond active industrial buffers; low-intensity thermal signature (9.0 MW); isolated/spontaneous thermal occurrence. (Note: Statistical feature correlation, not verified physical causality)."
597308bfc5,10.55847,78.78347,AGRICULTURAL_FIRE,MODERATE,5.9,341.32,N21,2026-09-08 13:52:00 IST,1,FAC-007,Bhilai Steel Complex,industrial,1214.241,LOW,LOW,NOISE,1,1.0,NOISE (1 hotspot),0.88,None (Open / Rural Area),,AGRICULTURAL_FIRE,0.9882,"Event labeled as AGRICULTURAL_FIRE primarily based on: rural coordinates beyond active industrial buffers; low-intensity thermal signature (5.9 MW); isolated/spontaneous thermal occurrence. (Note: Statistical feature correlation, not verified physical causality)."
dc1a8b6cce,10.75671,78.84985,AGRICULTURAL_FIRE,MODERATE,2.77,335.72,N21,2026-09-08 13:52:00 IST,1,FAC-007,Bhilai Steel Complex,industrial,1191.137,LOW,LOW,NOISE,1,1.0,NOISE (1 hotspot),0.88,None (Open / Rural Area),,AGRICULTURAL_FIRE,0.9879,"Event labeled as AGRICULTURAL_FIRE primarily based on: rural coordinates beyond active industrial buffers; low-intensity thermal signature (2.8 MW); isolated/spontaneous thermal occurrence. (Note: Statistical feature correlation, not verified physical causality)."
dc289edcd8,10.78588,78.80675,AGRICULTURAL_FIRE,MODERATE,1.68,338.74,N21,2026-09-08 13:52:00 IST,1,FAC-007,Bhilai Steel Complex,industrial,1189.028,LOW,LOW,NOISE,1,1.0,NOISE (1 hotspot),0.88,None (Open / Rural Area),,AGRICULTURAL_FIRE,0.9927,"Event labeled as AGRICULTURAL_FIRE primarily based on: rural coordinates beyond active industrial buffers; low-intensity thermal signature (1.7 MW); isolated/spontaneous thermal occurrence. (Note: Statistical feature correlation, not verified physical causality)."
b3d63ec1d5,10.78738,77.37723,AGRICULTURAL_FIRE,MODERATE,6.63,340.07,N21,2026-09-08 13:52:00 IST,1,FAC-007,Bhilai Steel Complex,industrial,1233.062,LOW,LOW,CL-0097,2,1.0,CL-0097 (2 hotspots),0.88,None (Open / Rural Area),,AGRICULTURAL_FIRE,0.9927,"Event labeled as AGRICULTURAL_FIRE primarily based on: rural coordinates beyond active industrial buffers; low-intensity thermal signature (6.6 MW); isolated/spontaneous thermal occurrence. (Note: Statistical feature correlation, not verified physical causality)."
7a13bcc4ba,10.7879,77.37819,AGRICULTURAL_FIRE,MODERATE,6.51,340.86,N21,2026-09-08 13:52:00 IST,1,FAC-007,Bhilai Steel Complex,industrial,1232.972,LOW,LOW,CL-0097,2,1.0,CL-0097 (2 hotspots),0.88,None (Open / Rural Area),,AGRICULTURAL_FIRE,0.9927,"Event labeled as AGRICULTURAL_FIRE primarily based on: rural coordinates beyond active industrial buffers; low-intensity thermal signature (6.5 MW); isolated/spontaneous thermal occurrence. (Note: Statistical feature correlation, not verified physical causality)."
38c730e253,10.80565,78.98431,AGRICULTURAL_FIRE,MODERATE,6.58,346.36,N21,2026-09-08 13:52:00 IST,1,FAC-007,Bhilai Steel Complex,industrial,1182.647,LOW,LOW,NOISE,1,1.0,NOISE (1 hotspot),0.88,None (Open / Rural Area),,AGRICULTURAL_FIRE,0.9786,"Event labeled as AGRICULTURAL_FIRE primarily based on: rural coordinates beyond active industrial buffers; low-intensity thermal signature (6.6 MW); isolated/spontaneous thermal occurrence. (Note: Statistical feature correlation, not verified physical causality)."
423e829bcc,10.86482,77.44711,AGRICULTURAL_FIRE,MODERATE,4.39,338.97,N21,2026-09-08 13:52:00 IST,1,FAC-007,Bhilai Steel Complex,industrial,1222.383,LOW,LOW,NOISE,1,1.0,NOISE (1 hotspot),0.88,None (Open / Rural Area),,AGRICULTURAL_FIRE,0.9927,"Event labeled as AGRICULTURAL_FIRE primarily based on: rural coordinates beyond active industrial buffers; low-intensity thermal signature (4.4 MW); isolated/spontaneous thermal occurrence. (Note: Statistical feature correlation, not verified physical causality)."
5f942410bd,10.92993,77.06577,AGRICULTURAL_FIRE,MODERATE,5.02,337.44,N21,2026-09-08 13:52:00 IST,1,FAC-007,Bhilai Steel Complex,industrial,1230.197,LOW,LOW,NOISE,1,1.0,NOISE (1 hotspot),0.88,None (Open / Rural Area),,AGRICULTURAL_FIRE,0.9927,"Event labeled as AGRICULTURAL_FIRE primarily based on: rural coordinates beyond active industrial buffers; low-intensity thermal signature (5.0 MW); isolated/spontaneous thermal occurrence. (Note: Statistical feature correlation, not verified physical causality)."
faeee85af7,11.02627,77.50809,AGRICULTURAL_FIRE,MODERATE,8.94,338.93,N21,2026-09-08 13:52:00 IST,1,FAC-007,Bhilai Steel Complex,industrial,1203.238,LOW,LOW,NOISE,1,1.0,NOISE (1 hotspot),0.88,None (Open / Rural Area),,AGRICULTURAL_FIRE,0.9705,"Event labeled as AGRICULTURAL_FIRE primarily based on: rural coordinates beyond active industrial buffers; low-intensity thermal signature (8.9 MW); isolated/spontaneous thermal occurrence. (Note: Statistical feature correlation, not verified physical causality)."
e43186d188,11.12294,77.05234,AGRICULTURAL_FIRE,MODERATE,15.77,343.69,N21,2026-09-08 13:52:00 IST,1,FAC-007,Bhilai Steel Complex,industrial,1210.791,LOW,LOW,NOISE,1,1.0,NOISE (1 hotspot),0.88,None (Open / Rural Area),,AGRICULTURAL_FIRE,0.9825,"Event labeled as AGRICULTURAL_FIRE primarily based on: rural coordinates beyond active industrial buffers; low-intensity thermal signature (15.8 MW); isolated/spontaneous thermal occurrence. (Note: Statistical feature correlation, not verified physical causality)."
76e2ca1022,11.13888,79.6744,AGRICULTURAL_FIRE,MODERATE,1.57,330.75,N21,2026-09-08 13:52:00 IST,1,FAC-007,Bhilai Steel Complex,industrial,1132.335,LOW,LOW,NOISE,1,1.0,NOISE (1 hotspot),0.88,None (Open / Rural Area),,AGRICULTURAL_FIRE,0.9813,"Event labeled as AGRICULTURAL_FIRE primarily based on: rural coordinates beyond active industrial buffers; low-intensity thermal signature (1.6 MW); isolated/spontaneous thermal occurrence. (Note: Statistical feature correlation, not verified physical causality)."
9e8beb97f1,11.14424,79.74757,AGRICULTURAL_FIRE,MODERATE,2.46,331.38,N21,2026-09-08 13:52:00 IST,1,FAC-007,Bhilai Steel Complex,industrial,1130.519,LOW,LOW,NOISE,1,1.0,NOISE (1 hotspot),0.88,None (Open / Rural Area),,AGRICULTURAL_FIRE,0.9813,"Event labeled as AGRICULTURAL_FIRE primarily based on: rural coordinates beyond active industrial buffers; low-intensity thermal signature (2.5 MW); isolated/spontaneous thermal occurrence. (Note: Statistical feature correlation, not verified physical causality)."
16d6a5dd6b,11.16188,77.30102,AGRICULTURAL_FIRE,MODERATE,5.8,339.64,N21,2026-09-08 13:52:00 IST,1,FAC-007,Bhilai Steel Complex,industrial,1196.887,LOW,LOW,NOISE,1,1.0,NOISE (1 hotspot),0.88,None (Open / Rural Area),,AGRICULTURAL_FIRE,0.9927,"Event labeled as AGRICULTURAL_FIRE primarily based on: rural coordinates beyond active industrial buffers; low-intensity thermal signature (5.8 MW); isolated/spontaneous thermal occurrence. (Note: Statistical feature correlation, not verified physical causality)."
e44c5fca5a,11.17862,79.84267,AGRICULTURAL_FIRE,MODERATE,7.35,336.29,N21,2026-09-08 13:52:00 IST,1,FAC-007,Bhilai Steel Complex,industrial,1125.218,LOW,LOW,NOISE,1,1.0,NOISE (1 hotspot),0.88,None (Open / Rural Area),,AGRICULTURAL_FIRE,0.9657,"Event labeled as AGRICULTURAL_FIRE primarily based on: rural coordinates beyond active industrial buffers; low-intensity thermal signature (7.3 MW); isolated/spontaneous thermal occurrence. (Note: Statistical feature correlation, not verified physical causality)."
ee0794979e,11.18239,77.23586,AGRICULTURAL_FIRE,MODERATE,7.38,337.91,N21,2026-09-08 13:52:00 IST,1,FAC-007,Bhilai Steel Complex,industrial,1197.301,LOW,LOW,NOISE,1,1.0,NOISE (1 hotspot),0.88,None (Open / Rural Area),,AGRICULTURAL_FIRE,0.987,"Event labeled as AGRICULTURAL_FIRE primarily based on: rural coordinates beyond active industrial buffers; low-intensity thermal signature (7.4 MW); isolated/spontaneous thermal occurrence. (Note: Statistical feature correlation, not verified physical causality)."
741b06d42f,11.29268,79.53696,AGRICULTURAL_FIRE,MODERATE,5.31,340.47,N21,2026-09-08 13:52:00 IST,2,FAC-007,Bhilai Steel Complex,industrial,1117.929,LOW,LOW,CL-0098,2,1.0,CL-0098 (2 hotspots),0.88,None (Open / Rural Area),,AGRICULTURAL_FIRE,0.9937,"Event labeled as AGRICULTURAL_FIRE primarily based on: rural coordinates beyond active industrial buffers; low-intensity thermal signature (5.3 MW); isolated/spontaneous thermal occurrence. (Note: Statistical feature correlation, not verified physical causality)."
269d2256da,11.29362,79.53706,AGRICULTURAL_FIRE,MODERATE,5.37,336.2,N21,2026-09-08 13:52:00 IST,2,FAC-007,Bhilai Steel Complex,industrial,1117.825,LOW,LOW,CL-0098,2,1.0,CL-0098 (2 hotspots),0.88,None (Open / Rural Area),,AGRICULTURAL_FIRE,0.9889,"Event labeled as AGRICULTURAL_FIRE primarily based on: rural coordinates beyond active industrial buffers; low-intensity thermal signature (5.4 MW); isolated/spontaneous thermal occurrence. (Note: Statistical feature correlation, not verified physical causality)."
a8d2b53e60,11.44426,79.2206,AGRICULTURAL_FIRE,MODERATE,2.6,330.32,N21,2026-09-08 13:52:00 IST,1,FAC-007,Bhilai Steel Complex,industrial,1107.836,LOW,LOW,NOISE,1,1.0,NOISE (1 hotspot),0.88,None (Open / Rural Area),,AGRICULTURAL_FIRE,0.9813,"Event labeled as AGRICULTURAL_FIRE primarily based on: rural coordinates beyond active industrial buffers; low-intensity thermal signature (2.6 MW); isolated/spontaneous thermal occurrence. (Note: Statistical feature correlation, not verified physical causality)."
4c5d5ee128,11.46137,79.28418,AGRICULTURAL_FIRE,MODERATE,3.45,332.24,N21,2026-09-08 13:52:00 IST,1,FAC-007,Bhilai Steel Complex,industrial,1104.584,LOW,LOW,NOISE,1,1.0,NOISE (1 hotspot),0.88,None (Open / Rural Area),,AGRICULTURAL_FIRE,0.9813,"Event labeled as AGRICULTURAL_FIRE primarily based on: rural coordinates beyond active industrial buffers; low-intensity thermal signature (3.5 MW); isolated/spontaneous thermal occurrence. (Note: Statistical feature correlation, not verified physical causality)."
c680ff2f33,11.47736,78.03462,AGRICULTURAL_FIRE,MODERATE,7.99,338.17,N21,2026-09-08 13:52:00 IST,1,FAC-007,Bhilai Steel Complex,industrial,1137.295,LOW,LOW,NOISE,1,1.0,NOISE (1 hotspot),0.88,None (Open / Rural Area),,AGRICULTURAL_FIRE,0.987,"Event labeled as AGRICULTURAL_FIRE primarily based on: rural coordinates beyond active industrial buffers; low-intensity thermal signature (8.0 MW); isolated/spontaneous thermal occurrence. (Note: Statistical feature correlation, not verified physical causality)."
e6f19497de,11.70611,78.73426,AGRICULTURAL_FIRE,MODERATE,3.05,337.6,N21,2026-09-08 13:52:00 IST,1,FAC-007,Bhilai Steel Complex,industrial,1091.55,LOW,LOW,NOISE,1,1.0,NOISE (1 hotspot),0.88,None (Open / Rural Area),,AGRICULTURAL_FIRE,0.9927,"Event labeled as AGRICULTURAL_FIRE primarily based on: rural coordinates beyond active industrial buffers; low-intensity thermal signature (3.0 MW); isolated/spontaneous thermal occurrence. (Note: Statistical feature correlation, not verified physical causality)."
05177e7d0c,11.999,79.72091,AGRICULTURAL_FIRE,MODERATE,4.93,332.98,N21,2026-09-08 13:52:00 IST,1,FAC-007,Bhilai Steel Complex,industrial,1037.133,LOW,LOW,NOISE,1,1.0,NOISE (1 hotspot),0.88,None (Open / Rural Area),,AGRICULTURAL_FIRE,0.9879,"Event labeled as AGRICULTURAL_FIRE primarily based on: rural coordinates beyond active industrial buffers; low-intensity thermal signature (4.9 MW); isolated/spontaneous thermal occurrence. (Note: Statistical feature correlation, not verified physical causality)."
d35f6d9edd,12.09626,77.0597,AGRICULTURAL_FIRE,MODERATE,20.08,348.73,N21,2026-09-08 13:52:00 IST,1,FAC-007,Bhilai Steel Complex,industrial,1110.747,LOW,LOW,NOISE,1,1.0,NOISE (1 hotspot),0.88,None (Open / Rural Area),,AGRICULTURAL_FIRE,0.9658,"Event labeled as AGRICULTURAL_FIRE primarily based on: rural coordinates beyond active industrial buffers; low-intensity thermal signature (20.1 MW); isolated/spontaneous thermal occurrence. (Note: Statistical feature correlation, not verified physical causality)."
0de934241d,12.47741,78.93455,AGRICULTURAL_FIRE,MODERATE,16.2,342.01,N21,2026-09-08 13:54:00 IST,1,FAC-007,Bhilai Steel Complex,industrial,1003.066,LOW,LOW,NOISE,1,1.0,NOISE (1 hotspot),0.88,None (Open / Rural Area),,AGRICULTURAL_FIRE,0.9825,"Event labeled as AGRICULTURAL_FIRE primarily based on: rural coordinates beyond active industrial buffers; low-intensity thermal signature (16.2 MW); isolated/spontaneous thermal occurrence. (Note: Statistical feature correlation, not verified physical causality)."
270be5c778,12.53124,78.209,AGRICULTURAL_FIRE,MODERATE,3.75,333.37,N21,2026-09-08 13:54:00 IST,1,FAC-007,Bhilai Steel Complex,industrial,1020.095,LOW,LOW,NOISE,1,1.0,NOISE (1 hotspot),0.88,None (Open / Rural Area),,AGRICULTURAL_FIRE,0.9879,"Event labeled as AGRICULTURAL_FIRE primarily based on: rural coordinates beyond active industrial buffers; low-intensity thermal signature (3.8 MW); isolated/spontaneous thermal occurrence. (Note: Statistical feature correlation, not verified physical causality)."
41e7d40156,12.71969,79.77961,AGRICULTURAL_FIRE,MODERATE,6.31,333.09,N21,2026-09-08 13:54:00 IST,1,FAC-007,Bhilai Steel Complex,industrial,957.08,LOW,LOW,NOISE,1,1.0,NOISE (1 hotspot),0.88,None (Open / Rural Area),,AGRICULTURAL_FIRE,0.9879,"Event labeled as AGRICULTURAL_FIRE primarily based on: rural coordinates beyond active industrial buffers; low-intensity thermal signature (6.3 MW); isolated/spontaneous thermal occurrence. (Note: Statistical feature correlation, not verified physical causality)."
8448cb98b6,13.38639,78.22185,AGRICULTURAL_FIRE,MODERATE,3.35,341.05,N21,2026-09-08 13:54:00 IST,1,FAC-007,Bhilai Steel Complex,industrial,930.132,LOW,LOW,NOISE,1,1.0,NOISE (1 hotspot),0.88,None (Open / Rural Area),,AGRICULTURAL_FIRE,0.9927,"Event labeled as AGRICULTURAL_FIRE primarily based on: rural coordinates beyond active industrial buffers; low-intensity thermal signature (3.4 MW); isolated/spontaneous thermal occurrence. (Note: Statistical feature correlation, not verified physical causality)."
4a23dbe182,13.73269,76.40993,AGRICULTURAL_FIRE,MODERATE,5.03,338.63,N21,2026-09-08 13:54:00 IST,1,FAC-007,Bhilai Steel Complex,industrial,982.341,LOW,LOW,NOISE,1,1.0,NOISE (1 hotspot),0.88,None (Open / Rural Area),,AGRICULTURAL_FIRE,0.9927,"Event labeled as AGRICULTURAL_FIRE primarily based on: rural coordinates beyond active industrial buffers; low-intensity thermal signature (5.0 MW); isolated/spontaneous thermal occurrence. (Note: Statistical feature correlation, not verified physical causality)."
8fafd6ac64,13.83928,77.07301,AGRICULTURAL_FIRE,MODERATE,7.41,341.14,N21,2026-09-08 13:54:00 IST,1,FAC-007,Bhilai Steel Complex,industrial,936.104,LOW,LOW,NOISE,1,1.0,NOISE (1 hotspot),0.88,None (Open / Rural Area),,AGRICULTURAL_FIRE,0.977,"Event labeled as AGRICULTURAL_FIRE primarily based on: rural coordinates beyond active industrial buffers; low-intensity thermal signature (7.4 MW); isolated/spontaneous thermal occurrence. (Note: Statistical feature correlation, not verified physical causality)."
1750bce9e1,13.97903,77.95586,AGRICULTURAL_FIRE,MODERATE,17.1,338.88,N21,2026-09-08 13:54:00 IST,1,FAC-007,Bhilai Steel Complex,industrial,880.017,LOW,LOW,NOISE,1,1.0,NOISE (1 hotspot),0.88,None (Open / Rural Area),,AGRICULTURAL_FIRE,0.987,"Event labeled as AGRICULTURAL_FIRE primarily based on: rural coordinates beyond active industrial buffers; low-intensity thermal signature (17.1 MW); isolated/spontaneous thermal occurrence. (Note: Statistical feature correlation, not verified physical causality)."
9c865f4522,13.99043,77.50262,AGRICULTURAL_FIRE,MODERATE,4.89,338.3,N21,2026-09-08 13:54:00 IST,1,FAC-007,Bhilai Steel Complex,industrial,899.725,LOW,LOW,NOISE,1,1.0,NOISE (1 hotspot),0.88,None (Open / Rural Area),,AGRICULTURAL_FIRE,0.9927,"Event labeled as AGRICULTURAL_FIRE primarily based on: rural coordinates beyond active industrial buffers; low-intensity thermal signature (4.9 MW); isolated/spontaneous thermal occurrence. (Note: Statistical feature correlation, not verified physical causality)."
dd9e8fcd43,14.04394,77.44282,AGRICULTURAL_FIRE,MODERATE,12.21,340.46,N21,2026-09-08 13:54:00 IST,1,FAC-007,Bhilai Steel Complex,industrial,897.334,LOW,LOW,NOISE,1,1.0,NOISE (1 hotspot),0.88,None (Open / Rural Area),,AGRICULTURAL_FIRE,0.987,"Event labeled as AGRICULTURAL_FIRE primarily based on: rural coordinates beyond active industrial buffers; low-intensity thermal signature (12.2 MW); isolated/spontaneous thermal occurrence. (Note: Statistical feature correlation, not verified physical causality)."
74c2547405,14.04906,77.54129,AGRICULTURAL_FIRE,MODERATE,3.87,331.43,N21,2026-09-08 13:54:00 IST,2,FAC-007,Bhilai Steel Complex,industrial,892.028,LOW,LOW,CL-0099,2,1.0,CL-0099 (2 hotspots),0.88,None (Open / Rural Area),,AGRICULTURAL_FIRE,0.9889,"Event labeled as AGRICULTURAL_FIRE primarily based on: rural coordinates beyond active industrial buffers; low-intensity thermal signature (3.9 MW); isolated/spontaneous thermal occurrence. (Note: Statistical feature correlation, not verified physical causality)."
21707bd5d4,14.05006,77.53891,AGRICULTURAL_FIRE,MODERATE,7.04,332.19,N21,2026-09-08 13:54:00 IST,2,FAC-007,Bhilai Steel Complex,industrial,892.043,LOW,LOW,CL-0099,2,1.0,CL-0099 (2 hotspots),0.88,None (Open / Rural Area),,AGRICULTURAL_FIRE,0.9725,"Event labeled as AGRICULTURAL_FIRE primarily based on: rural coordinates beyond active industrial buffers; low-intensity thermal signature (7.0 MW); isolated/spontaneous thermal occurrence. (Note: Statistical feature correlation, not verified physical causality)."
8636a77858,14.18716,78.70611,AGRICULTURAL_FIRE,MODERATE,2.16,342.37,N21,2026-09-08 13:54:00 IST,2,FAC-007,Bhilai Steel Complex,industrial,828.524,LOW,LOW,CL-0100,2,1.0,CL-0100 (2 hotspots),0.88,None (Open / Rural Area),,AGRICULTURAL_FIRE,0.9892,"Event labeled as AGRICULTURAL_FIRE primarily based on: rural coordinates beyond active industrial buffers; low-intensity thermal signature (2.2 MW); isolated/spontaneous thermal occurrence. (Note: Statistical feature correlation, not verified physical causality)."
792387932b,14.1913,78.70552,AGRICULTURAL_FIRE,MODERATE,4.35,337.8,N21,2026-09-08 13:54:00 IST,2,FAC-007,Bhilai Steel Complex,industrial,828.112,LOW,LOW,CL-0100,2,1.0,CL-0100 (2 hotspots),0.88,None (Open / Rural Area),,AGRICULTURAL_FIRE,0.9937,"Event labeled as AGRICULTURAL_FIRE primarily based on: rural coordinates beyond active industrial buffers; low-intensity thermal signature (4.3 MW); isolated/spontaneous thermal occurrence. (Note: Statistical feature correlation, not verified physical causality)."
f324bb1055,14.21133,79.1557,AGRICULTURAL_FIRE,MODERATE,5.96,335.5,N21,2026-09-08 13:54:00 IST,1,FAC-007,Bhilai Steel Complex,industrial,810.922,LOW,LOW,NOISE,1,1.0,NOISE (1 hotspot),0.88,None (Open / Rural Area),,AGRICULTURAL_FIRE,0.9879,"Event labeled as AGRICULTURAL_FIRE primarily based on: rural coordinates beyond active industrial buffers; low-intensity thermal signature (6.0 MW); isolated/spontaneous thermal occurrence. (Note: Statistical feature correlation, not verified physical causality)."
69d6226fca,14.35181,79.77394,AGRICULTURAL_FIRE,MODERATE,5.07,331.42,N21,2026-09-08 13:54:00 IST,1,FAC-007,Bhilai Steel Complex,industrial,779.13,LOW,LOW,NOISE,1,1.0,NOISE (1 hotspot),0.88,None (Open / Rural Area),,AGRICULTURAL_FIRE,0.9813,"Event labeled as AGRICULTURAL_FIRE primarily based on: rural coordinates beyond active industrial buffers; low-intensity thermal signature (5.1 MW); isolated/spontaneous thermal occurrence. (Note: Statistical feature correlation, not verified physical causality)."
60c6681bdd,14.36157,78.77882,AGRICULTURAL_FIRE,MODERATE,3.1,333.15,N21,2026-09-08 13:54:00 IST,1,FAC-007,Bhilai Steel Complex,industrial,807.627,LOW,LOW,NOISE,1,1.0,NOISE (1 hotspot),0.88,None (Open / Rural Area),,AGRICULTURAL_FIRE,0.9879,"Event labeled as AGRICULTURAL_FIRE primarily based on: rural coordinates beyond active industrial buffers; low-intensity thermal signature (3.1 MW); isolated/spontaneous thermal occurrence. (Note: Statistical feature correlation, not verified physical causality)."
4a90983ec7,14.45216,79.08225,AGRICULTURAL_FIRE,MODERATE,1.77,331.66,N21,2026-09-08 13:54:00 IST,1,FAC-007,Bhilai Steel Complex,industrial,787.653,LOW,LOW,NOISE,1,1.0,NOISE (1 hotspot),0.88,None (Open / Rural Area),,AGRICULTURAL_FIRE,0.9813,"Event labeled as AGRICULTURAL_FIRE primarily based on: rural coordinates beyond active industrial buffers; low-intensity thermal signature (1.8 MW); isolated/spontaneous thermal occurrence. (Note: Statistical feature correlation, not verified physical causality)."
72f61b9208,14.53657,79.06839,WILDFIRE_BIOMASS,HIGH,41.2,367.0,N21,2026-09-08 13:54:00 IST,1,FAC-007,Bhilai Steel Complex,industrial,779.173,LOW,LOW,NOISE,1,1.0,NOISE (1 hotspot),0.85,None (Open / Rural Area),,WILDFIRE_BIOMASS,0.8883,"Event labeled as WILDFIRE_BIOMASS primarily based on: rural coordinates beyond active industrial buffers; moderate thermal radiative power (41.2 MW); isolated/spontaneous thermal occurrence. (Note: Statistical feature correlation, not verified physical causality)."
831aa06b94,14.61038,79.57807,AGRICULTURAL_FIRE,MODERATE,3.66,332.01,N21,2026-09-08 13:54:00 IST,1,FAC-007,Bhilai Steel Complex,industrial,756.023,LOW,LOW,NOISE,1,1.0,NOISE (1 hotspot),0.88,None (Open / Rural Area),,AGRICULTURAL_FIRE,0.9813,"Event labeled as AGRICULTURAL_FIRE primarily based on: rural coordinates beyond active industrial buffers; low-intensity thermal signature (3.7 MW); isolated/spontaneous thermal occurrence. (Note: Statistical feature correlation, not verified physical causality)."
24b59d7a46,14.71398,75.90421,AGRICULTURAL_FIRE,MODERATE,4.12,341.75,N21,2026-09-08 13:54:00 IST,1,FAC-007,Bhilai Steel Complex,industrial,923.888,LOW,LOW,NOISE,1,1.0,NOISE (1 hotspot),0.88,None (Open / Rural Area),,AGRICULTURAL_FIRE,0.9882,"Event labeled as AGRICULTURAL_FIRE primarily based on: rural coordinates beyond active industrial buffers; low-intensity thermal signature (4.1 MW); isolated/spontaneous thermal occurrence. (Note: Statistical feature correlation, not verified physical causality)."
54adc8334d,14.9011,76.80833,AGRICULTURAL_FIRE,MODERATE,9.15,338.46,N21,2026-09-08 13:54:00 IST,1,FAC-007,Bhilai Steel Complex,industrial,849.889,LOW,LOW,NOISE,1,1.0,NOISE (1 hotspot),0.88,None (Open / Rural Area),,AGRICULTURAL_FIRE,0.987,"Event labeled as AGRICULTURAL_FIRE primarily based on: rural coordinates beyond active industrial buffers; low-intensity thermal signature (9.2 MW); isolated/spontaneous thermal occurrence. (Note: Statistical feature correlation, not verified physical causality)."
51da272324,15.17509,76.65768,AGRICULTURAL_FIRE,MODERATE,3.97,331.27,N21,2026-09-08 13:54:00 IST,11,FAC-007,Bhilai Steel Complex,industrial,834.203,LOW,LOW,CL-0101,27,1.0,CL-0101 (27 hotspots),0.88,None (Open / Rural Area),,AGRICULTURAL_FIRE,0.9745,"Event labeled as AGRICULTURAL_FIRE primarily based on: rural coordinates beyond active industrial buffers; low-intensity thermal signature (4.0 MW); repeated temporal persistence (11 recorded events). (Note: Statistical feature correlation, not verified physical causality)."
ac0be4c012,15.17756,76.67593,AGRICULTURAL_FIRE,MODERATE,5.45,335.87,N21,2026-09-08 13:54:00 IST,8,FAC-007,Bhilai Steel Complex,industrial,832.831,LOW,LOW,CL-0101,27,1.0,CL-0101 (27 hotspots),0.88,None (Open / Rural Area),,AGRICULTURAL_FIRE,0.9583,"Event labeled as AGRICULTURAL_FIRE primarily based on: rural coordinates beyond active industrial buffers; low-intensity thermal signature (5.5 MW); repeated temporal persistence (8 recorded events). (Note: Statistical feature correlation, not verified physical causality)."
a2b34287b0,15.27007,75.14799,AGRICULTURAL_FIRE,MODERATE,4.15,331.02,N21,2026-09-08 13:54:00 IST,1,FAC-007,Bhilai Steel Complex,industrial,930.577,LOW,LOW,NOISE,1,1.0,NOISE (1 hotspot),0.88,None (Open / Rural Area),,AGRICULTURAL_FIRE,0.9813,"Event labeled as AGRICULTURAL_FIRE primarily based on: rural coordinates beyond active industrial buffers; low-intensity thermal signature (4.2 MW); isolated/spontaneous thermal occurrence. (Note: Statistical feature correlation, not verified physical causality)."
3e26c29e33,16.19677,75.13605,AGRICULTURAL_FIRE,MODERATE,3.77,330.82,N21,2026-09-08 13:54:00 IST,1,FAC-007,Bhilai Steel Complex,industrial,860.46,LOW,LOW,NOISE,1,1.0,NOISE (1 hotspot),0.88,None (Open / Rural Area),,AGRICULTURAL_FIRE,0.9813,"Event labeled as AGRICULTURAL_FIRE primarily based on: rural coordinates beyond active industrial buffers; low-intensity thermal signature (3.8 MW); isolated/spontaneous thermal occurrence. (Note: Statistical feature correlation, not verified physical causality)."
5e727e65d9,16.39796,78.34895,AGRICULTURAL_FIRE,MODERATE,13.95,333.49,N21,2026-09-08 13:54:00 IST,1,FAC-007,Bhilai Steel Complex,industrial,621.009,LOW,LOW,NOISE,1,1.0,NOISE (1 hotspot),0.88,None (Open / Rural Area),,AGRICULTURAL_FIRE,0.9822,"Event labeled as AGRICULTURAL_FIRE primarily based on: rural coordinates beyond active industrial buffers; low-intensity thermal signature (13.9 MW); isolated/spontaneous thermal occurrence. (Note: Statistical feature correlation, not verified physical causality)."
24201697ff,16.72304,74.7004,AGRICULTURAL_FIRE,MODERATE,3.22,332.97,N21,2026-09-08 13:54:00 IST,1,FAC-003,Jamnagar Petrochemical & Flare Complex,industrial,802.935,LOW,LOW,NOISE,1,1.0,NOISE (1 hotspot),0.88,None (Open / Rural Area),,AGRICULTURAL_FIRE,0.9879,"Event labeled as AGRICULTURAL_FIRE primarily based on: rural coordinates beyond active industrial buffers; low-intensity thermal signature (3.2 MW); isolated/spontaneous thermal occurrence. (Note: Statistical feature correlation, not verified physical causality)."
2a9ec7c7d6,17.04641,76.16656,AGRICULTURAL_FIRE,MODERATE,5.85,333.1,N21,2026-09-08 13:54:00 IST,1,FAC-007,Bhilai Steel Complex,industrial,715.612,LOW,LOW,NOISE,1,1.0,NOISE (1 hotspot),0.88,None (Open / Rural Area),,AGRICULTURAL_FIRE,0.9879,"Event labeled as AGRICULTURAL_FIRE primarily based on: rural coordinates beyond active industrial buffers; low-intensity thermal signature (5.8 MW); isolated/spontaneous thermal occurrence. (Note: Statistical feature correlation, not verified physical causality)."
d36df545ed,17.3413,81.05385,AGRICULTURAL_FIRE,MODERATE,3.37,336.4,N21,2026-09-08 13:54:00 IST,1,FAC-007,Bhilai Steel Complex,industrial,429.323,LOW,LOW,NOISE,1,1.0,NOISE (1 hotspot),0.88,None (Open / Rural Area),,AGRICULTURAL_FIRE,0.9879,"Event labeled as AGRICULTURAL_FIRE primarily based on: rural coordinates beyond active industrial buffers; low-intensity thermal signature (3.4 MW); isolated/spontaneous thermal occurrence. (Note: Statistical feature correlation, not verified physical causality)."
51685dfa21,19.09082,82.16918,AGRICULTURAL_FIRE,MODERATE,2.91,328.92,N21,2026-09-08 13:56:00 IST,7,FAC-007,Bhilai Steel Complex,industrial,247.529,LOW,LOW,CL-0059,9,1.0,CL-0059 (9 hotspots),0.88,None (Open / Rural Area),,AGRICULTURAL_FIRE,0.9823,"Event labeled as AGRICULTURAL_FIRE primarily based on: rural coordinates beyond active industrial buffers; low-intensity thermal signature (2.9 MW); repeated temporal persistence (7 recorded events). (Note: Statistical feature correlation, not verified physical causality)."
6657a4e777,19.09543,82.16656,AGRICULTURAL_FIRE,MODERATE,10.56,329.77,N21,2026-09-08 13:56:00 IST,7,FAC-007,Bhilai Steel Complex,industrial,246.954,LOW,LOW,CL-0059,9,1.0,CL-0059 (9 hotspots),0.88,None (Open / Rural Area),,AGRICULTURAL_FIRE,0.974,"Event labeled as AGRICULTURAL_FIRE primarily based on: rural coordinates beyond active industrial buffers; low-intensity thermal signature (10.6 MW); repeated temporal persistence (7 recorded events). (Note: Statistical feature correlation, not verified physical causality)."
929c0037bd,19.0964,82.16859,AGRICULTURAL_FIRE,MODERATE,2.91,329.9,N21,2026-09-08 13:56:00 IST,7,FAC-007,Bhilai Steel Complex,industrial,246.923,LOW,LOW,CL-0059,9,1.0,CL-0059 (9 hotspots),0.88,None (Open / Rural Area),,AGRICULTURAL_FIRE,0.9905,"Event labeled as AGRICULTURAL_FIRE primarily based on: rural coordinates beyond active industrial buffers; low-intensity thermal signature (2.9 MW); repeated temporal persistence (7 recorded events). (Note: Statistical feature correlation, not verified physical causality)."
5fcc85fc94,19.33149,72.01928,AGRICULTURAL_FIRE,MODERATE,1.9,330.26,N21,2026-09-08 13:56:00 IST,2,FAC-003,Jamnagar Petrochemical & Flare Complex,industrial,404.167,LOW,LOW,CL-0102,2,1.0,CL-0102 (2 hotspots),0.88,None (Open / Rural Area),,AGRICULTURAL_FIRE,0.9889,"Event labeled as AGRICULTURAL_FIRE primarily based on: rural coordinates beyond active industrial buffers; low-intensity thermal signature (1.9 MW); isolated/spontaneous thermal occurrence. (Note: Statistical feature correlation, not verified physical causality)."
96a1c98025,19.45337,75.63052,AGRICULTURAL_FIRE,MODERATE,3.68,333.22,N21,2026-09-08 13:56:00 IST,1,FAC-007,Bhilai Steel Complex,industrial,629.794,LOW,LOW,NOISE,1,1.0,NOISE (1 hotspot),0.88,None (Open / Rural Area),,AGRICULTURAL_FIRE,0.9879,"Event labeled as AGRICULTURAL_FIRE primarily based on: rural coordinates beyond active industrial buffers; low-intensity thermal signature (3.7 MW); isolated/spontaneous thermal occurrence. (Note: Statistical feature correlation, not verified physical causality)."
823fbeb16e,21.10306,72.63672,AGRICULTURAL_FIRE,MODERATE,18.55,338.43,N21,2026-09-08 13:56:00 IST,8,FAC-003,Jamnagar Petrochemical & Flare Complex,industrial,306.644,LOW,LOW,CL-0103,27,1.0,CL-0103 (27 hotspots),0.88,None (Open / Rural Area),,AGRICULTURAL_FIRE,0.9501,"Event labeled as AGRICULTURAL_FIRE primarily based on: rural coordinates beyond active industrial buffers; low-intensity thermal signature (18.6 MW); repeated temporal persistence (8 recorded events). (Note: Statistical feature correlation, not verified physical causality)."
493e2ae5a4,21.10469,72.648,AGRICULTURAL_FIRE,MODERATE,6.1,339.09,N21,2026-09-08 13:56:00 IST,17,FAC-003,Jamnagar Petrochemical & Flare Complex,industrial,307.565,LOW,LOW,CL-0103,27,1.0,CL-0103 (27 hotspots),0.88,None (Open / Rural Area),,AGRICULTURAL_FIRE,0.9745,"Event labeled as AGRICULTURAL_FIRE primarily based on: rural coordinates beyond active industrial buffers; low-intensity thermal signature (6.1 MW); repeated temporal persistence (17 recorded events). (Note: Statistical feature correlation, not verified physical causality)."
fe482360fa,21.10802,72.64745,AGRICULTURAL_FIRE,MODERATE,6.1,345.05,N21,2026-09-08 13:56:00 IST,17,FAC-003,Jamnagar Petrochemical & Flare Complex,industrial,307.33,LOW,LOW,CL-0103,27,1.0,CL-0103 (27 hotspots),0.88,None (Open / Rural Area),,AGRICULTURAL_FIRE,0.978,"Event labeled as AGRICULTURAL_FIRE primarily based on: rural coordinates beyond active industrial buffers; low-intensity thermal signature (6.1 MW); repeated temporal persistence (17 recorded events). (Note: Statistical feature correlation, not verified physical causality)."
36122139d4,22.6441,70.74747,AGRICULTURAL_FIRE,MODERATE,5.6,345.0,N21,2026-09-08 13:56:00 IST,1,FAC-003,Jamnagar Petrochemical & Flare Complex,industrial,73.409,LOW,LOW,NOISE,1,1.0,NOISE (1 hotspot),0.88,None (Open / Rural Area),,AGRICULTURAL_FIRE,0.9882,"Event labeled as AGRICULTURAL_FIRE primarily based on: rural coordinates beyond active industrial buffers; low-intensity thermal signature (5.6 MW); isolated/spontaneous thermal occurrence. (Note: Statistical feature correlation, not verified physical causality)."
ebc1d8501a,22.9283,70.10589,AGRICULTURAL_FIRE,MODERATE,8.42,338.6,N21,2026-09-08 13:56:00 IST,2,FAC-003,Jamnagar Petrochemical & Flare Complex,industrial,51.122,LOW,LOW,CL-0104,2,1.0,CL-0104 (2 hotspots),0.88,None (Open / Rural Area),,AGRICULTURAL_FIRE,0.9937,"Event labeled as AGRICULTURAL_FIRE primarily based on: rural coordinates beyond active industrial buffers; low-intensity thermal signature (8.4 MW); isolated/spontaneous thermal occurrence. (Note: Statistical feature correlation, not verified physical causality)."
bdada7f3bc,22.93446,69.6957,AGRICULTURAL_FIRE,MODERATE,2.78,333.52,N21,2026-09-08 13:56:00 IST,3,FAC-003,Jamnagar Petrochemical & Flare Complex,industrial,63.546,LOW,LOW,CL-0105,8,1.0,CL-0105 (8 hotspots),0.88,None (Open / Rural Area),,AGRICULTURAL_FIRE,0.9978,"Event labeled as AGRICULTURAL_FIRE primarily based on: rural coordinates beyond active industrial buffers; low-intensity thermal signature (2.8 MW); repeated temporal persistence (3 recorded events). (Note: Statistical feature correlation, not verified physical causality)."
d6273c478b,23.02547,71.60612,AGRICULTURAL_FIRE,MODERATE,5.45,335.77,N21,2026-09-08 13:56:00 IST,1,FAC-003,Jamnagar Petrochemical & Flare Complex,industrial,170.344,LOW,LOW,NOISE,1,1.0,NOISE (1 hotspot),0.88,None (Open / Rural Area),,AGRICULTURAL_FIRE,0.9879,"Event labeled as AGRICULTURAL_FIRE primarily based on: rural coordinates beyond active industrial buffers; low-intensity thermal signature (5.5 MW); isolated/spontaneous thermal occurrence. (Note: Statistical feature correlation, not verified physical causality)."
08cb70ef5d,23.04588,70.13788,AGRICULTURAL_FIRE,MODERATE,13.02,338.51,N21,2026-09-08 13:56:00 IST,1,FAC-003,Jamnagar Petrochemical & Flare Complex,industrial,64.483,LOW,LOW,NOISE,1,1.0,NOISE (1 hotspot),0.88,None (Open / Rural Area),,AGRICULTURAL_FIRE,0.987,"Event labeled as AGRICULTURAL_FIRE primarily based on: rural coordinates beyond active industrial buffers; low-intensity thermal signature (13.0 MW); isolated/spontaneous thermal occurrence. (Note: Statistical feature correlation, not verified physical causality)."
c5ae1c8477,23.32236,73.02036,AGRICULTURAL_FIRE,MODERATE,4.23,333.37,N21,2026-09-08 13:56:00 IST,1,FAC-003,Jamnagar Petrochemical & Flare Complex,industrial,317.9,LOW,LOW,NOISE,1,1.0,NOISE (1 hotspot),0.88,None (Open / Rural Area),,AGRICULTURAL_FIRE,0.9879,"Event labeled as AGRICULTURAL_FIRE primarily based on: rural coordinates beyond active industrial buffers; low-intensity thermal signature (4.2 MW); isolated/spontaneous thermal occurrence. (Note: Statistical feature correlation, not verified physical causality)."
6780ef0ba1,24.96146,68.29283,AGRICULTURAL_FIRE,MODERATE,5.38,337.08,N21,2026-09-08 13:58:00 IST,1,FAC-003,Jamnagar Petrochemical & Flare Complex,industrial,330.122,LOW,LOW,NOISE,1,1.0,NOISE (1 hotspot),0.88,None (Open / Rural Area),,AGRICULTURAL_FIRE,0.9927,"Event labeled as AGRICULTURAL_FIRE primarily based on: rural coordinates beyond active industrial buffers; low-intensity thermal signature (5.4 MW); isolated/spontaneous thermal occurrence. (Note: Statistical feature correlation, not verified physical causality)."
dcef7a4762,26.61457,68.1585,AGRICULTURAL_FIRE,MODERATE,10.17,345.72,N21,2026-09-08 13:58:00 IST,1,FAC-003,Jamnagar Petrochemical & Flare Complex,industrial,499.192,LOW,LOW,NOISE,1,1.0,NOISE (1 hotspot),0.88,None (Open / Rural Area),,AGRICULTURAL_FIRE,0.9825,"Event labeled as AGRICULTURAL_FIRE primarily based on: rural coordinates beyond active industrial buffers; low-intensity thermal signature (10.2 MW); isolated/spontaneous thermal occurrence. (Note: Statistical feature correlation, not verified physical causality)."
4f376b9232,29.82665,72.6118,AGRICULTURAL_FIRE,MODERATE,3.02,335.04,N21,2026-09-08 13:58:00 IST,1,FAC-004,Mathura Refinery (IOCL),industrial,554.788,LOW,LOW,NOISE,1,1.0,NOISE (1 hotspot),0.88,None (Open / Rural Area),,AGRICULTURAL_FIRE,0.9879,"Event labeled as AGRICULTURAL_FIRE primarily based on: rural coordinates beyond active industrial buffers; low-intensity thermal signature (3.0 MW); isolated/spontaneous thermal occurrence. (Note: Statistical feature correlation, not verified physical causality)."
e62120d1b3,29.91017,74.95127,AGRICULTURAL_FIRE,MODERATE,5.41,335.65,N21,2026-09-08 13:58:00 IST,1,FAC-004,Mathura Refinery (IOCL),industrial,371.587,LOW,LOW,CL-0012,2,1.0,CL-0012 (2 hotspots),0.88,None (Open / Rural Area),,AGRICULTURAL_FIRE,0.9879,"Event labeled as AGRICULTURAL_FIRE primarily based on: rural coordinates beyond active industrial buffers; low-intensity thermal signature (5.4 MW); isolated/spontaneous thermal occurrence. (Note: Statistical feature correlation, not verified physical causality)."
6fb19f0950,29.98816,72.85799,AGRICULTURAL_FIRE,MODERATE,2.0,332.26,N21,2026-09-08 13:58:00 IST,1,FAC-004,Mathura Refinery (IOCL),industrial,541.688,LOW,LOW,NOISE,1,1.0,NOISE (1 hotspot),0.88,None (Open / Rural Area),,AGRICULTURAL_FIRE,0.9813,"Event labeled as AGRICULTURAL_FIRE primarily based on: rural coordinates beyond active industrial buffers; low-intensity thermal signature (2.0 MW); isolated/spontaneous thermal occurrence. (Note: Statistical feature correlation, not verified physical causality)."
1b1e5d4993,30.32612,71.97502,AGRICULTURAL_FIRE,MODERATE,4.33,334.23,N21,2026-09-08 13:58:00 IST,2,FAC-004,Mathura Refinery (IOCL),industrial,634.321,LOW,LOW,CL-0106,2,1.0,CL-0106 (2 hotspots),0.88,None (Open / Rural Area),,AGRICULTURAL_FIRE,0.9889,"Event labeled as AGRICULTURAL_FIRE primarily based on: rural coordinates beyond active industrial buffers; low-intensity thermal signature (4.3 MW); isolated/spontaneous thermal occurrence. (Note: Statistical feature correlation, not verified physical causality)."
1d41de8bbd,30.32961,71.97441,AGRICULTURAL_FIRE,MODERATE,6.48,344.16,N21,2026-09-08 13:58:00 IST,2,FAC-004,Mathura Refinery (IOCL),industrial,634.55,LOW,LOW,CL-0106,2,1.0,CL-0106 (2 hotspots),0.88,None (Open / Rural Area),,AGRICULTURAL_FIRE,0.9892,"Event labeled as AGRICULTURAL_FIRE primarily based on: rural coordinates beyond active industrial buffers; low-intensity thermal signature (6.5 MW); isolated/spontaneous thermal occurrence. (Note: Statistical feature correlation, not verified physical causality)."
689dceb91f,31.12216,74.68616,AGRICULTURAL_FIRE,MODERATE,9.2,339.62,N21,2026-09-08 13:58:00 IST,1,FAC-004,Mathura Refinery (IOCL),industrial,488.966,LOW,LOW,NOISE,1,1.0,NOISE (1 hotspot),0.88,None (Open / Rural Area),,AGRICULTURAL_FIRE,0.987,"Event labeled as AGRICULTURAL_FIRE primarily based on: rural coordinates beyond active industrial buffers; low-intensity thermal signature (9.2 MW); isolated/spontaneous thermal occurrence. (Note: Statistical feature correlation, not verified physical causality)."
29cc12fa76,31.42434,74.57329,AGRICULTURAL_FIRE,MODERATE,3.47,332.86,N21,2026-09-08 13:58:00 IST,1,FAC-004,Mathura Refinery (IOCL),industrial,522.296,LOW,LOW,NOISE,1,1.0,NOISE (1 hotspot),0.88,None (Open / Rural Area),,AGRICULTURAL_FIRE,0.9879,"Event labeled as AGRICULTURAL_FIRE primarily based on: rural coordinates beyond active industrial buffers; low-intensity thermal signature (3.5 MW); isolated/spontaneous thermal occurrence. (Note: Statistical feature correlation, not verified physical causality)."
ca4c7c6b02,31.45696,72.13266,AGRICULTURAL_FIRE,MODERATE,3.59,335.98,N21,2026-09-08 13:58:00 IST,1,FAC-004,Mathura Refinery (IOCL),industrial,688.734,LOW,LOW,NOISE,1,1.0,NOISE (1 hotspot),0.88,None (Open / Rural Area),,AGRICULTURAL_FIRE,0.9879,"Event labeled as AGRICULTURAL_FIRE primarily based on: rural coordinates beyond active industrial buffers; low-intensity thermal signature (3.6 MW); isolated/spontaneous thermal occurrence. (Note: Statistical feature correlation, not verified physical causality)."
5a229b021a,23.55976,87.08315,AGRICULTURAL_FIRE,MODERATE,1.77,299.24,N21,2026-09-09 00:43:00 IST,1,FAC-005,"Tata Steel Plant, Jamshedpur",industrial,124.385,LOW,LOW,NOISE,1,1.0,NOISE (1 hotspot),0.88,None (Open / Rural Area),,AGRICULTURAL_FIRE,0.9752,"Event labeled as AGRICULTURAL_FIRE primarily based on: rural coordinates beyond active industrial buffers; low-intensity thermal signature (1.8 MW); isolated/spontaneous thermal occurrence. (Note: Statistical feature correlation, not verified physical causality)."
c9dd2d1443,23.66449,87.15766,AGRICULTURAL_FIRE,MODERATE,0.85,302.53,N21,2026-09-09 00:43:00 IST,1,FAC-005,"Tata Steel Plant, Jamshedpur",industrial,137.88,LOW,LOW,CL-0107,2,1.0,CL-0107 (2 hotspots),0.88,None (Open / Rural Area),,AGRICULTURAL_FIRE,0.9752,"Event labeled as AGRICULTURAL_FIRE primarily based on: rural coordinates beyond active industrial buffers; low-intensity thermal signature (0.8 MW); isolated/spontaneous thermal occurrence. (Note: Statistical feature correlation, not verified physical causality)."
0e55810c59,23.66482,87.15405,AGRICULTURAL_FIRE,MODERATE,0.85,300.74,N21,2026-09-09 00:43:00 IST,1,FAC-005,"Tata Steel Plant, Jamshedpur",industrial,137.64,LOW,LOW,CL-0107,2,1.0,CL-0107 (2 hotspots),0.88,None (Open / Rural Area),,AGRICULTURAL_FIRE,0.9752,"Event labeled as AGRICULTURAL_FIRE primarily based on: rural coordinates beyond active industrial buffers; low-intensity thermal signature (0.8 MW); isolated/spontaneous thermal occurrence. (Note: Statistical feature correlation, not verified physical causality)."
1b63e0493a,23.67803,86.39852,AGRICULTURAL_FIRE,MODERATE,1.33,298.04,N21,2026-09-09 00:43:00 IST,2,FAC-005,"Tata Steel Plant, Jamshedpur",industrial,99.532,LOW,LOW,CL-0007,4,1.0,CL-0007 (4 hotspots),0.88,None (Open / Rural Area),,AGRICULTURAL_FIRE,0.9752,"Event labeled as AGRICULTURAL_FIRE primarily based on: rural coordinates beyond active industrial buffers; low-intensity thermal signature (1.3 MW); isolated/spontaneous thermal occurrence. (Note: Statistical feature correlation, not verified physical causality)."
b7c4b07270,23.7144,86.42355,AGRICULTURAL_FIRE,MODERATE,2.32,301.37,N21,2026-09-09 00:43:00 IST,1,FAC-005,"Tata Steel Plant, Jamshedpur",industrial,104.049,LOW,LOW,CL-0108,2,1.0,CL-0108 (2 hotspots),0.88,None (Open / Rural Area),,AGRICULTURAL_FIRE,0.9504,"Event labeled as AGRICULTURAL_FIRE primarily based on: rural coordinates beyond active industrial buffers; low-intensity thermal signature (2.3 MW); isolated/spontaneous thermal occurrence. (Note: Statistical feature correlation, not verified physical causality)."
c38f894219,23.72031,86.42017,AGRICULTURAL_FIRE,MODERATE,2.32,304.29,N21,2026-09-09 00:43:00 IST,1,FAC-005,"Tata Steel Plant, Jamshedpur",industrial,104.609,LOW,LOW,CL-0108,2,1.0,CL-0108 (2 hotspots),0.88,None (Open / Rural Area),,AGRICULTURAL_FIRE,0.9669,"Event labeled as AGRICULTURAL_FIRE primarily based on: rural coordinates beyond active industrial buffers; low-intensity thermal signature (2.3 MW); isolated/spontaneous thermal occurrence. (Note: Statistical feature correlation, not verified physical causality)."
866bc8bece,23.77853,86.20904,AGRICULTURAL_FIRE,MODERATE,1.84,300.67,N21,2026-09-09 00:43:00 IST,5,FAC-005,"Tata Steel Plant, Jamshedpur",industrial,108.323,LOW,LOW,CL-0109,5,1.0,CL-0109 (5 hotspots),0.88,None (Open / Rural Area),,AGRICULTURAL_FIRE,0.9514,"Event labeled as AGRICULTURAL_FIRE primarily based on: rural coordinates beyond active industrial buffers; low-intensity thermal signature (1.8 MW); repeated temporal persistence (5 recorded events). (Note: Statistical feature correlation, not verified physical causality)."
a01638abb3,23.7941,86.35069,AGRICULTURAL_FIRE,MODERATE,2.74,303.83,N21,2026-09-09 00:43:00 IST,1,FAC-005,"Tata Steel Plant, Jamshedpur",industrial,111.315,LOW,LOW,CL-0110,2,1.0,CL-0110 (2 hotspots),0.88,None (Open / Rural Area),,AGRICULTURAL_FIRE,0.9586,"Event labeled as AGRICULTURAL_FIRE primarily based on: rural coordinates beyond active industrial buffers; low-intensity thermal signature (2.7 MW); isolated/spontaneous thermal occurrence. (Note: Statistical feature correlation, not verified physical causality)."
7c46db43a8,23.79843,86.35011,AGRICULTURAL_FIRE,MODERATE,3.99,313.88,N21,2026-09-09 00:43:00 IST,1,FAC-005,"Tata Steel Plant, Jamshedpur",industrial,111.782,LOW,LOW,CL-0110,2,1.0,CL-0110 (2 hotspots),0.88,None (Open / Rural Area),,AGRICULTURAL_FIRE,0.9336,"Event labeled as AGRICULTURAL_FIRE primarily based on: rural coordinates beyond active industrial buffers; low-intensity thermal signature (4.0 MW); isolated/spontaneous thermal occurrence. (Note: Statistical feature correlation, not verified physical causality)."
b07490ee70,23.80013,86.32999,AGRICULTURAL_FIRE,MODERATE,2.3,311.88,N21,2026-09-09 00:43:00 IST,3,FAC-005,"Tata Steel Plant, Jamshedpur",industrial,111.679,LOW,LOW,CL-0056,3,1.0,CL-0056 (3 hotspots),0.88,None (Open / Rural Area),,AGRICULTURAL_FIRE,0.9503,"Event labeled as AGRICULTURAL_FIRE primarily based on: rural coordinates beyond active industrial buffers; low-intensity thermal signature (2.3 MW); repeated temporal persistence (3 recorded events). (Note: Statistical feature correlation, not verified physical causality)."
c01ff1fdb2,23.80574,86.33054,AGRICULTURAL_FIRE,MODERATE,1.6,308.66,N21,2026-09-09 00:43:00 IST,3,FAC-005,"Tata Steel Plant, Jamshedpur",industrial,112.304,LOW,LOW,CL-0056,3,1.0,CL-0056 (3 hotspots),0.88,None (Open / Rural Area),,AGRICULTURAL_FIRE,0.9586,"Event labeled as AGRICULTURAL_FIRE primarily based on: rural coordinates beyond active industrial buffers; low-intensity thermal signature (1.6 MW); repeated temporal persistence (3 recorded events). (Note: Statistical feature correlation, not verified physical causality)."
8149caf782,7.18243,80.95554,AGRICULTURAL_FIRE,MODERATE,1.32,305.62,N21,2026-09-09 00:47:00 IST,2,FAC-007,Bhilai Steel Complex,industrial,1558.241,LOW,LOW,CL-0111,2,1.0,CL-0111 (2 hotspots),0.88,None (Open / Rural Area),,AGRICULTURAL_FIRE,0.9586,"Event labeled as AGRICULTURAL_FIRE primarily based on: rural coordinates beyond active industrial buffers; low-intensity thermal signature (1.3 MW); isolated/spontaneous thermal occurrence. (Note: Statistical feature correlation, not verified physical causality)."
b8b93b674d,7.18365,80.95577,AGRICULTURAL_FIRE,MODERATE,1.31,305.33,N21,2026-09-09 00:47:00 IST,2,FAC-007,Bhilai Steel Complex,industrial,1558.105,LOW,LOW,CL-0111,2,1.0,CL-0111 (2 hotspots),0.88,None (Open / Rural Area),,AGRICULTURAL_FIRE,0.9752,"Event labeled as AGRICULTURAL_FIRE primarily based on: rural coordinates beyond active industrial buffers; low-intensity thermal signature (1.3 MW); isolated/spontaneous thermal occurrence. (Note: Statistical feature correlation, not verified physical causality)."
40ac08dfbf,35.45044,73.76525,AGRICULTURAL_FIRE,MODERATE,0.95,309.15,N21,2026-09-09 02:21:00 IST,1,FAC-004,Mathura Refinery (IOCL),industrial,949.504,LOW,LOW,NOISE,1,1.0,NOISE (1 hotspot),0.88,None (Open / Rural Area),,AGRICULTURAL_FIRE,0.9918,"Event labeled as AGRICULTURAL_FIRE primarily based on: rural coordinates beyond active industrial buffers; low-intensity thermal signature (0.9 MW); isolated/spontaneous thermal occurrence. (Note: Statistical feature correlation, not verified physical causality)."
9b3f4454a9,20.79208,85.25125,AGRICULTURAL_FIRE,MODERATE,3.74,296.8,N21,2026-09-09 02:23:00 IST,1,FAC-006,Kalinganagar Industrial Corridor,industrial,75.979,LOW,LOW,CL-0003,5,1.0,CL-0003 (5 hotspots),0.88,None (Open / Rural Area),,AGRICULTURAL_FIRE,1.0,"Event labeled as AGRICULTURAL_FIRE primarily based on: rural coordinates beyond active industrial buffers; low-intensity thermal signature (3.7 MW); isolated/spontaneous thermal occurrence. (Note: Statistical feature correlation, not verified physical causality)."
13af5c0815,21.24916,79.20591,AGRICULTURAL_FIRE,MODERATE,1.08,303.58,N21,2026-09-09 02:23:00 IST,2,FAC-007,Bhilai Steel Complex,industrial,225.452,LOW,LOW,CL-0112,4,1.0,CL-0112 (4 hotspots),0.88,None (Open / Rural Area),,AGRICULTURAL_FIRE,1.0,"Event labeled as AGRICULTURAL_FIRE primarily based on: rural coordinates beyond active industrial buffers; low-intensity thermal signature (1.1 MW); isolated/spontaneous thermal occurrence. (Note: Statistical feature correlation, not verified physical causality)."
95e76182c8,21.33687,78.96786,AGRICULTURAL_FIRE,MODERATE,1.54,305.76,N21,2026-09-09 02:23:00 IST,2,FAC-007,Bhilai Steel Complex,industrial,250.489,LOW,LOW,CL-0042,5,1.0,CL-0042 (5 hotspots),0.88,None (Open / Rural Area),,AGRICULTURAL_FIRE,1.0,"Event labeled as AGRICULTURAL_FIRE primarily based on: rural coordinates beyond active industrial buffers; low-intensity thermal signature (1.5 MW); isolated/spontaneous thermal occurrence. (Note: Statistical feature correlation, not verified physical causality)."
33f98906b5,21.33834,78.96877,AGRICULTURAL_FIRE,MODERATE,1.37,303.37,N21,2026-09-09 02:23:00 IST,2,FAC-007,Bhilai Steel Complex,industrial,250.404,LOW,LOW,CL-0042,5,1.0,CL-0042 (5 hotspots),0.88,None (Open / Rural Area),,AGRICULTURAL_FIRE,1.0,"Event labeled as AGRICULTURAL_FIRE primarily based on: rural coordinates beyond active industrial buffers; low-intensity thermal signature (1.4 MW); isolated/spontaneous thermal occurrence. (Note: Statistical feature correlation, not verified physical causality)."
d889221895,21.74261,83.84052,AGRICULTURAL_FIRE,MODERATE,3.69,300.13,N21,2026-09-09 02:23:00 IST,5,FAC-006,Kalinganagar Industrial Corridor,industrial,237.888,LOW,LOW,CL-0047,7,1.0,CL-0047 (7 hotspots),0.88,None (Open / Rural Area),,AGRICULTURAL_FIRE,0.9762,"Event labeled as AGRICULTURAL_FIRE primarily based on: rural coordinates beyond active industrial buffers; low-intensity thermal signature (3.7 MW); repeated temporal persistence (5 recorded events). (Note: Statistical feature correlation, not verified physical causality)."
a139b0b3a9,21.74874,83.84246,AGRICULTURAL_FIRE,MODERATE,3.69,324.49,N21,2026-09-09 02:23:00 IST,5,FAC-006,Kalinganagar Industrial Corridor,industrial,237.957,LOW,LOW,CL-0047,7,1.0,CL-0047 (7 hotspots),0.88,None (Open / Rural Area),,AGRICULTURAL_FIRE,0.9927,"Event labeled as AGRICULTURAL_FIRE primarily based on: rural coordinates beyond active industrial buffers; low-intensity thermal signature (3.7 MW); repeated temporal persistence (5 recorded events). (Note: Statistical feature correlation, not verified physical causality)."
105da7c208,21.75488,83.84436,AGRICULTURAL_FIRE,MODERATE,1.45,295.77,N21,2026-09-09 02:23:00 IST,1,FAC-006,Kalinganagar Industrial Corridor,industrial,238.032,LOW,LOW,CL-0047,7,1.0,CL-0047 (7 hotspots),0.88,None (Open / Rural Area),,AGRICULTURAL_FIRE,0.9918,"Event labeled as AGRICULTURAL_FIRE primarily based on: rural coordinates beyond active industrial buffers; low-intensity thermal signature (1.4 MW); isolated/spontaneous thermal occurrence. (Note: Statistical feature correlation, not verified physical causality)."
06656a300d,21.83302,72.65292,AGRICULTURAL_FIRE,MODERATE,2.09,319.91,N21,2026-09-09 02:23:00 IST,1,FAC-003,Jamnagar Petrochemical & Flare Complex,industrial,276.516,LOW,LOW,NOISE,1,1.0,NOISE (1 hotspot),0.88,None (Open / Rural Area),,AGRICULTURAL_FIRE,1.0,"Event labeled as AGRICULTURAL_FIRE primarily based on: rural coordinates beyond active industrial buffers; low-intensity thermal signature (2.1 MW); isolated/spontaneous thermal occurrence. (Note: Statistical feature correlation, not verified physical causality)."
2e49c9e7d9,22.2642,75.13484,AGRICULTURAL_FIRE,MODERATE,1.61,309.54,N21,2026-09-09 02:23:00 IST,2,FAC-003,Jamnagar Petrochemical & Flare Complex,industrial,522.557,LOW,LOW,CL-0113,2,1.0,CL-0113 (2 hotspots),0.88,None (Open / Rural Area),,AGRICULTURAL_FIRE,1.0,"Event labeled as AGRICULTURAL_FIRE primarily based on: rural coordinates beyond active industrial buffers; low-intensity thermal signature (1.6 MW); isolated/spontaneous thermal occurrence. (Note: Statistical feature correlation, not verified physical causality)."
d9426a5d0a,22.35583,82.30267,AGRICULTURAL_FIRE,MODERATE,2.7,315.43,N21,2026-09-09 02:23:00 IST,4,FAC-007,Bhilai Steel Complex,industrial,160.88,LOW,LOW,CL-0114,7,1.0,CL-0114 (7 hotspots),0.88,None (Open / Rural Area),,AGRICULTURAL_FIRE,0.9927,"Event labeled as AGRICULTURAL_FIRE primarily based on: rural coordinates beyond active industrial buffers; low-intensity thermal signature (2.7 MW); repeated temporal persistence (4 recorded events). (Note: Statistical feature correlation, not verified physical causality)."
2b38951cdd,22.3568,82.29849,AGRICULTURAL_FIRE,MODERATE,1.96,296.49,N21,2026-09-09 02:23:00 IST,4,FAC-007,Bhilai Steel Complex,industrial,160.712,LOW,LOW,CL-0114,7,1.0,CL-0114 (7 hotspots),0.88,None (Open / Rural Area),,AGRICULTURAL_FIRE,0.9844,"Event labeled as AGRICULTURAL_FIRE primarily based on: rural coordinates beyond active industrial buffers; low-intensity thermal signature (2.0 MW); repeated temporal persistence (4 recorded events). (Note: Statistical feature correlation, not verified physical causality)."
28374b8982,22.35914,82.30242,AGRICULTURAL_FIRE,MODERATE,3.22,315.69,N21,2026-09-09 02:23:00 IST,3,FAC-007,Bhilai Steel Complex,industrial,161.161,LOW,LOW,CL-0114,7,1.0,CL-0114 (7 hotspots),0.88,None (Open / Rural Area),,AGRICULTURAL_FIRE,1.0,"Event labeled as AGRICULTURAL_FIRE primarily based on: rural coordinates beyond active industrial buffers; low-intensity thermal signature (3.2 MW); repeated temporal persistence (3 recorded events). (Note: Statistical feature correlation, not verified physical causality)."
3c38261cf4,23.25705,70.26215,AGRICULTURAL_FIRE,MODERATE,2.15,310.22,N21,2026-09-09 02:23:00 IST,1,FAC-003,Jamnagar Petrochemical & Flare Complex,industrial,89.912,LOW,LOW,NOISE,1,1.0,NOISE (1 hotspot),0.88,None (Open / Rural Area),,AGRICULTURAL_FIRE,1.0,"Event labeled as AGRICULTURAL_FIRE primarily based on: rural coordinates beyond active industrial buffers; low-intensity thermal signature (2.1 MW); isolated/spontaneous thermal occurrence. (Note: Statistical feature correlation, not verified physical causality)."
6153e44e5e,23.31549,70.48596,AGRICULTURAL_FIRE,MODERATE,1.86,312.78,N21,2026-09-09 02:23:00 IST,2,FAC-003,Jamnagar Petrochemical & Flare Complex,industrial,103.675,LOW,LOW,CL-0115,2,1.0,CL-0115 (2 hotspots),0.88,None (Open / Rural Area),,AGRICULTURAL_FIRE,1.0,"Event labeled as AGRICULTURAL_FIRE primarily based on: rural coordinates beyond active industrial buffers; low-intensity thermal signature (1.9 MW); isolated/spontaneous thermal occurrence. (Note: Statistical feature correlation, not verified physical causality)."
7179abc09f,23.42921,68.7126,AGRICULTURAL_FIRE,MODERATE,1.97,305.09,N21,2026-09-09 02:23:00 IST,1,FAC-003,Jamnagar Petrochemical & Flare Complex,industrial,174.15,LOW,LOW,NOISE,1,1.0,NOISE (1 hotspot),0.88,None (Open / Rural Area),,AGRICULTURAL_FIRE,1.0,"Event labeled as AGRICULTURAL_FIRE primarily based on: rural coordinates beyond active industrial buffers; low-intensity thermal signature (2.0 MW); isolated/spontaneous thermal occurrence. (Note: Statistical feature correlation, not verified physical causality)."
b89a609924,24.66074,74.63229,AGRICULTURAL_FIRE,MODERATE,1.23,306.29,N21,2026-09-09 02:23:00 IST,2,FAC-004,Mathura Refinery (IOCL),industrial,447.571,LOW,LOW,CL-0116,2,1.0,CL-0116 (2 hotspots),0.88,None (Open / Rural Area),,AGRICULTURAL_FIRE,1.0,"Event labeled as AGRICULTURAL_FIRE primarily based on: rural coordinates beyond active industrial buffers; low-intensity thermal signature (1.2 MW); isolated/spontaneous thermal occurrence. (Note: Statistical feature correlation, not verified physical causality)."
53ae668e95,24.76343,74.60809,AGRICULTURAL_FIRE,MODERATE,1.66,312.0,N21,2026-09-09 02:23:00 IST,3,FAC-004,Mathura Refinery (IOCL),industrial,440.909,LOW,LOW,CL-0117,3,1.0,CL-0117 (3 hotspots),0.88,None (Open / Rural Area),,AGRICULTURAL_FIRE,1.0,"Event labeled as AGRICULTURAL_FIRE primarily based on: rural coordinates beyond active industrial buffers; low-intensity thermal signature (1.7 MW); repeated temporal persistence (3 recorded events). (Note: Statistical feature correlation, not verified physical causality)."
a25eeb6f6b,24.82075,73.09358,AGRICULTURAL_FIRE,MODERATE,1.32,313.84,N21,2026-09-09 02:23:00 IST,2,FAC-003,Jamnagar Petrochemical & Flare Complex,industrial,404.828,LOW,LOW,CL-0118,2,1.0,CL-0118 (2 hotspots),0.88,None (Open / Rural Area),,AGRICULTURAL_FIRE,1.0,"Event labeled as AGRICULTURAL_FIRE primarily based on: rural coordinates beyond active industrial buffers; low-intensity thermal signature (1.3 MW); isolated/spontaneous thermal occurrence. (Note: Statistical feature correlation, not verified physical causality)."
dbfc441c79,24.93482,74.63259,AGRICULTURAL_FIRE,MODERATE,1.55,309.0,N21,2026-09-09 02:23:00 IST,2,FAC-004,Mathura Refinery (IOCL),industrial,425.587,LOW,LOW,CL-0119,2,1.0,CL-0119 (2 hotspots),0.88,None (Open / Rural Area),,AGRICULTURAL_FIRE,1.0,"Event labeled as AGRICULTURAL_FIRE primarily based on: rural coordinates beyond active industrial buffers; low-intensity thermal signature (1.6 MW); isolated/spontaneous thermal occurrence. (Note: Statistical feature correlation, not verified physical causality)."
62d4c80892,25.38644,68.58231,AGRICULTURAL_FIRE,MODERATE,2.4,325.77,N21,2026-09-09 02:23:00 IST,6,FAC-003,Jamnagar Petrochemical & Flare Complex,industrial,357.204,LOW,LOW,CL-0120,7,1.0,CL-0120 (7 hotspots),0.88,None (Open / Rural Area),,AGRICULTURAL_FIRE,0.9927,"Event labeled as AGRICULTURAL_FIRE primarily based on: rural coordinates beyond active industrial buffers; low-intensity thermal signature (2.4 MW); repeated temporal persistence (6 recorded events). (Note: Statistical feature correlation, not verified physical causality)."
979d4edb35,25.38845,68.58139,AGRICULTURAL_FIRE,MODERATE,2.32,321.16,N21,2026-09-09 02:23:00 IST,1,FAC-003,Jamnagar Petrochemical & Flare Complex,industrial,357.446,LOW,LOW,CL-0120,7,1.0,CL-0120 (7 hotspots),0.88,None (Open / Rural Area),,AGRICULTURAL_FIRE,1.0,"Event labeled as AGRICULTURAL_FIRE primarily based on: rural coordinates beyond active industrial buffers; low-intensity thermal signature (2.3 MW); isolated/spontaneous thermal occurrence. (Note: Statistical feature correlation, not verified physical causality)."
30445e577c,27.66572,76.13033,AGRICULTURAL_FIRE,MODERATE,2.16,307.72,N21,2026-09-09 02:23:00 IST,2,FAC-004,Mathura Refinery (IOCL),industrial,154.938,LOW,LOW,CL-0121,2,1.0,CL-0121 (2 hotspots),0.88,None (Open / Rural Area),,AGRICULTURAL_FIRE,1.0,"Event labeled as AGRICULTURAL_FIRE primarily based on: rural coordinates beyond active industrial buffers; low-intensity thermal signature (2.2 MW); isolated/spontaneous thermal occurrence. (Note: Statistical feature correlation, not verified physical causality)."
0ae53a83c7,28.27609,77.18248,AGRICULTURAL_FIRE,MODERATE,0.99,307.53,N21,2026-09-09 02:23:00 IST,1,FAC-004,Mathura Refinery (IOCL),industrial,91.22,LOW,LOW,CL-0122,2,1.0,CL-0122 (2 hotspots),0.88,None (Open / Rural Area),,AGRICULTURAL_FIRE,1.0,"Event labeled as AGRICULTURAL_FIRE primarily based on: rural coordinates beyond active industrial buffers; low-intensity thermal signature (1.0 MW); isolated/spontaneous thermal occurrence. (Note: Statistical feature correlation, not verified physical causality)."
d223a5ae1a,28.34451,77.23112,AGRICULTURAL_FIRE,MODERATE,1.54,311.99,N21,2026-09-09 02:23:00 IST,3,FAC-004,Mathura Refinery (IOCL),industrial,95.21,LOW,LOW,CL-0123,3,1.0,CL-0123 (3 hotspots),0.88,None (Open / Rural Area),,AGRICULTURAL_FIRE,1.0,"Event labeled as AGRICULTURAL_FIRE primarily based on: rural coordinates beyond active industrial buffers; low-intensity thermal signature (1.5 MW); repeated temporal persistence (3 recorded events). (Note: Statistical feature correlation, not verified physical causality)."
e9e4106b55,28.34715,77.25851,AGRICULTURAL_FIRE,MODERATE,3.45,306.92,N21,2026-09-09 02:23:00 IST,2,FAC-004,Mathura Refinery (IOCL),industrial,94.196,LOW,LOW,CL-0124,2,1.0,CL-0124 (2 hotspots),0.88,None (Open / Rural Area),,AGRICULTURAL_FIRE,1.0,"Event labeled as AGRICULTURAL_FIRE primarily based on: rural coordinates beyond active industrial buffers; low-intensity thermal signature (3.5 MW); isolated/spontaneous thermal occurrence. (Note: Statistical feature correlation, not verified physical causality)."
b81c4d0698,28.42428,69.69835,AGRICULTURAL_FIRE,MODERATE,2.15,315.76,N21,2026-09-09 02:23:00 IST,3,FAC-003,Jamnagar Petrochemical & Flare Complex,industrial,662.99,LOW,LOW,CL-0125,3,1.0,CL-0125 (3 hotspots),0.88,None (Open / Rural Area),,AGRICULTURAL_FIRE,1.0,"Event labeled as AGRICULTURAL_FIRE primarily based on: rural coordinates beyond active industrial buffers; low-intensity thermal signature (2.1 MW); repeated temporal persistence (3 recorded events). (Note: Statistical feature correlation, not verified physical causality)."
2936e8592c,28.85114,77.14791,AGRICULTURAL_FIRE,MODERATE,3.15,311.21,N21,2026-09-09 02:23:00 IST,1,FAC-004,Mathura Refinery (IOCL),industrial,149.761,LOW,LOW,NOISE,1,1.0,NOISE (1 hotspot),0.88,None (Open / Rural Area),,AGRICULTURAL_FIRE,1.0,"Event labeled as AGRICULTURAL_FIRE primarily based on: rural coordinates beyond active industrial buffers; low-intensity thermal signature (3.1 MW); isolated/spontaneous thermal occurrence. (Note: Statistical feature correlation, not verified physical causality)."
c6f884a150,29.6315,77.24976,AGRICULTURAL_FIRE,MODERATE,0.75,305.32,N21,2026-09-09 02:23:00 IST,1,FAC-004,Mathura Refinery (IOCL),industrial,230.629,LOW,LOW,NOISE,1,1.0,NOISE (1 hotspot),0.88,None (Open / Rural Area),,AGRICULTURAL_FIRE,1.0,"Event labeled as AGRICULTURAL_FIRE primarily based on: rural coordinates beyond active industrial buffers; low-intensity thermal signature (0.8 MW); isolated/spontaneous thermal occurrence. (Note: Statistical feature correlation, not verified physical causality)."
e956dd758e,30.08338,70.17281,AGRICULTURAL_FIRE,MODERATE,2.24,308.92,N21,2026-09-09 02:23:00 IST,1,FAC-004,Mathura Refinery (IOCL),industrial,783.511,LOW,LOW,NOISE,1,1.0,NOISE (1 hotspot),0.88,None (Open / Rural Area),,AGRICULTURAL_FIRE,1.0,"Event labeled as AGRICULTURAL_FIRE primarily based on: rural coordinates beyond active industrial buffers; low-intensity thermal signature (2.2 MW); isolated/spontaneous thermal occurrence. (Note: Statistical feature correlation, not verified physical causality)."
93d1b2afc7,30.44674,70.56655,AGRICULTURAL_FIRE,MODERATE,0.9,312.48,N21,2026-09-09 02:23:00 IST,2,FAC-004,Mathura Refinery (IOCL),industrial,762.506,LOW,LOW,CL-0126,2,1.0,CL-0126 (2 hotspots),0.88,None (Open / Rural Area),,AGRICULTURAL_FIRE,0.9917,"Event labeled as AGRICULTURAL_FIRE primarily based on: rural coordinates beyond active industrial buffers; low-intensity thermal signature (0.9 MW); isolated/spontaneous thermal occurrence. (Note: Statistical feature correlation, not verified physical causality)."
21323d0ddd,32.29046,70.7383,AGRICULTURAL_FIRE,MODERATE,3.19,310.12,N21,2026-09-09 02:23:00 IST,1,FAC-004,Mathura Refinery (IOCL),industrial,849.694,LOW,LOW,NOISE,1,1.0,NOISE (1 hotspot),0.88,None (Open / Rural Area),,AGRICULTURAL_FIRE,1.0,"Event labeled as AGRICULTURAL_FIRE primarily based on: rural coordinates beyond active industrial buffers; low-intensity thermal signature (3.2 MW); isolated/spontaneous thermal occurrence. (Note: Statistical feature correlation, not verified physical causality)."
b9b4c54229,32.37861,72.13979,AGRICULTURAL_FIRE,MODERATE,1.03,308.95,N21,2026-09-09 02:23:00 IST,2,FAC-004,Mathura Refinery (IOCL),industrial,754.554,LOW,LOW,CL-0127,2,1.0,CL-0127 (2 hotspots),0.88,None (Open / Rural Area),,AGRICULTURAL_FIRE,1.0,"Event labeled as AGRICULTURAL_FIRE primarily based on: rural coordinates beyond active industrial buffers; low-intensity thermal signature (1.0 MW); isolated/spontaneous thermal occurrence. (Note: Statistical feature correlation, not verified physical causality)."
e2a26d1308,32.38057,72.13855,AGRICULTURAL_FIRE,MODERATE,2.39,309.09,N21,2026-09-09 02:23:00 IST,2,FAC-004,Mathura Refinery (IOCL),industrial,754.788,LOW,LOW,CL-0127,2,1.0,CL-0127 (2 hotspots),0.88,None (Open / Rural Area),,AGRICULTURAL_FIRE,1.0,"Event labeled as AGRICULTURAL_FIRE primarily based on: rural coordinates beyond active industrial buffers; low-intensity thermal signature (2.4 MW); isolated/spontaneous thermal occurrence. (Note: Statistical feature correlation, not verified physical causality)."
947b26158c,32.57512,72.5635,AGRICULTURAL_FIRE,MODERATE,2.52,313.96,N21,2026-09-09 02:23:00 IST,3,FAC-004,Mathura Refinery (IOCL),industrial,742.009,LOW,LOW,CL-0128,5,1.0,CL-0128 (5 hotspots),0.88,None (Open / Rural Area),,AGRICULTURAL_FIRE,1.0,"Event labeled as AGRICULTURAL_FIRE primarily based on: rural coordinates beyond active industrial buffers; low-intensity thermal signature (2.5 MW); repeated temporal persistence (3 recorded events). (Note: Statistical feature correlation, not verified physical causality)."
c51164bdd6,32.65304,70.47336,AGRICULTURAL_FIRE,MODERATE,1.47,314.53,N21,2026-09-09 02:23:00 IST,2,FAC-004,Mathura Refinery (IOCL),industrial,893.689,LOW,LOW,CL-0129,2,1.0,CL-0129 (2 hotspots),0.88,None (Open / Rural Area),,AGRICULTURAL_FIRE,1.0,"Event labeled as AGRICULTURAL_FIRE primarily based on: rural coordinates beyond active industrial buffers; low-intensity thermal signature (1.5 MW); isolated/spontaneous thermal occurrence. (Note: Statistical feature correlation, not verified physical causality)."
cb11213fc0,32.71785,72.77577,AGRICULTURAL_FIRE,MODERATE,1.49,312.2,N21,2026-09-09 02:23:00 IST,3,FAC-004,Mathura Refinery (IOCL),industrial,740.487,LOW,LOW,CL-0130,3,1.0,CL-0130 (3 hotspots),0.88,None (Open / Rural Area),,AGRICULTURAL_FIRE,1.0,"Event labeled as AGRICULTURAL_FIRE primarily based on: rural coordinates beyond active industrial buffers; low-intensity thermal signature (1.5 MW); repeated temporal persistence (3 recorded events). (Note: Statistical feature correlation, not verified physical causality)."
d7f3d69e82,32.71963,72.92428,AGRICULTURAL_FIRE,MODERATE,1.02,305.09,N21,2026-09-09 02:23:00 IST,1,FAC-004,Mathura Refinery (IOCL),industrial,731.604,LOW,LOW,NOISE,1,1.0,NOISE (1 hotspot),0.88,None (Open / Rural Area),,AGRICULTURAL_FIRE,1.0,"Event labeled as AGRICULTURAL_FIRE primarily based on: rural coordinates beyond active industrial buffers; low-intensity thermal signature (1.0 MW); isolated/spontaneous thermal occurrence. (Note: Statistical feature correlation, not verified physical causality)."
cd6b154c91,32.88968,71.6192,AGRICULTURAL_FIRE,MODERATE,2.86,307.76,N21,2026-09-09 02:23:00 IST,2,FAC-004,Mathura Refinery (IOCL),industrial,829.035,LOW,LOW,CL-0131,3,1.0,CL-0131 (3 hotspots),0.88,None (Open / Rural Area),,AGRICULTURAL_FIRE,1.0,"Event labeled as AGRICULTURAL_FIRE primarily based on: rural coordinates beyond active industrial buffers; low-intensity thermal signature (2.9 MW); isolated/spontaneous thermal occurrence. (Note: Statistical feature correlation, not verified physical causality)."
a8a4e93e3d,33.29688,71.18692,AGRICULTURAL_FIRE,MODERATE,1.47,312.13,N21,2026-09-09 02:23:00 IST,2,FAC-004,Mathura Refinery (IOCL),industrial,889.43,LOW,LOW,CL-0132,2,1.0,CL-0132 (2 hotspots),0.88,None (Open / Rural Area),,AGRICULTURAL_FIRE,1.0,"Event labeled as AGRICULTURAL_FIRE primarily based on: rural coordinates beyond active industrial buffers; low-intensity thermal signature (1.5 MW); isolated/spontaneous thermal occurrence. (Note: Statistical feature correlation, not verified physical causality)."
81d4253638,33.54583,71.55003,AGRICULTURAL_FIRE,MODERATE,1.91,308.02,N21,2026-09-09 02:23:00 IST,2,FAC-004,Mathura Refinery (IOCL),industrial,885.347,LOW,LOW,CL-0133,2,1.0,CL-0133 (2 hotspots),0.88,None (Open / Rural Area),,AGRICULTURAL_FIRE,1.0,"Event labeled as AGRICULTURAL_FIRE primarily based on: rural coordinates beyond active industrial buffers; low-intensity thermal signature (1.9 MW); isolated/spontaneous thermal occurrence. (Note: Statistical feature correlation, not verified physical causality)."
387fc08590,33.54665,71.55161,AGRICULTURAL_FIRE,MODERATE,1.8,306.9,N21,2026-09-09 02:23:00 IST,2,FAC-004,Mathura Refinery (IOCL),industrial,885.313,LOW,LOW,CL-0133,2,1.0,CL-0133 (2 hotspots),0.88,None (Open / Rural Area),,AGRICULTURAL_FIRE,1.0,"Event labeled as AGRICULTURAL_FIRE primarily based on: rural coordinates beyond active industrial buffers; low-intensity thermal signature (1.8 MW); isolated/spontaneous thermal occurrence. (Note: Statistical feature correlation, not verified physical causality)."
fa4aa3e135,33.68939,72.71101,AGRICULTURAL_FIRE,MODERATE,1.56,315.02,N21,2026-09-09 02:23:00 IST,2,FAC-004,Mathura Refinery (IOCL),industrial,828.593,LOW,LOW,CL-0134,2,1.0,CL-0134 (2 hotspots),0.88,None (Open / Rural Area),,AGRICULTURAL_FIRE,1.0,"Event labeled as AGRICULTURAL_FIRE primarily based on: rural coordinates beyond active industrial buffers; low-intensity thermal signature (1.6 MW); isolated/spontaneous thermal occurrence. (Note: Statistical feature correlation, not verified physical causality)."
78c5e0b722,33.90155,74.64181,AGRICULTURAL_FIRE,MODERATE,3.7,327.28,N21,2026-09-09 02:23:00 IST,1,FAC-004,Mathura Refinery (IOCL),industrial,759.577,LOW,LOW,NOISE,1,1.0,NOISE (1 hotspot),0.88,None (Open / Rural Area),,AGRICULTURAL_FIRE,1.0,"Event labeled as AGRICULTURAL_FIRE primarily based on: rural coordinates beyond active industrial buffers; low-intensity thermal signature (3.7 MW); isolated/spontaneous thermal occurrence. (Note: Statistical feature correlation, not verified physical causality)."
55ea402729,35.96765,68.68378,AGRICULTURAL_FIRE,MODERATE,1.14,303.0,N21,2026-09-09 02:23:00 IST,2,FAC-004,Mathura Refinery (IOCL),industrial,1260.919,LOW,LOW,CL-0135,2,1.0,CL-0135 (2 hotspots),0.88,None (Open / Rural Area),,AGRICULTURAL_FIRE,0.9917,"Event labeled as AGRICULTURAL_FIRE primarily based on: rural coordinates beyond active industrial buffers; low-intensity thermal signature (1.1 MW); isolated/spontaneous thermal occurrence. (Note: Statistical feature correlation, not verified physical causality)."
36e837d90b,13.03041,77.87395,AGRICULTURAL_FIRE,MODERATE,1.04,310.53,N21,2026-09-09 02:25:00 IST,3,FAC-007,Bhilai Steel Complex,industrial,980.679,LOW,LOW,CL-0136,3,1.0,CL-0136 (3 hotspots),0.88,None (Open / Rural Area),,AGRICULTURAL_FIRE,1.0,"Event labeled as AGRICULTURAL_FIRE primarily based on: rural coordinates beyond active industrial buffers; low-intensity thermal signature (1.0 MW); repeated temporal persistence (3 recorded events). (Note: Statistical feature correlation, not verified physical causality)."
7be8a976c6,13.03228,77.87708,AGRICULTURAL_FIRE,MODERATE,1.11,301.88,N21,2026-09-09 02:25:00 IST,3,FAC-007,Bhilai Steel Complex,industrial,980.36,LOW,LOW,CL-0136,3,1.0,CL-0136 (3 hotspots),0.88,None (Open / Rural Area),,AGRICULTURAL_FIRE,0.9917,"Event labeled as AGRICULTURAL_FIRE primarily based on: rural coordinates beyond active industrial buffers; low-intensity thermal signature (1.1 MW); repeated temporal persistence (3 recorded events). (Note: Statistical feature correlation, not verified physical causality)."
02c14c6ce8,13.03289,77.87395,AGRICULTURAL_FIRE,MODERATE,1.11,313.38,N21,2026-09-09 02:25:00 IST,3,FAC-007,Bhilai Steel Complex,industrial,980.423,LOW,LOW,CL-0136,3,1.0,CL-0136 (3 hotspots),0.88,None (Open / Rural Area),,AGRICULTURAL_FIRE,1.0,"Event labeled as AGRICULTURAL_FIRE primarily based on: rural coordinates beyond active industrial buffers; low-intensity thermal signature (1.1 MW); repeated temporal persistence (3 recorded events). (Note: Statistical feature correlation, not verified physical causality)."
00eef55c5e,14.42481,79.67995,AGRICULTURAL_FIRE,MODERATE,4.49,295.39,N21,2026-09-09 02:25:00 IST,1,FAC-007,Bhilai Steel Complex,industrial,773.455,LOW,LOW,NOISE,1,1.0,NOISE (1 hotspot),0.88,None (Open / Rural Area),,AGRICULTURAL_FIRE,1.0,"Event labeled as AGRICULTURAL_FIRE primarily based on: rural coordinates beyond active industrial buffers; low-intensity thermal signature (4.5 MW); isolated/spontaneous thermal occurrence. (Note: Statistical feature correlation, not verified physical causality)."
ac74d15418,15.16434,76.37961,AGRICULTURAL_FIRE,MODERATE,0.78,301.25,N21,2026-09-09 02:25:00 IST,7,FAC-007,Bhilai Steel Complex,industrial,853.021,LOW,LOW,CL-0137,7,1.0,CL-0137 (7 hotspots),0.88,None (Open / Rural Area),,AGRICULTURAL_FIRE,0.9927,"Event labeled as AGRICULTURAL_FIRE primarily based on: rural coordinates beyond active industrial buffers; low-intensity thermal signature (0.8 MW); repeated temporal persistence (7 recorded events). (Note: Statistical feature correlation, not verified physical causality)."
eca14ca5d7,15.16665,76.37827,AGRICULTURAL_FIRE,MODERATE,1.36,302.06,N21,2026-09-09 02:25:00 IST,7,FAC-007,Bhilai Steel Complex,industrial,852.905,LOW,LOW,CL-0137,7,1.0,CL-0137 (7 hotspots),0.88,None (Open / Rural Area),,AGRICULTURAL_FIRE,0.9927,"Event labeled as AGRICULTURAL_FIRE primarily based on: rural coordinates beyond active industrial buffers; low-intensity thermal signature (1.4 MW); repeated temporal persistence (7 recorded events). (Note: Statistical feature correlation, not verified physical causality)."
9390105455,15.16879,76.38054,AGRICULTURAL_FIRE,MODERATE,1.79,303.85,N21,2026-09-09 02:25:00 IST,7,FAC-007,Bhilai Steel Complex,industrial,852.568,LOW,LOW,CL-0137,7,1.0,CL-0137 (7 hotspots),0.88,None (Open / Rural Area),,AGRICULTURAL_FIRE,0.9927,"Event labeled as AGRICULTURAL_FIRE primarily based on: rural coordinates beyond active industrial buffers; low-intensity thermal signature (1.8 MW); repeated temporal persistence (7 recorded events). (Note: Statistical feature correlation, not verified physical causality)."
3860ecd859,15.17728,76.65664,AGRICULTURAL_FIRE,MODERATE,6.33,327.82,N21,2026-09-09 02:25:00 IST,7,FAC-007,Bhilai Steel Complex,industrial,834.072,LOW,LOW,CL-0101,27,1.0,CL-0101 (27 hotspots),0.88,None (Open / Rural Area),,AGRICULTURAL_FIRE,0.9927,"Event labeled as AGRICULTURAL_FIRE primarily based on: rural coordinates beyond active industrial buffers; low-intensity thermal signature (6.3 MW); repeated temporal persistence (7 recorded events). (Note: Statistical feature correlation, not verified physical causality)."
0c753bcb1d,15.17819,76.67695,AGRICULTURAL_FIRE,MODERATE,3.17,309.68,N21,2026-09-09 02:25:00 IST,8,FAC-007,Bhilai Steel Complex,industrial,832.71,LOW,LOW,CL-0101,27,1.0,CL-0101 (27 hotspots),0.88,None (Open / Rural Area),,AGRICULTURAL_FIRE,0.9927,"Event labeled as AGRICULTURAL_FIRE primarily based on: rural coordinates beyond active industrial buffers; low-intensity thermal signature (3.2 MW); repeated temporal persistence (8 recorded events). (Note: Statistical feature correlation, not verified physical causality)."
79ca261f5a,15.1791,76.67211,AGRICULTURAL_FIRE,MODERATE,1.6,303.5,N21,2026-09-09 02:25:00 IST,11,FAC-007,Bhilai Steel Complex,industrial,832.933,LOW,LOW,CL-0101,27,1.0,CL-0101 (27 hotspots),0.88,None (Open / Rural Area),,AGRICULTURAL_FIRE,0.9927,"Event labeled as AGRICULTURAL_FIRE primarily based on: rural coordinates beyond active industrial buffers; low-intensity thermal signature (1.6 MW); repeated temporal persistence (11 recorded events). (Note: Statistical feature correlation, not verified physical causality)."
ae7bd6b8a2,15.18,76.66727,AGRICULTURAL_FIRE,MODERATE,1.6,307.35,N21,2026-09-09 02:25:00 IST,11,FAC-007,Bhilai Steel Complex,industrial,833.157,LOW,LOW,CL-0101,27,1.0,CL-0101 (27 hotspots),0.88,None (Open / Rural Area),,AGRICULTURAL_FIRE,0.9927,"Event labeled as AGRICULTURAL_FIRE primarily based on: rural coordinates beyond active industrial buffers; low-intensity thermal signature (1.6 MW); repeated temporal persistence (11 recorded events). (Note: Statistical feature correlation, not verified physical causality)."
e1fedfd6e4,15.18634,76.65858,AGRICULTURAL_FIRE,MODERATE,2.48,307.6,N21,2026-09-09 02:25:00 IST,11,FAC-007,Bhilai Steel Complex,industrial,833.135,LOW,LOW,CL-0101,27,1.0,CL-0101 (27 hotspots),0.88,None (Open / Rural Area),,AGRICULTURAL_FIRE,0.9927,"Event labeled as AGRICULTURAL_FIRE primarily based on: rural coordinates beyond active industrial buffers; low-intensity thermal signature (2.5 MW); repeated temporal persistence (11 recorded events). (Note: Statistical feature correlation, not verified physical causality)."
862f8e499d,15.2236,76.76345,AGRICULTURAL_FIRE,MODERATE,1.71,309.35,N21,2026-09-09 02:25:00 IST,4,FAC-007,Bhilai Steel Complex,industrial,823.188,LOW,LOW,CL-0138,6,1.0,CL-0138 (6 hotspots),0.88,None (Open / Rural Area),,AGRICULTURAL_FIRE,0.9927,"Event labeled as AGRICULTURAL_FIRE primarily based on: rural coordinates beyond active industrial buffers; low-intensity thermal signature (1.7 MW); repeated temporal persistence (4 recorded events). (Note: Statistical feature correlation, not verified physical causality)."
82a6c7aa1b,15.33856,76.27937,AGRICULTURAL_FIRE,MODERATE,2.49,319.13,N21,2026-09-09 02:25:00 IST,1,FAC-007,Bhilai Steel Complex,industrial,844.438,LOW,LOW,NOISE,1,1.0,NOISE (1 hotspot),0.88,None (Open / Rural Area),,AGRICULTURAL_FIRE,1.0,"Event labeled as AGRICULTURAL_FIRE primarily based on: rural coordinates beyond active industrial buffers; low-intensity thermal signature (2.5 MW); isolated/spontaneous thermal occurrence. (Note: Statistical feature correlation, not verified physical causality)."
78c4034aa5,15.33924,76.25131,AGRICULTURAL_FIRE,MODERATE,0.75,303.55,N21,2026-09-09 02:25:00 IST,1,FAC-007,Bhilai Steel Complex,industrial,846.269,LOW,LOW,CL-0139,2,1.0,CL-0139 (2 hotspots),0.88,None (Open / Rural Area),,AGRICULTURAL_FIRE,1.0,"Event labeled as AGRICULTURAL_FIRE primarily based on: rural coordinates beyond active industrial buffers; low-intensity thermal signature (0.8 MW); isolated/spontaneous thermal occurrence. (Note: Statistical feature correlation, not verified physical causality)."
fdbfda2887,15.6576,73.99148,AGRICULTURAL_FIRE,MODERATE,0.84,304.03,N21,2026-09-09 02:25:00 IST,2,FAC-003,Jamnagar Petrochemical & Flare Complex,industrial,862.886,LOW,LOW,CL-0140,2,1.0,CL-0140 (2 hotspots),0.88,None (Open / Rural Area),,AGRICULTURAL_FIRE,1.0,"Event labeled as AGRICULTURAL_FIRE primarily based on: rural coordinates beyond active industrial buffers; low-intensity thermal signature (0.8 MW); isolated/spontaneous thermal occurrence. (Note: Statistical feature correlation, not verified physical causality)."
bafa6aa202,16.51887,79.73135,AGRICULTURAL_FIRE,MODERATE,1.59,302.84,N21,2026-09-09 02:25:00 IST,1,FAC-007,Bhilai Steel Complex,industrial,547.593,LOW,LOW,NOISE,1,1.0,NOISE (1 hotspot),0.88,None (Open / Rural Area),,AGRICULTURAL_FIRE,0.9917,"Event labeled as AGRICULTURAL_FIRE primarily based on: rural coordinates beyond active industrial buffers; low-intensity thermal signature (1.6 MW); isolated/spontaneous thermal occurrence. (Note: Statistical feature correlation, not verified physical causality)."
214445122d,16.87159,80.02135,AGRICULTURAL_FIRE,MODERATE,2.38,304.24,N21,2026-09-09 02:25:00 IST,1,FAC-007,Bhilai Steel Complex,industrial,500.961,LOW,LOW,NOISE,1,1.0,NOISE (1 hotspot),0.88,None (Open / Rural Area),,AGRICULTURAL_FIRE,1.0,"Event labeled as AGRICULTURAL_FIRE primarily based on: rural coordinates beyond active industrial buffers; low-intensity thermal signature (2.4 MW); isolated/spontaneous thermal occurrence. (Note: Statistical feature correlation, not verified physical causality)."
00dccbedb9,17.9596,80.79324,AGRICULTURAL_FIRE,MODERATE,2.48,303.82,N21,2026-09-09 02:25:00 IST,1,FAC-007,Bhilai Steel Complex,industrial,364.425,LOW,LOW,NOISE,1,1.0,NOISE (1 hotspot),0.88,None (Open / Rural Area),,AGRICULTURAL_FIRE,1.0,"Event labeled as AGRICULTURAL_FIRE primarily based on: rural coordinates beyond active industrial buffers; low-intensity thermal signature (2.5 MW); isolated/spontaneous thermal occurrence. (Note: Statistical feature correlation, not verified physical causality)."
2fa638e691,18.57353,74.15674,AGRICULTURAL_FIRE,MODERATE,4.21,328.04,N21,2026-09-09 02:25:00 IST,2,FAC-003,Jamnagar Petrochemical & Flare Complex,industrial,608.19,LOW,LOW,CL-0141,2,1.0,CL-0141 (2 hotspots),0.88,None (Open / Rural Area),,AGRICULTURAL_FIRE,1.0,"Event labeled as AGRICULTURAL_FIRE primarily based on: rural coordinates beyond active industrial buffers; low-intensity thermal signature (4.2 MW); isolated/spontaneous thermal occurrence. (Note: Statistical feature correlation, not verified physical causality)."
8602d274e2,18.69045,73.04063,AGRICULTURAL_FIRE,MODERATE,3.74,322.23,N21,2026-09-09 02:25:00 IST,2,FAC-003,Jamnagar Petrochemical & Flare Complex,industrial,522.551,LOW,LOW,CL-0142,3,1.0,CL-0142 (3 hotspots),0.88,None (Open / Rural Area),,AGRICULTURAL_FIRE,1.0,"Event labeled as AGRICULTURAL_FIRE primarily based on: rural coordinates beyond active industrial buffers; low-intensity thermal signature (3.7 MW); isolated/spontaneous thermal occurrence. (Note: Statistical feature correlation, not verified physical causality)."
86e9cd320d,19.17728,70.94631,AGRICULTURAL_FIRE,MODERATE,2.74,314.83,N21,2026-09-09 02:25:00 IST,2,FAC-003,Jamnagar Petrochemical & Flare Complex,industrial,377.674,LOW,LOW,CL-0143,2,1.0,CL-0143 (2 hotspots),0.88,None (Open / Rural Area),,AGRICULTURAL_FIRE,1.0,"Event labeled as AGRICULTURAL_FIRE primarily based on: rural coordinates beyond active industrial buffers; low-intensity thermal signature (2.7 MW); isolated/spontaneous thermal occurrence. (Note: Statistical feature correlation, not verified physical causality)."
fb3a679536,19.37115,71.35227,AGRICULTURAL_FIRE,MODERATE,3.92,324.07,N21,2026-09-09 02:25:00 IST,1,FAC-003,Jamnagar Petrochemical & Flare Complex,industrial,369.946,LOW,LOW,NOISE,1,1.0,NOISE (1 hotspot),0.88,None (Open / Rural Area),,AGRICULTURAL_FIRE,1.0,"Event labeled as AGRICULTURAL_FIRE primarily based on: rural coordinates beyond active industrial buffers; low-intensity thermal signature (3.9 MW); isolated/spontaneous thermal occurrence. (Note: Statistical feature correlation, not verified physical causality)."
4142d7cff7,19.81688,79.33522,AGRICULTURAL_FIRE,MODERATE,1.06,307.31,N21,2026-09-09 02:25:00 IST,1,FAC-007,Bhilai Steel Complex,industrial,262.037,LOW,LOW,NOISE,1,1.0,NOISE (1 hotspot),0.88,None (Open / Rural Area),,AGRICULTURAL_FIRE,1.0,"Event labeled as AGRICULTURAL_FIRE primarily based on: rural coordinates beyond active industrial buffers; low-intensity thermal signature (1.1 MW); isolated/spontaneous thermal occurrence. (Note: Statistical feature correlation, not verified physical causality)."
290b931f34,19.93704,73.71299,AGRICULTURAL_FIRE,MODERATE,2.1,319.13,N21,2026-09-09 02:25:00 IST,3,FAC-003,Jamnagar Petrochemical & Flare Complex,industrial,472.146,LOW,LOW,CL-0144,3,1.0,CL-0144 (3 hotspots),0.88,None (Open / Rural Area),,AGRICULTURAL_FIRE,1.0,"Event labeled as AGRICULTURAL_FIRE primarily based on: rural coordinates beyond active industrial buffers; low-intensity thermal signature (2.1 MW); repeated temporal persistence (3 recorded events). (Note: Statistical feature correlation, not verified physical causality)."
27e29754db,20.91085,71.46191,AGRICULTURAL_FIRE,MODERATE,0.81,307.85,N21,2026-09-09 02:25:00 IST,4,FAC-003,Jamnagar Petrochemical & Flare Complex,industrial,226.123,LOW,LOW,CL-0145,4,1.0,CL-0145 (4 hotspots),0.88,None (Open / Rural Area),,AGRICULTURAL_FIRE,0.9927,"Event labeled as AGRICULTURAL_FIRE primarily based on: rural coordinates beyond active industrial buffers; low-intensity thermal signature (0.8 MW); repeated temporal persistence (4 recorded events). (Note: Statistical feature correlation, not verified physical causality)."
c50de3ca8e,20.91144,71.45822,AGRICULTURAL_FIRE,MODERATE,0.81,306.58,N21,2026-09-09 02:25:00 IST,4,FAC-003,Jamnagar Petrochemical & Flare Complex,industrial,225.828,LOW,LOW,CL-0145,4,1.0,CL-0145 (4 hotspots),0.88,None (Open / Rural Area),,AGRICULTURAL_FIRE,0.9927,"Event labeled as AGRICULTURAL_FIRE primarily based on: rural coordinates beyond active industrial buffers; low-intensity thermal signature (0.8 MW); repeated temporal persistence (4 recorded events). (Note: Statistical feature correlation, not verified physical causality)."
2e2de257ce,21.10085,72.6372,AGRICULTURAL_FIRE,MODERATE,2.33,306.97,N21,2026-09-09 02:25:00 IST,8,FAC-003,Jamnagar Petrochemical & Flare Complex,industrial,306.811,LOW,LOW,CL-0103,27,1.0,CL-0103 (27 hotspots),0.88,None (Open / Rural Area),,AGRICULTURAL_FIRE,0.9927,"Event labeled as AGRICULTURAL_FIRE primarily based on: rural coordinates beyond active industrial buffers; low-intensity thermal signature (2.3 MW); repeated temporal persistence (8 recorded events). (Note: Statistical feature correlation, not verified physical causality)."
814649f88e,21.10228,72.64941,AGRICULTURAL_FIRE,MODERATE,3.13,308.29,N21,2026-09-09 02:25:00 IST,17,FAC-003,Jamnagar Petrochemical & Flare Complex,industrial,307.826,LOW,LOW,CL-0103,27,1.0,CL-0103 (27 hotspots),0.88,None (Open / Rural Area),,AGRICULTURAL_FIRE,0.9927,"Event labeled as AGRICULTURAL_FIRE primarily based on: rural coordinates beyond active industrial buffers; low-intensity thermal signature (3.1 MW); repeated temporal persistence (17 recorded events). (Note: Statistical feature correlation, not verified physical causality)."
17d4a52ca7,21.10292,72.64555,AGRICULTURAL_FIRE,MODERATE,3.13,316.94,N21,2026-09-09 02:25:00 IST,17,FAC-003,Jamnagar Petrochemical & Flare Complex,industrial,307.444,LOW,LOW,CL-0103,27,1.0,CL-0103 (27 hotspots),0.88,None (Open / Rural Area),,AGRICULTURAL_FIRE,0.9927,"Event labeled as AGRICULTURAL_FIRE primarily based on: rural coordinates beyond active industrial buffers; low-intensity thermal signature (3.1 MW); repeated temporal persistence (17 recorded events). (Note: Statistical feature correlation, not verified physical causality)."
e82b79ae78,21.10357,72.64169,AGRICULTURAL_FIRE,MODERATE,1.45,307.13,N21,2026-09-09 02:25:00 IST,17,FAC-003,Jamnagar Petrochemical & Flare Complex,industrial,307.061,LOW,LOW,CL-0103,27,1.0,CL-0103 (27 hotspots),0.88,None (Open / Rural Area),,AGRICULTURAL_FIRE,0.9927,"Event labeled as AGRICULTURAL_FIRE primarily based on: rural coordinates beyond active industrial buffers; low-intensity thermal signature (1.4 MW); repeated temporal persistence (17 recorded events). (Note: Statistical feature correlation, not verified physical causality)."
ebcfb03fda,21.105,72.65392,AGRICULTURAL_FIRE,MODERATE,3.04,307.63,N21,2026-09-09 02:25:00 IST,1,FAC-003,Jamnagar Petrochemical & Flare Complex,industrial,308.08,LOW,LOW,CL-0103,27,1.0,CL-0103 (27 hotspots),0.88,None (Open / Rural Area),,AGRICULTURAL_FIRE,1.0,"Event labeled as AGRICULTURAL_FIRE primarily based on: rural coordinates beyond active industrial buffers; low-intensity thermal signature (3.0 MW); isolated/spontaneous thermal occurrence. (Note: Statistical feature correlation, not verified physical causality)."
64b3273896,21.10565,72.65005,AGRICULTURAL_FIRE,MODERATE,3.13,311.3,N21,2026-09-09 02:25:00 IST,17,FAC-003,Jamnagar Petrochemical & Flare Complex,industrial,307.696,LOW,LOW,CL-0103,27,1.0,CL-0103 (27 hotspots),0.88,None (Open / Rural Area),,AGRICULTURAL_FIRE,0.9927,"Event labeled as AGRICULTURAL_FIRE primarily based on: rural coordinates beyond active industrial buffers; low-intensity thermal signature (3.1 MW); repeated temporal persistence (17 recorded events). (Note: Statistical feature correlation, not verified physical causality)."
80ff8929a0,21.10629,72.64619,AGRICULTURAL_FIRE,MODERATE,3.13,338.63,N21,2026-09-09 02:25:00 IST,17,FAC-003,Jamnagar Petrochemical & Flare Complex,industrial,307.314,LOW,LOW,CL-0103,27,1.0,CL-0103 (27 hotspots),0.88,None (Open / Rural Area),,AGRICULTURAL_FIRE,0.9927,"Event labeled as AGRICULTURAL_FIRE primarily based on: rural coordinates beyond active industrial buffers; low-intensity thermal signature (3.1 MW); repeated temporal persistence (17 recorded events). (Note: Statistical feature correlation, not verified physical causality)."
974ca4a3a6,21.10694,72.64233,AGRICULTURAL_FIRE,MODERATE,1.45,308.96,N21,2026-09-09 02:25:00 IST,17,FAC-003,Jamnagar Petrochemical & Flare Complex,industrial,306.931,LOW,LOW,CL-0103,27,1.0,CL-0103 (27 hotspots),0.88,None (Open / Rural Area),,AGRICULTURAL_FIRE,0.9927,"Event labeled as AGRICULTURAL_FIRE primarily based on: rural coordinates beyond active industrial buffers; low-intensity thermal signature (1.4 MW); repeated temporal persistence (17 recorded events). (Note: Statistical feature correlation, not verified physical causality)."
e26ce218eb,21.10758,72.63847,AGRICULTURAL_FIRE,MODERATE,1.45,308.96,N21,2026-09-09 02:25:00 IST,17,FAC-003,Jamnagar Petrochemical & Flare Complex,industrial,306.549,LOW,LOW,CL-0103,27,1.0,CL-0103 (27 hotspots),0.88,None (Open / Rural Area),,AGRICULTURAL_FIRE,0.9927,"Event labeled as AGRICULTURAL_FIRE primarily based on: rural coordinates beyond active industrial buffers; low-intensity thermal signature (1.4 MW); repeated temporal persistence (17 recorded events). (Note: Statistical feature correlation, not verified physical causality)."
aa57035444,21.10966,72.64683,AGRICULTURAL_FIRE,MODERATE,3.46,308.17,N21,2026-09-09 02:25:00 IST,17,FAC-003,Jamnagar Petrochemical & Flare Complex,industrial,307.184,LOW,LOW,CL-0103,27,1.0,CL-0103 (27 hotspots),0.88,None (Open / Rural Area),,AGRICULTURAL_FIRE,0.9927,"Event labeled as AGRICULTURAL_FIRE primarily based on: rural coordinates beyond active industrial buffers; low-intensity thermal signature (3.5 MW); repeated temporal persistence (17 recorded events). (Note: Statistical feature correlation, not verified physical causality)."
5baa70d490,23.69509,85.28782,AGRICULTURAL_FIRE,MODERATE,3.04,298.32,N21,2026-09-09 02:25:00 IST,1,FAC-005,"Tata Steel Plant, Jamshedpur",industrial,134.957,LOW,LOW,NOISE,1,1.0,NOISE (1 hotspot),0.88,None (Open / Rural Area),,AGRICULTURAL_FIRE,0.9918,"Event labeled as AGRICULTURAL_FIRE primarily based on: rural coordinates beyond active industrial buffers; low-intensity thermal signature (3.0 MW); isolated/spontaneous thermal occurrence. (Note: Statistical feature correlation, not verified physical causality)."
d648981777,23.75601,86.40096,AGRICULTURAL_FIRE,MODERATE,4.46,295.65,N21,2026-09-09 02:25:00 IST,3,FAC-005,"Tata Steel Plant, Jamshedpur",industrial,108.059,LOW,LOW,CL-0146,3,1.0,CL-0146 (3 hotspots),0.88,None (Open / Rural Area),,AGRICULTURAL_FIRE,0.9918,"Event labeled as AGRICULTURAL_FIRE primarily based on: rural coordinates beyond active industrial buffers; low-intensity thermal signature (4.5 MW); repeated temporal persistence (3 recorded events). (Note: Statistical feature correlation, not verified physical causality)."
27579628de,23.76281,86.40294,AGRICULTURAL_FIRE,MODERATE,5.06,298.71,N21,2026-09-09 02:25:00 IST,3,FAC-005,"Tata Steel Plant, Jamshedpur",industrial,108.84,LOW,LOW,CL-0146,3,1.0,CL-0146 (3 hotspots),0.88,None (Open / Rural Area),,AGRICULTURAL_FIRE,0.9836,"Event labeled as AGRICULTURAL_FIRE primarily based on: rural coordinates beyond active industrial buffers; low-intensity thermal signature (5.1 MW); repeated temporal persistence (3 recorded events). (Note: Statistical feature correlation, not verified physical causality)."
751060979a,23.76368,86.39948,AGRICULTURAL_FIRE,MODERATE,3.91,297.72,N21,2026-09-09 02:25:00 IST,3,FAC-005,"Tata Steel Plant, Jamshedpur",industrial,108.863,LOW,LOW,CL-0146,3,1.0,CL-0146 (3 hotspots),0.88,None (Open / Rural Area),,AGRICULTURAL_FIRE,0.9918,"Event labeled as AGRICULTURAL_FIRE primarily based on: rural coordinates beyond active industrial buffers; low-intensity thermal signature (3.9 MW); repeated temporal persistence (3 recorded events). (Note: Statistical feature correlation, not verified physical causality)."
7acbc6f33b,24.16105,82.56412,AGRICULTURAL_FIRE,MODERATE,3.94,297.3,N21,2026-09-09 02:25:00 IST,3,FAC-002,Amausi Industrial Area,industrial,335.71,LOW,LOW,CL-0147,3,1.0,CL-0147 (3 hotspots),0.88,None (Open / Rural Area),,AGRICULTURAL_FIRE,1.0,"Event labeled as AGRICULTURAL_FIRE primarily based on: rural coordinates beyond active industrial buffers; low-intensity thermal signature (3.9 MW); repeated temporal persistence (3 recorded events). (Note: Statistical feature correlation, not verified physical causality)."
773e986e79,24.16183,82.56509,AGRICULTURAL_FIRE,MODERATE,3.95,295.7,N21,2026-09-09 02:25:00 IST,3,FAC-002,Amausi Industrial Area,industrial,335.685,LOW,LOW,CL-0147,3,1.0,CL-0147 (3 hotspots),0.88,None (Open / Rural Area),,AGRICULTURAL_FIRE,0.9918,"Event labeled as AGRICULTURAL_FIRE primarily based on: rural coordinates beyond active industrial buffers; low-intensity thermal signature (4.0 MW); repeated temporal persistence (3 recorded events). (Note: Statistical feature correlation, not verified physical causality)."
aa20c47eda,26.09373,68.87742,AGRICULTURAL_FIRE,MODERATE,1.71,313.82,N21,2026-09-09 02:25:00 IST,2,FAC-003,Jamnagar Petrochemical & Flare Complex,industrial,420.241,LOW,LOW,CL-0148,2,1.0,CL-0148 (2 hotspots),0.88,None (Open / Rural Area),,AGRICULTURAL_FIRE,1.0,"Event labeled as AGRICULTURAL_FIRE primarily based on: rural coordinates beyond active industrial buffers; low-intensity thermal signature (1.7 MW); isolated/spontaneous thermal occurrence. (Note: Statistical feature correlation, not verified physical causality)."
c5a8d48f77,26.2584,74.09742,AGRICULTURAL_FIRE,MODERATE,1.15,313.85,N21,2026-09-09 02:25:00 IST,2,FAC-004,Mathura Refinery (IOCL),industrial,386.95,LOW,LOW,CL-0149,2,1.0,CL-0149 (2 hotspots),0.88,None (Open / Rural Area),,AGRICULTURAL_FIRE,1.0,"Event labeled as AGRICULTURAL_FIRE primarily based on: rural coordinates beyond active industrial buffers; low-intensity thermal signature (1.1 MW); isolated/spontaneous thermal occurrence. (Note: Statistical feature correlation, not verified physical causality)."
d59e129a9a,26.70292,77.84827,AGRICULTURAL_FIRE,MODERATE,3.58,310.07,N21,2026-09-09 02:25:00 IST,2,FAC-004,Mathura Refinery (IOCL),industrial,100.324,LOW,LOW,CL-0150,2,1.0,CL-0150 (2 hotspots),0.88,None (Open / Rural Area),,AGRICULTURAL_FIRE,1.0,"Event labeled as AGRICULTURAL_FIRE primarily based on: rural coordinates beyond active industrial buffers; low-intensity thermal signature (3.6 MW); isolated/spontaneous thermal occurrence. (Note: Statistical feature correlation, not verified physical causality)."
4eec17cfad,26.87415,73.51509,AGRICULTURAL_FIRE,MODERATE,1.57,308.59,N21,2026-09-09 02:25:00 IST,3,FAC-004,Mathura Refinery (IOCL),industrial,421.541,LOW,LOW,CL-0151,3,1.0,CL-0151 (3 hotspots),0.88,None (Open / Rural Area),,AGRICULTURAL_FIRE,1.0,"Event labeled as AGRICULTURAL_FIRE primarily based on: rural coordinates beyond active industrial buffers; low-intensity thermal signature (1.6 MW); repeated temporal persistence (3 recorded events). (Note: Statistical feature correlation, not verified physical causality)."
dd783133b8,26.87747,73.51576,AGRICULTURAL_FIRE,MODERATE,1.48,311.23,N21,2026-09-09 02:25:00 IST,3,FAC-004,Mathura Refinery (IOCL),industrial,421.4,LOW,LOW,CL-0151,3,1.0,CL-0151 (3 hotspots),0.88,None (Open / Rural Area),,AGRICULTURAL_FIRE,1.0,"Event labeled as AGRICULTURAL_FIRE primarily based on: rural coordinates beyond active industrial buffers; low-intensity thermal signature (1.5 MW); repeated temporal persistence (3 recorded events). (Note: Statistical feature correlation, not verified physical causality)."
9ad91c49a4,26.92614,73.46925,AGRICULTURAL_FIRE,MODERATE,1.19,308.18,N21,2026-09-09 02:25:00 IST,1,FAC-004,Mathura Refinery (IOCL),industrial,424.844,LOW,LOW,NOISE,1,1.0,NOISE (1 hotspot),0.88,None (Open / Rural Area),,AGRICULTURAL_FIRE,1.0,"Event labeled as AGRICULTURAL_FIRE primarily based on: rural coordinates beyond active industrial buffers; low-intensity thermal signature (1.2 MW); isolated/spontaneous thermal occurrence. (Note: Statistical feature correlation, not verified physical causality)."
d48bb06f33,28.03767,69.67236,AGRICULTURAL_FIRE,MODERATE,2.76,324.15,N21,2026-09-09 02:25:00 IST,1,FAC-003,Jamnagar Petrochemical & Flare Complex,industrial,620.23,LOW,LOW,NOISE,1,1.0,NOISE (1 hotspot),0.88,None (Open / Rural Area),,AGRICULTURAL_FIRE,1.0,"Event labeled as AGRICULTURAL_FIRE primarily based on: rural coordinates beyond active industrial buffers; low-intensity thermal signature (2.8 MW); isolated/spontaneous thermal occurrence. (Note: Statistical feature correlation, not verified physical causality)."
885d24cb8b,8.96161,77.40189,AGRICULTURAL_FIRE,MODERATE,0.56,306.06,N21,2026-09-09 02:27:00 IST,1,FAC-007,Bhilai Steel Complex,industrial,1424.945,LOW,LOW,NOISE,1,1.0,NOISE (1 hotspot),0.88,None (Open / Rural Area),,AGRICULTURAL_FIRE,1.0,"Event labeled as AGRICULTURAL_FIRE primarily based on: rural coordinates beyond active industrial buffers; low-intensity thermal signature (0.6 MW); isolated/spontaneous thermal occurrence. (Note: Statistical feature correlation, not verified physical causality)."
20c7e349ed,10.26176,77.25022,AGRICULTURAL_FIRE,MODERATE,1.08,308.6,N21,2026-09-09 02:27:00 IST,1,FAC-007,Bhilai Steel Complex,industrial,1292.777,LOW,LOW,NOISE,1,1.0,NOISE (1 hotspot),0.88,None (Open / Rural Area),,AGRICULTURAL_FIRE,1.0,"Event labeled as AGRICULTURAL_FIRE primarily based on: rural coordinates beyond active industrial buffers; low-intensity thermal signature (1.1 MW); isolated/spontaneous thermal occurrence. (Note: Statistical feature correlation, not verified physical causality)."
a787fdf054,10.26518,77.26077,AGRICULTURAL_FIRE,MODERATE,0.64,300.34,N21,2026-09-09 02:27:00 IST,1,FAC-007,Bhilai Steel Complex,industrial,1292.035,LOW,LOW,NOISE,1,1.0,NOISE (1 hotspot),0.88,None (Open / Rural Area),,AGRICULTURAL_FIRE,1.0,"Event labeled as AGRICULTURAL_FIRE primarily based on: rural coordinates beyond active industrial buffers; low-intensity thermal signature (0.6 MW); isolated/spontaneous thermal occurrence. (Note: Statistical feature correlation, not verified physical causality)."
ac34774619,10.61471,77.42147,AGRICULTURAL_FIRE,MODERATE,0.4,302.44,N21,2026-09-09 02:27:00 IST,3,FAC-007,Bhilai Steel Complex,industrial,1249.541,LOW,LOW,CL-0152,3,1.0,CL-0152 (3 hotspots),0.88,None (Open / Rural Area),,AGRICULTURAL_FIRE,1.0,"Event labeled as AGRICULTURAL_FIRE primarily based on: rural coordinates beyond active industrial buffers; low-intensity thermal signature (0.4 MW); repeated temporal persistence (3 recorded events). (Note: Statistical feature correlation, not verified physical causality)."
1b54217578,10.61572,77.41997,AGRICULTURAL_FIRE,MODERATE,0.25,304.11,N21,2026-09-09 02:27:00 IST,3,FAC-007,Bhilai Steel Complex,industrial,1249.489,LOW,LOW,CL-0152,3,1.0,CL-0152 (3 hotspots),0.88,None (Open / Rural Area),,AGRICULTURAL_FIRE,1.0,"Event labeled as AGRICULTURAL_FIRE primarily based on: rural coordinates beyond active industrial buffers; low-intensity thermal signature (0.2 MW); repeated temporal persistence (3 recorded events). (Note: Statistical feature correlation, not verified physical causality)."
f4b52a8538,11.03921,77.58987,AGRICULTURAL_FIRE,MODERATE,0.36,303.79,N21,2026-09-09 02:27:00 IST,1,FAC-007,Bhilai Steel Complex,industrial,1198.914,LOW,LOW,NOISE,1,1.0,NOISE (1 hotspot),0.88,None (Open / Rural Area),,AGRICULTURAL_FIRE,1.0,"Event labeled as AGRICULTURAL_FIRE primarily based on: rural coordinates beyond active industrial buffers; low-intensity thermal signature (0.4 MW); isolated/spontaneous thermal occurrence. (Note: Statistical feature correlation, not verified physical causality)."
95b79ba8e9,11.18072,79.10183,AGRICULTURAL_FIRE,MODERATE,2.15,305.61,N21,2026-09-09 02:27:00 IST,3,FAC-007,Bhilai Steel Complex,industrial,1139.178,LOW,LOW,CL-0153,4,1.0,CL-0153 (4 hotspots),0.88,None (Open / Rural Area),,AGRICULTURAL_FIRE,1.0,"Event labeled as AGRICULTURAL_FIRE primarily based on: rural coordinates beyond active industrial buffers; low-intensity thermal signature (2.1 MW); repeated temporal persistence (3 recorded events). (Note: Statistical feature correlation, not verified physical causality)."
879a2aa817,11.1821,79.09983,AGRICULTURAL_FIRE,MODERATE,1.75,311.76,N21,2026-09-09 02:27:00 IST,3,FAC-007,Bhilai Steel Complex,industrial,1139.073,LOW,LOW,CL-0153,4,1.0,CL-0153 (4 hotspots),0.88,None (Open / Rural Area),,AGRICULTURAL_FIRE,1.0,"Event labeled as AGRICULTURAL_FIRE primarily based on: rural coordinates beyond active industrial buffers; low-intensity thermal signature (1.8 MW); repeated temporal persistence (3 recorded events). (Note: Statistical feature correlation, not verified physical causality)."
cfda028702,11.42799,77.36931,AGRICULTURAL_FIRE,MODERATE,1.28,314.3,N21,2026-09-09 02:27:00 IST,1,FAC-007,Bhilai Steel Complex,industrial,1166.586,LOW,LOW,NOISE,1,1.0,NOISE (1 hotspot),0.88,None (Open / Rural Area),,AGRICULTURAL_FIRE,1.0,"Event labeled as AGRICULTURAL_FIRE primarily based on: rural coordinates beyond active industrial buffers; low-intensity thermal signature (1.3 MW); isolated/spontaneous thermal occurrence. (Note: Statistical feature correlation, not verified physical causality)."
6b5c3d7bca,23.56059,87.23653,AGRICULTURAL_FIRE,MODERATE,5.73,329.4,N21,2026-09-09 11:57:00 IST,4,FAC-005,"Tata Steel Plant, Jamshedpur",industrial,136.419,LOW,LOW,CL-0055,4,1.0,CL-0055 (4 hotspots),0.88,None (Open / Rural Area),,AGRICULTURAL_FIRE,0.9905,"Event labeled as AGRICULTURAL_FIRE primarily based on: rural coordinates beyond active industrial buffers; low-intensity thermal signature (5.7 MW); repeated temporal persistence (4 recorded events). (Note: Statistical feature correlation, not verified physical causality)."
c2d70f5c1e,23.56091,87.23907,AGRICULTURAL_FIRE,MODERATE,7.34,330.53,N21,2026-09-09 11:57:00 IST,4,FAC-005,"Tata Steel Plant, Jamshedpur",industrial,136.645,LOW,LOW,CL-0055,4,1.0,CL-0055 (4 hotspots),0.88,None (Open / Rural Area),,AGRICULTURAL_FIRE,0.9905,"Event labeled as AGRICULTURAL_FIRE primarily based on: rural coordinates beyond active industrial buffers; low-intensity thermal signature (7.3 MW); repeated temporal persistence (4 recorded events). (Note: Statistical feature correlation, not verified physical causality)."
98dc5fe49f,23.97787,97.77264,AGRICULTURAL_FIRE,MODERATE,6.77,329.42,N21,2026-09-09 11:57:00 IST,1,FAC-005,"Tata Steel Plant, Jamshedpur",industrial,1189.38,LOW,LOW,NOISE,1,1.0,NOISE (1 hotspot),0.88,None (Open / Rural Area),,AGRICULTURAL_FIRE,0.9844,"Event labeled as AGRICULTURAL_FIRE primarily based on: rural coordinates beyond active industrial buffers; low-intensity thermal signature (6.8 MW); isolated/spontaneous thermal occurrence. (Note: Statistical feature correlation, not verified physical causality)."
b3b331eb0f,24.42673,96.55429,AGRICULTURAL_FIRE,MODERATE,3.87,330.3,N21,2026-09-09 11:57:00 IST,1,FAC-005,"Tata Steel Plant, Jamshedpur",industrial,1071.417,LOW,LOW,NOISE,1,1.0,NOISE (1 hotspot),0.88,None (Open / Rural Area),,AGRICULTURAL_FIRE,0.9978,"Event labeled as AGRICULTURAL_FIRE primarily based on: rural coordinates beyond active industrial buffers; low-intensity thermal signature (3.9 MW); isolated/spontaneous thermal occurrence. (Note: Statistical feature correlation, not verified physical causality)."
9af613212b,27.87122,96.85186,AGRICULTURAL_FIRE,MODERATE,2.31,326.36,N21,2026-09-09 11:59:00 IST,1,FAC-005,"Tata Steel Plant, Jamshedpur",industrial,1210.22,LOW,LOW,NOISE,1,1.0,NOISE (1 hotspot),0.88,None (Open / Rural Area),,AGRICULTURAL_FIRE,0.9978,"Event labeled as AGRICULTURAL_FIRE primarily based on: rural coordinates beyond active industrial buffers; low-intensity thermal signature (2.3 MW); isolated/spontaneous thermal occurrence. (Note: Statistical feature correlation, not verified physical causality)."
9223c54521,27.95798,95.4838,AGRICULTURAL_FIRE,MODERATE,1.66,329.15,N21,2026-09-09 11:59:00 IST,1,FAC-005,"Tata Steel Plant, Jamshedpur",industrial,1095.278,LOW,LOW,NOISE,1,1.0,NOISE (1 hotspot),0.88,None (Open / Rural Area),,AGRICULTURAL_FIRE,0.9978,"Event labeled as AGRICULTURAL_FIRE primarily based on: rural coordinates beyond active industrial buffers; low-intensity thermal signature (1.7 MW); isolated/spontaneous thermal occurrence. (Note: Statistical feature correlation, not verified physical causality)."
6e45b05c55,28.49761,97.02418,AGRICULTURAL_FIRE,MODERATE,4.07,332.0,N21,2026-09-09 11:59:00 IST,2,FAC-005,"Tata Steel Plant, Jamshedpur",industrial,1256.495,LOW,LOW,CL-0009,2,1.0,CL-0009 (2 hotspots),0.88,None (Open / Rural Area),,AGRICULTURAL_FIRE,0.9978,"Event labeled as AGRICULTURAL_FIRE primarily based on: rural coordinates beyond active industrial buffers; low-intensity thermal signature (4.1 MW); isolated/spontaneous thermal occurrence. (Note: Statistical feature correlation, not verified physical causality)."
7cb714784d,29.13791,91.72081,AGRICULTURAL_FIRE,MODERATE,5.65,341.59,N21,2026-09-09 11:59:00 IST,2,FAC-005,"Tata Steel Plant, Jamshedpur",industrial,895.301,LOW,LOW,CL-0154,2,1.0,CL-0154 (2 hotspots),0.88,None (Open / Rural Area),,AGRICULTURAL_FIRE,0.9978,"Event labeled as AGRICULTURAL_FIRE primarily based on: rural coordinates beyond active industrial buffers; low-intensity thermal signature (5.7 MW); isolated/spontaneous thermal occurrence. (Note: Statistical feature correlation, not verified physical causality)."
fb43085ad1,29.14235,91.71965,AGRICULTURAL_FIRE,MODERATE,5.65,336.38,N21,2026-09-09 11:59:00 IST,2,FAC-005,"Tata Steel Plant, Jamshedpur",industrial,895.611,LOW,LOW,CL-0154,2,1.0,CL-0154 (2 hotspots),0.88,None (Open / Rural Area),,AGRICULTURAL_FIRE,0.9978,"Event labeled as AGRICULTURAL_FIRE primarily based on: rural coordinates beyond active industrial buffers; low-intensity thermal signature (5.7 MW); isolated/spontaneous thermal occurrence. (Note: Statistical feature correlation, not verified physical causality)."
98ad664da8,29.60353,91.00055,AGRICULTURAL_FIRE,MODERATE,4.53,328.1,N21,2026-09-09 11:59:00 IST,2,FAC-005,"Tata Steel Plant, Jamshedpur",industrial,895.45,LOW,LOW,CL-0155,2,1.0,CL-0155 (2 hotspots),0.88,None (Open / Rural Area),,AGRICULTURAL_FIRE,0.9978,"Event labeled as AGRICULTURAL_FIRE primarily based on: rural coordinates beyond active industrial buffers; low-intensity thermal signature (4.5 MW); isolated/spontaneous thermal occurrence. (Note: Statistical feature correlation, not verified physical causality)."
eca489473f,29.60503,91.0018,AGRICULTURAL_FIRE,MODERATE,5.97,328.82,N21,2026-09-09 11:59:00 IST,2,FAC-005,"Tata Steel Plant, Jamshedpur",industrial,895.656,LOW,LOW,CL-0155,2,1.0,CL-0155 (2 hotspots),0.88,None (Open / Rural Area),,AGRICULTURAL_FIRE,0.9978,"Event labeled as AGRICULTURAL_FIRE primarily based on: rural coordinates beyond active industrial buffers; low-intensity thermal signature (6.0 MW); isolated/spontaneous thermal occurrence. (Note: Statistical feature correlation, not verified physical causality)."
29a9239153,29.64224,90.97825,AGRICULTURAL_FIRE,MODERATE,2.67,325.26,N21,2026-09-09 11:59:00 IST,2,FAC-005,"Tata Steel Plant, Jamshedpur",industrial,897.858,LOW,LOW,CL-0011,3,1.0,CL-0011 (3 hotspots),0.88,None (Open / Rural Area),,AGRICULTURAL_FIRE,0.9978,"Event labeled as AGRICULTURAL_FIRE primarily based on: rural coordinates beyond active industrial buffers; low-intensity thermal signature (2.7 MW); isolated/spontaneous thermal occurrence. (Note: Statistical feature correlation, not verified physical causality)."
21673a9385,6.19265,80.83313,AGRICULTURAL_FIRE,MODERATE,4.13,332.66,N21,2026-09-09 13:31:00 IST,1,FAC-007,Bhilai Steel Complex,industrial,1668.671,LOW,LOW,NOISE,1,1.0,NOISE (1 hotspot),0.88,None (Open / Rural Area),,AGRICULTURAL_FIRE,0.9879,"Event labeled as AGRICULTURAL_FIRE primarily based on: rural coordinates beyond active industrial buffers; low-intensity thermal signature (4.1 MW); isolated/spontaneous thermal occurrence. (Note: Statistical feature correlation, not verified physical causality)."
97132f30af,6.25292,81.03427,AGRICULTURAL_FIRE,MODERATE,4.85,338.21,N21,2026-09-09 13:31:00 IST,1,FAC-007,Bhilai Steel Complex,industrial,1661.347,LOW,LOW,NOISE,1,1.0,NOISE (1 hotspot),0.88,None (Open / Rural Area),,AGRICULTURAL_FIRE,0.9927,"Event labeled as AGRICULTURAL_FIRE primarily based on: rural coordinates beyond active industrial buffers; low-intensity thermal signature (4.8 MW); isolated/spontaneous thermal occurrence. (Note: Statistical feature correlation, not verified physical causality)."
0b672968ab,6.33823,80.99163,AGRICULTURAL_FIRE,MODERATE,26.36,342.03,N21,2026-09-09 13:31:00 IST,2,FAC-007,Bhilai Steel Complex,industrial,1651.973,LOW,LOW,CL-0156,3,1.0,CL-0156 (3 hotspots),0.88,None (Open / Rural Area),,AGRICULTURAL_FIRE,0.9408,"Event labeled as AGRICULTURAL_FIRE primarily based on: rural coordinates beyond active industrial buffers; low-intensity thermal signature (26.4 MW); isolated/spontaneous thermal occurrence. (Note: Statistical feature correlation, not verified physical causality)."
2871e6d69d,6.34158,80.99113,AGRICULTURAL_FIRE,MODERATE,8.65,339.98,N21,2026-09-09 13:31:00 IST,2,FAC-007,Bhilai Steel Complex,industrial,1651.602,LOW,LOW,CL-0156,3,1.0,CL-0156 (3 hotspots),0.88,None (Open / Rural Area),,AGRICULTURAL_FIRE,0.9937,"Event labeled as AGRICULTURAL_FIRE primarily based on: rural coordinates beyond active industrial buffers; low-intensity thermal signature (8.7 MW); isolated/spontaneous thermal occurrence. (Note: Statistical feature correlation, not verified physical causality)."
bc7ad6fc4e,6.35144,80.9423,AGRICULTURAL_FIRE,MODERATE,3.45,332.39,N21,2026-09-09 13:31:00 IST,1,FAC-007,Bhilai Steel Complex,industrial,1650.647,LOW,LOW,CL-0157,3,1.0,CL-0157 (3 hotspots),0.88,None (Open / Rural Area),,AGRICULTURAL_FIRE,0.9879,"Event labeled as AGRICULTURAL_FIRE primarily based on: rural coordinates beyond active industrial buffers; low-intensity thermal signature (3.5 MW); isolated/spontaneous thermal occurrence. (Note: Statistical feature correlation, not verified physical causality)."
b96d4c907c,6.35478,80.94179,AGRICULTURAL_FIRE,MODERATE,5.19,336.88,N21,2026-09-09 13:31:00 IST,2,FAC-007,Bhilai Steel Complex,industrial,1650.278,LOW,LOW,CL-0157,3,1.0,CL-0157 (3 hotspots),0.88,None (Open / Rural Area),,AGRICULTURAL_FIRE,0.9937,"Event labeled as AGRICULTURAL_FIRE primarily based on: rural coordinates beyond active industrial buffers; low-intensity thermal signature (5.2 MW); isolated/spontaneous thermal occurrence. (Note: Statistical feature correlation, not verified physical causality)."
bd7cb4083b,6.40658,80.854,AGRICULTURAL_FIRE,MODERATE,7.74,339.68,N21,2026-09-09 13:31:00 IST,1,FAC-007,Bhilai Steel Complex,industrial,1644.818,LOW,LOW,NOISE,1,1.0,NOISE (1 hotspot),0.88,None (Open / Rural Area),,AGRICULTURAL_FIRE,0.987,"Event labeled as AGRICULTURAL_FIRE primarily based on: rural coordinates beyond active industrial buffers; low-intensity thermal signature (7.7 MW); isolated/spontaneous thermal occurrence. (Note: Statistical feature correlation, not verified physical causality)."
9e4e7a3edf,6.40698,80.87935,AGRICULTURAL_FIRE,MODERATE,4.82,340.34,N21,2026-09-09 13:31:00 IST,2,FAC-007,Bhilai Steel Complex,industrial,1644.682,LOW,LOW,CL-0158,2,1.0,CL-0158 (2 hotspots),0.88,None (Open / Rural Area),,AGRICULTURAL_FIRE,0.9937,"Event labeled as AGRICULTURAL_FIRE primarily based on: rural coordinates beyond active industrial buffers; low-intensity thermal signature (4.8 MW); isolated/spontaneous thermal occurrence. (Note: Statistical feature correlation, not verified physical causality)."
1c31595303,6.41032,80.87884,AGRICULTURAL_FIRE,MODERATE,4.82,337.9,N21,2026-09-09 13:31:00 IST,2,FAC-007,Bhilai Steel Complex,industrial,1644.313,LOW,LOW,CL-0158,2,1.0,CL-0158 (2 hotspots),0.88,None (Open / Rural Area),,AGRICULTURAL_FIRE,0.9937,"Event labeled as AGRICULTURAL_FIRE primarily based on: rural coordinates beyond active industrial buffers; low-intensity thermal signature (4.8 MW); isolated/spontaneous thermal occurrence. (Note: Statistical feature correlation, not verified physical causality)."
357d2d0ba7,6.4562,81.0546,AGRICULTURAL_FIRE,MODERATE,4.72,337.68,N21,2026-09-09 13:31:00 IST,1,FAC-007,Bhilai Steel Complex,industrial,1638.7,LOW,LOW,NOISE,1,1.0,NOISE (1 hotspot),0.88,None (Open / Rural Area),,AGRICULTURAL_FIRE,0.9927,"Event labeled as AGRICULTURAL_FIRE primarily based on: rural coordinates beyond active industrial buffers; low-intensity thermal signature (4.7 MW); isolated/spontaneous thermal occurrence. (Note: Statistical feature correlation, not verified physical causality)."
a44a50298a,6.46045,81.0833,AGRICULTURAL_FIRE,MODERATE,2.94,336.6,N21,2026-09-09 13:31:00 IST,2,FAC-007,Bhilai Steel Complex,industrial,1638.165,LOW,LOW,CL-0159,2,1.0,CL-0159 (2 hotspots),0.88,None (Open / Rural Area),,AGRICULTURAL_FIRE,0.9889,"Event labeled as AGRICULTURAL_FIRE primarily based on: rural coordinates beyond active industrial buffers; low-intensity thermal signature (2.9 MW); isolated/spontaneous thermal occurrence. (Note: Statistical feature correlation, not verified physical causality)."
55db41c639,6.46098,81.0869,AGRICULTURAL_FIRE,MODERATE,2.48,334.4,N21,2026-09-09 13:31:00 IST,2,FAC-007,Bhilai Steel Complex,industrial,1638.098,LOW,LOW,CL-0159,2,1.0,CL-0159 (2 hotspots),0.88,None (Open / Rural Area),,AGRICULTURAL_FIRE,0.9889,"Event labeled as AGRICULTURAL_FIRE primarily based on: rural coordinates beyond active industrial buffers; low-intensity thermal signature (2.5 MW); isolated/spontaneous thermal occurrence. (Note: Statistical feature correlation, not verified physical causality)."
3581bce360,6.5094,80.95144,AGRICULTURAL_FIRE,MODERATE,6.59,343.31,N21,2026-09-09 13:31:00 IST,1,FAC-007,Bhilai Steel Complex,industrial,1633.062,LOW,LOW,NOISE,1,1.0,NOISE (1 hotspot),0.88,None (Open / Rural Area),,AGRICULTURAL_FIRE,0.9882,"Event labeled as AGRICULTURAL_FIRE primarily based on: rural coordinates beyond active industrial buffers; low-intensity thermal signature (6.6 MW); isolated/spontaneous thermal occurrence. (Note: Statistical feature correlation, not verified physical causality)."
3adbd9a461,6.54716,81.08868,AGRICULTURAL_FIRE,MODERATE,2.73,336.47,N21,2026-09-09 13:31:00 IST,1,FAC-007,Bhilai Steel Complex,industrial,1628.514,LOW,LOW,NOISE,1,1.0,NOISE (1 hotspot),0.88,None (Open / Rural Area),,AGRICULTURAL_FIRE,0.9879,"Event labeled as AGRICULTURAL_FIRE primarily based on: rural coordinates beyond active industrial buffers; low-intensity thermal signature (2.7 MW); isolated/spontaneous thermal occurrence. (Note: Statistical feature correlation, not verified physical causality)."
4abb31b23c,6.56181,80.98679,AGRICULTURAL_FIRE,MODERATE,1.87,333.07,N21,2026-09-09 13:31:00 IST,1,FAC-007,Bhilai Steel Complex,industrial,1627.133,LOW,LOW,NOISE,1,1.0,NOISE (1 hotspot),0.88,None (Open / Rural Area),,AGRICULTURAL_FIRE,0.9879,"Event labeled as AGRICULTURAL_FIRE primarily based on: rural coordinates beyond active industrial buffers; low-intensity thermal signature (1.9 MW); isolated/spontaneous thermal occurrence. (Note: Statistical feature correlation, not verified physical causality)."
3ac370be35,6.57573,81.20997,AGRICULTURAL_FIRE,MODERATE,3.9,337.74,N21,2026-09-09 13:31:00 IST,1,FAC-007,Bhilai Steel Complex,industrial,1625.138,LOW,LOW,NOISE,1,1.0,NOISE (1 hotspot),0.88,None (Open / Rural Area),,AGRICULTURAL_FIRE,0.9927,"Event labeled as AGRICULTURAL_FIRE primarily based on: rural coordinates beyond active industrial buffers; low-intensity thermal signature (3.9 MW); isolated/spontaneous thermal occurrence. (Note: Statistical feature correlation, not verified physical causality)."
f6e0621704,6.57974,81.13117,AGRICULTURAL_FIRE,MODERATE,5.5,346.0,N21,2026-09-09 13:31:00 IST,2,FAC-007,Bhilai Steel Complex,industrial,1624.81,LOW,LOW,CL-0160,2,1.0,CL-0160 (2 hotspots),0.88,None (Open / Rural Area),,AGRICULTURAL_FIRE,0.9796,"Event labeled as AGRICULTURAL_FIRE primarily based on: rural coordinates beyond active industrial buffers; low-intensity thermal signature (5.5 MW); isolated/spontaneous thermal occurrence. (Note: Statistical feature correlation, not verified physical causality)."
63ab57afd3,6.58311,81.13067,AGRICULTURAL_FIRE,MODERATE,5.5,339.28,N21,2026-09-09 13:31:00 IST,2,FAC-007,Bhilai Steel Complex,industrial,1624.436,LOW,LOW,CL-0160,2,1.0,CL-0160 (2 hotspots),0.88,None (Open / Rural Area),,AGRICULTURAL_FIRE,0.9937,"Event labeled as AGRICULTURAL_FIRE primarily based on: rural coordinates beyond active industrial buffers; low-intensity thermal signature (5.5 MW); isolated/spontaneous thermal occurrence. (Note: Statistical feature correlation, not verified physical causality)."
e538cc9b6e,6.59059,81.18131,AGRICULTURAL_FIRE,MODERATE,6.31,338.75,N21,2026-09-09 13:31:00 IST,1,FAC-007,Bhilai Steel Complex,industrial,1623.523,LOW,LOW,NOISE,1,1.0,NOISE (1 hotspot),0.88,None (Open / Rural Area),,AGRICULTURAL_FIRE,0.9927,"Event labeled as AGRICULTURAL_FIRE primarily based on: rural coordinates beyond active industrial buffers; low-intensity thermal signature (6.3 MW); isolated/spontaneous thermal occurrence. (Note: Statistical feature correlation, not verified physical causality)."
ed27a776a3,6.59298,81.08121,AGRICULTURAL_FIRE,MODERATE,3.27,338.33,N21,2026-09-09 13:31:00 IST,1,FAC-007,Bhilai Steel Complex,industrial,1623.435,LOW,LOW,NOISE,1,1.0,NOISE (1 hotspot),0.88,None (Open / Rural Area),,AGRICULTURAL_FIRE,0.9927,"Event labeled as AGRICULTURAL_FIRE primarily based on: rural coordinates beyond active industrial buffers; low-intensity thermal signature (3.3 MW); isolated/spontaneous thermal occurrence. (Note: Statistical feature correlation, not verified physical causality)."
c334233e0b,6.69274,81.33363,AGRICULTURAL_FIRE,MODERATE,3.75,335.08,N21,2026-09-09 13:31:00 IST,1,FAC-007,Bhilai Steel Complex,industrial,1612.032,LOW,LOW,NOISE,1,1.0,NOISE (1 hotspot),0.88,None (Open / Rural Area),,AGRICULTURAL_FIRE,0.9879,"Event labeled as AGRICULTURAL_FIRE primarily based on: rural coordinates beyond active industrial buffers; low-intensity thermal signature (3.8 MW); isolated/spontaneous thermal occurrence. (Note: Statistical feature correlation, not verified physical causality)."
c15b4dd5d2,6.70894,81.53505,AGRICULTURAL_FIRE,MODERATE,9.45,341.64,N21,2026-09-09 13:31:00 IST,2,FAC-007,Bhilai Steel Complex,industrial,1610.309,LOW,LOW,CL-0071,3,1.0,CL-0071 (3 hotspots),0.88,None (Open / Rural Area),,AGRICULTURAL_FIRE,0.9892,"Event labeled as AGRICULTURAL_FIRE primarily based on: rural coordinates beyond active industrial buffers; low-intensity thermal signature (9.4 MW); isolated/spontaneous thermal occurrence. (Note: Statistical feature correlation, not verified physical causality)."
40a240ab52,6.7095,81.53876,AGRICULTURAL_FIRE,MODERATE,9.45,345.65,N21,2026-09-09 13:31:00 IST,2,FAC-007,Bhilai Steel Complex,industrial,1610.251,LOW,LOW,CL-0071,3,1.0,CL-0071 (3 hotspots),0.88,None (Open / Rural Area),,AGRICULTURAL_FIRE,0.9892,"Event labeled as AGRICULTURAL_FIRE primarily based on: rural coordinates beyond active industrial buffers; low-intensity thermal signature (9.4 MW); isolated/spontaneous thermal occurrence. (Note: Statistical feature correlation, not verified physical causality)."
f09a8dbd94,6.71368,81.3264,AGRICULTURAL_FIRE,MODERATE,15.38,343.85,N21,2026-09-09 13:31:00 IST,2,FAC-007,Bhilai Steel Complex,industrial,1609.706,LOW,LOW,CL-0161,5,1.0,CL-0161 (5 hotspots),0.88,None (Open / Rural Area),,AGRICULTURAL_FIRE,0.9892,"Event labeled as AGRICULTURAL_FIRE primarily based on: rural coordinates beyond active industrial buffers; low-intensity thermal signature (15.4 MW); isolated/spontaneous thermal occurrence. (Note: Statistical feature correlation, not verified physical causality)."
57d90f8252,6.71513,81.39034,AGRICULTURAL_FIRE,MODERATE,13.73,341.44,N21,2026-09-09 13:31:00 IST,1,FAC-007,Bhilai Steel Complex,industrial,1609.535,LOW,LOW,NOISE,1,1.0,NOISE (1 hotspot),0.88,None (Open / Rural Area),,AGRICULTURAL_FIRE,0.9825,"Event labeled as AGRICULTURAL_FIRE primarily based on: rural coordinates beyond active industrial buffers; low-intensity thermal signature (13.7 MW); isolated/spontaneous thermal occurrence. (Note: Statistical feature correlation, not verified physical causality)."
1007d6395f,6.72099,81.329,AGRICULTURAL_FIRE,MODERATE,6.93,340.09,N21,2026-09-09 13:31:00 IST,2,FAC-007,Bhilai Steel Complex,industrial,1608.892,LOW,LOW,CL-0161,5,1.0,CL-0161 (5 hotspots),0.88,None (Open / Rural Area),,AGRICULTURAL_FIRE,0.9937,"Event labeled as AGRICULTURAL_FIRE primarily based on: rural coordinates beyond active industrial buffers; low-intensity thermal signature (6.9 MW); isolated/spontaneous thermal occurrence. (Note: Statistical feature correlation, not verified physical causality)."
8a2d0597a3,6.7302,81.39169,AGRICULTURAL_FIRE,MODERATE,26.02,348.78,N21,2026-09-09 13:31:00 IST,3,FAC-007,Bhilai Steel Complex,industrial,1607.859,LOW,LOW,CL-0013,3,1.0,CL-0013 (3 hotspots),0.88,None (Open / Rural Area),,AGRICULTURAL_FIRE,0.9025,"Event labeled as AGRICULTURAL_FIRE primarily based on: rural coordinates beyond active industrial buffers; low-intensity thermal signature (26.0 MW); repeated temporal persistence (3 recorded events). (Note: Statistical feature correlation, not verified physical causality)."
7f32f29edc,6.73229,81.14848,AGRICULTURAL_FIRE,MODERATE,7.69,346.61,N21,2026-09-09 13:31:00 IST,1,FAC-007,Bhilai Steel Complex,industrial,1607.819,LOW,LOW,NOISE,1,1.0,NOISE (1 hotspot),0.88,None (Open / Rural Area),,AGRICULTURAL_FIRE,0.9629,"Event labeled as AGRICULTURAL_FIRE primarily based on: rural coordinates beyond active industrial buffers; low-intensity thermal signature (7.7 MW); isolated/spontaneous thermal occurrence. (Note: Statistical feature correlation, not verified physical causality)."
240ca886ca,6.73456,81.32701,AGRICULTURAL_FIRE,MODERATE,2.9,336.09,N21,2026-09-09 13:31:00 IST,2,FAC-007,Bhilai Steel Complex,industrial,1607.384,LOW,LOW,CL-0162,2,1.0,CL-0162 (2 hotspots),0.88,None (Open / Rural Area),,AGRICULTURAL_FIRE,0.9889,"Event labeled as AGRICULTURAL_FIRE primarily based on: rural coordinates beyond active industrial buffers; low-intensity thermal signature (2.9 MW); isolated/spontaneous thermal occurrence. (Note: Statistical feature correlation, not verified physical causality)."
ef3d2f9314,6.73523,81.40224,AGRICULTURAL_FIRE,MODERATE,11.42,344.52,N21,2026-09-09 13:31:00 IST,2,FAC-007,Bhilai Steel Complex,industrial,1607.301,LOW,LOW,CL-0163,2,1.0,CL-0163 (2 hotspots),0.88,None (Open / Rural Area),,AGRICULTURAL_FIRE,0.9892,"Event labeled as AGRICULTURAL_FIRE primarily based on: rural coordinates beyond active industrial buffers; low-intensity thermal signature (11.4 MW); isolated/spontaneous thermal occurrence. (Note: Statistical feature correlation, not verified physical causality)."
eb06fd9479,6.7385,81.33026,AGRICULTURAL_FIRE,MODERATE,6.19,336.73,N21,2026-09-09 13:31:00 IST,2,FAC-007,Bhilai Steel Complex,industrial,1606.945,LOW,LOW,CL-0162,2,1.0,CL-0162 (2 hotspots),0.88,None (Open / Rural Area),,AGRICULTURAL_FIRE,0.9937,"Event labeled as AGRICULTURAL_FIRE primarily based on: rural coordinates beyond active industrial buffers; low-intensity thermal signature (6.2 MW); isolated/spontaneous thermal occurrence. (Note: Statistical feature correlation, not verified physical causality)."
c211be5eeb,6.73863,81.40172,AGRICULTURAL_FIRE,MODERATE,11.42,345.01,N21,2026-09-09 13:31:00 IST,2,FAC-007,Bhilai Steel Complex,industrial,1606.923,LOW,LOW,CL-0163,2,1.0,CL-0163 (2 hotspots),0.88,None (Open / Rural Area),,AGRICULTURAL_FIRE,0.9892,"Event labeled as AGRICULTURAL_FIRE primarily based on: rural coordinates beyond active industrial buffers; low-intensity thermal signature (11.4 MW); isolated/spontaneous thermal occurrence. (Note: Statistical feature correlation, not verified physical causality)."
b80e999611,6.74657,81.10564,AGRICULTURAL_FIRE,MODERATE,5.55,336.29,N21,2026-09-09 13:31:00 IST,1,FAC-007,Bhilai Steel Complex,industrial,1606.309,LOW,LOW,NOISE,1,1.0,NOISE (1 hotspot),0.88,None (Open / Rural Area),,AGRICULTURAL_FIRE,0.9879,"Event labeled as AGRICULTURAL_FIRE primarily based on: rural coordinates beyond active industrial buffers; low-intensity thermal signature (5.5 MW); isolated/spontaneous thermal occurrence. (Note: Statistical feature correlation, not verified physical causality)."
2c78805770,6.76333,81.334,AGRICULTURAL_FIRE,MODERATE,26.46,350.01,N21,2026-09-09 13:31:00 IST,1,FAC-007,Bhilai Steel Complex,industrial,1604.182,LOW,LOW,NOISE,1,1.0,NOISE (1 hotspot),0.88,None (Open / Rural Area),,AGRICULTURAL_FIRE,0.8342,"Event labeled as AGRICULTURAL_FIRE primarily based on: rural coordinates beyond active industrial buffers; low-intensity thermal signature (26.5 MW); isolated/spontaneous thermal occurrence. (Note: Statistical feature correlation, not verified physical causality)."
94553850d0,6.80782,81.51635,AGRICULTURAL_FIRE,MODERATE,17.13,340.23,N21,2026-09-09 13:31:00 IST,1,FAC-007,Bhilai Steel Complex,industrial,1599.295,LOW,LOW,NOISE,1,1.0,NOISE (1 hotspot),0.88,None (Open / Rural Area),,AGRICULTURAL_FIRE,0.987,"Event labeled as AGRICULTURAL_FIRE primarily based on: rural coordinates beyond active industrial buffers; low-intensity thermal signature (17.1 MW); isolated/spontaneous thermal occurrence. (Note: Statistical feature correlation, not verified physical causality)."
5939bd3783,6.80814,81.425,AGRICULTURAL_FIRE,MODERATE,9.41,347.71,N21,2026-09-09 13:31:00 IST,1,FAC-007,Bhilai Steel Complex,industrial,1599.199,LOW,LOW,NOISE,1,1.0,NOISE (1 hotspot),0.88,None (Open / Rural Area),,AGRICULTURAL_FIRE,0.9658,"Event labeled as AGRICULTURAL_FIRE primarily based on: rural coordinates beyond active industrial buffers; low-intensity thermal signature (9.4 MW); isolated/spontaneous thermal occurrence. (Note: Statistical feature correlation, not verified physical causality)."
a1e73b4b3d,6.83122,81.48613,AGRICULTURAL_FIRE,MODERATE,8.59,342.78,N21,2026-09-09 13:31:00 IST,1,FAC-007,Bhilai Steel Complex,industrial,1596.666,LOW,LOW,NOISE,1,1.0,NOISE (1 hotspot),0.88,None (Open / Rural Area),,AGRICULTURAL_FIRE,0.9825,"Event labeled as AGRICULTURAL_FIRE primarily based on: rural coordinates beyond active industrial buffers; low-intensity thermal signature (8.6 MW); isolated/spontaneous thermal occurrence. (Note: Statistical feature correlation, not verified physical causality)."
1130e355f4,6.86099,81.56608,AGRICULTURAL_FIRE,MODERATE,15.46,341.41,N21,2026-09-09 13:31:00 IST,1,FAC-007,Bhilai Steel Complex,industrial,1593.441,LOW,LOW,NOISE,1,1.0,NOISE (1 hotspot),0.88,None (Open / Rural Area),,AGRICULTURAL_FIRE,0.9825,"Event labeled as AGRICULTURAL_FIRE primarily based on: rural coordinates beyond active industrial buffers; low-intensity thermal signature (15.5 MW); isolated/spontaneous thermal occurrence. (Note: Statistical feature correlation, not verified physical causality)."
4397262df6,6.9029,81.49482,AGRICULTURAL_FIRE,MODERATE,4.32,335.76,N21,2026-09-09 13:31:00 IST,1,FAC-007,Bhilai Steel Complex,industrial,1588.703,LOW,LOW,NOISE,1,1.0,NOISE (1 hotspot),0.88,None (Open / Rural Area),,AGRICULTURAL_FIRE,0.9879,"Event labeled as AGRICULTURAL_FIRE primarily based on: rural coordinates beyond active industrial buffers; low-intensity thermal signature (4.3 MW); isolated/spontaneous thermal occurrence. (Note: Statistical feature correlation, not verified physical causality)."
d47a6066ce,6.90927,81.46726,AGRICULTURAL_FIRE,MODERATE,4.73,335.79,N21,2026-09-09 13:31:00 IST,1,FAC-007,Bhilai Steel Complex,industrial,1587.975,LOW,LOW,NOISE,1,1.0,NOISE (1 hotspot),0.88,None (Open / Rural Area),,AGRICULTURAL_FIRE,0.9879,"Event labeled as AGRICULTURAL_FIRE primarily based on: rural coordinates beyond active industrial buffers; low-intensity thermal signature (4.7 MW); isolated/spontaneous thermal occurrence. (Note: Statistical feature correlation, not verified physical causality)."
fa51b80e1f,6.96611,81.35244,AGRICULTURAL_FIRE,MODERATE,4.0,334.42,N21,2026-09-09 13:31:00 IST,1,FAC-007,Bhilai Steel Complex,industrial,1581.629,LOW,LOW,NOISE,1,1.0,NOISE (1 hotspot),0.88,None (Open / Rural Area),,AGRICULTURAL_FIRE,0.9879,"Event labeled as AGRICULTURAL_FIRE primarily based on: rural coordinates beyond active industrial buffers; low-intensity thermal signature (4.0 MW); isolated/spontaneous thermal occurrence. (Note: Statistical feature correlation, not verified physical causality)."
cc5279df9a,6.98227,80.1157,AGRICULTURAL_FIRE,MODERATE,4.44,340.98,N21,2026-09-09 13:31:00 IST,1,FAC-007,Bhilai Steel Complex,industrial,1585.668,LOW,LOW,NOISE,1,1.0,NOISE (1 hotspot),0.88,None (Open / Rural Area),,AGRICULTURAL_FIRE,0.9927,"Event labeled as AGRICULTURAL_FIRE primarily based on: rural coordinates beyond active industrial buffers; low-intensity thermal signature (4.4 MW); isolated/spontaneous thermal occurrence. (Note: Statistical feature correlation, not verified physical causality)."
89fcb2cb96,7.02689,81.43372,AGRICULTURAL_FIRE,MODERATE,4.25,331.03,N21,2026-09-09 13:31:00 IST,1,FAC-007,Bhilai Steel Complex,industrial,1574.879,LOW,LOW,NOISE,1,1.0,NOISE (1 hotspot),0.88,None (Open / Rural Area),,AGRICULTURAL_FIRE,0.9813,"Event labeled as AGRICULTURAL_FIRE primarily based on: rural coordinates beyond active industrial buffers; low-intensity thermal signature (4.2 MW); isolated/spontaneous thermal occurrence. (Note: Statistical feature correlation, not verified physical causality)."
58fc72242c,7.06246,81.55486,AGRICULTURAL_FIRE,MODERATE,5.14,334.99,N21,2026-09-09 13:31:00 IST,2,FAC-007,Bhilai Steel Complex,industrial,1571.025,LOW,LOW,CL-0164,2,1.0,CL-0164 (2 hotspots),0.88,None (Open / Rural Area),,AGRICULTURAL_FIRE,0.9889,"Event labeled as AGRICULTURAL_FIRE primarily based on: rural coordinates beyond active industrial buffers; low-intensity thermal signature (5.1 MW); isolated/spontaneous thermal occurrence. (Note: Statistical feature correlation, not verified physical causality)."
9571d3a4e1,7.08122,81.39563,WILDFIRE_BIOMASS,HIGH,43.41,313.78,N21,2026-09-09 13:31:00 IST,2,FAC-007,Bhilai Steel Complex,industrial,1568.828,LOW,LOW,CL-0165,3,1.0,CL-0165 (3 hotspots),0.85,None (Open / Rural Area),,WILDFIRE_BIOMASS,0.8807,"Event labeled as WILDFIRE_BIOMASS primarily based on: rural coordinates beyond active industrial buffers; moderate thermal radiative power (43.4 MW); isolated/spontaneous thermal occurrence. (Note: Statistical feature correlation, not verified physical causality)."
fa588886c4,7.08177,81.39934,WILDFIRE_BIOMASS,HIGH,43.41,332.28,N21,2026-09-09 13:31:00 IST,1,FAC-007,Bhilai Steel Complex,industrial,1568.767,LOW,LOW,CL-0165,3,1.0,CL-0165 (3 hotspots),0.85,None (Open / Rural Area),,WILDFIRE_BIOMASS,0.9298,"Event labeled as WILDFIRE_BIOMASS primarily based on: rural coordinates beyond active industrial buffers; moderate thermal radiative power (43.4 MW); isolated/spontaneous thermal occurrence. (Note: Statistical feature correlation, not verified physical causality)."
a07069ec0c,7.08463,81.3951,WILDFIRE_BIOMASS,HIGH,43.41,345.99,N21,2026-09-09 13:31:00 IST,2,FAC-007,Bhilai Steel Complex,industrial,1568.449,LOW,LOW,CL-0165,3,1.0,CL-0165 (3 hotspots),0.85,None (Open / Rural Area),,WILDFIRE_BIOMASS,0.9353,"Event labeled as WILDFIRE_BIOMASS primarily based on: rural coordinates beyond active industrial buffers; moderate thermal radiative power (43.4 MW); isolated/spontaneous thermal occurrence. (Note: Statistical feature correlation, not verified physical causality)."
1721998262,7.11561,80.89385,AGRICULTURAL_FIRE,MODERATE,7.46,334.98,N21,2026-09-09 13:31:00 IST,1,FAC-007,Bhilai Steel Complex,industrial,1565.875,LOW,LOW,NOISE,1,1.0,NOISE (1 hotspot),0.88,None (Open / Rural Area),,AGRICULTURAL_FIRE,0.9822,"Event labeled as AGRICULTURAL_FIRE primarily based on: rural coordinates beyond active industrial buffers; low-intensity thermal signature (7.5 MW); isolated/spontaneous thermal occurrence. (Note: Statistical feature correlation, not verified physical causality)."
39c5b648fe,7.12797,81.07034,AGRICULTURAL_FIRE,MODERATE,8.44,340.74,N21,2026-09-09 13:31:00 IST,2,FAC-007,Bhilai Steel Complex,industrial,1563.983,LOW,LOW,CL-0166,2,1.0,CL-0166 (2 hotspots),0.88,None (Open / Rural Area),,AGRICULTURAL_FIRE,0.9937,"Event labeled as AGRICULTURAL_FIRE primarily based on: rural coordinates beyond active industrial buffers; low-intensity thermal signature (8.4 MW); isolated/spontaneous thermal occurrence. (Note: Statistical feature correlation, not verified physical causality)."
28a47ad9a2,7.13188,81.07349,AGRICULTURAL_FIRE,MODERATE,8.61,338.28,N21,2026-09-09 13:31:00 IST,2,FAC-007,Bhilai Steel Complex,industrial,1563.541,LOW,LOW,CL-0166,2,1.0,CL-0166 (2 hotspots),0.88,None (Open / Rural Area),,AGRICULTURAL_FIRE,0.9937,"Event labeled as AGRICULTURAL_FIRE primarily based on: rural coordinates beyond active industrial buffers; low-intensity thermal signature (8.6 MW); isolated/spontaneous thermal occurrence. (Note: Statistical feature correlation, not verified physical causality)."
4578397523,7.16563,81.68224,AGRICULTURAL_FIRE,MODERATE,9.52,341.03,N21,2026-09-09 13:31:00 IST,1,FAC-007,Bhilai Steel Complex,industrial,1559.779,LOW,LOW,NOISE,1,1.0,NOISE (1 hotspot),0.88,None (Open / Rural Area),,AGRICULTURAL_FIRE,0.987,"Event labeled as AGRICULTURAL_FIRE primarily based on: rural coordinates beyond active industrial buffers; low-intensity thermal signature (9.5 MW); isolated/spontaneous thermal occurrence. (Note: Statistical feature correlation, not verified physical causality)."
a1e6709ab5,7.18486,81.55257,AGRICULTURAL_FIRE,MODERATE,6.04,343.79,N21,2026-09-09 13:31:00 IST,2,FAC-007,Bhilai Steel Complex,industrial,1557.413,LOW,LOW,CL-0074,2,1.0,CL-0074 (2 hotspots),0.88,None (Open / Rural Area),,AGRICULTURAL_FIRE,0.9892,"Event labeled as AGRICULTURAL_FIRE primarily based on: rural coordinates beyond active industrial buffers; low-intensity thermal signature (6.0 MW); isolated/spontaneous thermal occurrence. (Note: Statistical feature correlation, not verified physical causality)."
bdaee9f602,7.19104,81.57093,AGRICULTURAL_FIRE,MODERATE,6.93,338.09,N21,2026-09-09 13:31:00 IST,1,FAC-007,Bhilai Steel Complex,industrial,1556.751,LOW,LOW,NOISE,1,1.0,NOISE (1 hotspot),0.88,None (Open / Rural Area),,AGRICULTURAL_FIRE,0.9927,"Event labeled as AGRICULTURAL_FIRE primarily based on: rural coordinates beyond active industrial buffers; low-intensity thermal signature (6.9 MW); isolated/spontaneous thermal occurrence. (Note: Statistical feature correlation, not verified physical causality)."
bcbb48881e,7.22384,81.65108,AGRICULTURAL_FIRE,MODERATE,8.32,336.28,N21,2026-09-09 13:31:00 IST,1,FAC-007,Bhilai Steel Complex,industrial,1553.242,LOW,LOW,NOISE,1,1.0,NOISE (1 hotspot),0.88,None (Open / Rural Area),,AGRICULTURAL_FIRE,0.9822,"Event labeled as AGRICULTURAL_FIRE primarily based on: rural coordinates beyond active industrial buffers; low-intensity thermal signature (8.3 MW); isolated/spontaneous thermal occurrence. (Note: Statistical feature correlation, not verified physical causality)."
9c6e2019a7,7.28317,81.05775,AGRICULTURAL_FIRE,MODERATE,5.46,345.52,N21,2026-09-09 13:31:00 IST,1,FAC-007,Bhilai Steel Complex,industrial,1546.759,LOW,LOW,NOISE,1,1.0,NOISE (1 hotspot),0.88,None (Open / Rural Area),,AGRICULTURAL_FIRE,0.9882,"Event labeled as AGRICULTURAL_FIRE primarily based on: rural coordinates beyond active industrial buffers; low-intensity thermal signature (5.5 MW); isolated/spontaneous thermal occurrence. (Note: Statistical feature correlation, not verified physical causality)."
851c5361af,7.29643,81.10033,AGRICULTURAL_FIRE,MODERATE,10.72,344.19,N21,2026-09-09 13:31:00 IST,1,FAC-007,Bhilai Steel Complex,industrial,1545.189,LOW,LOW,NOISE,1,1.0,NOISE (1 hotspot),0.88,None (Open / Rural Area),,AGRICULTURAL_FIRE,0.9825,"Event labeled as AGRICULTURAL_FIRE primarily based on: rural coordinates beyond active industrial buffers; low-intensity thermal signature (10.7 MW); isolated/spontaneous thermal occurrence. (Note: Statistical feature correlation, not verified physical causality)."
0bec459ea0,7.33038,79.99014,AGRICULTURAL_FIRE,MODERATE,5.25,339.46,N21,2026-09-09 13:31:00 IST,1,FAC-007,Bhilai Steel Complex,industrial,1548.341,LOW,LOW,NOISE,1,1.0,NOISE (1 hotspot),0.88,None (Open / Rural Area),,AGRICULTURAL_FIRE,0.9927,"Event labeled as AGRICULTURAL_FIRE primarily based on: rural coordinates beyond active industrial buffers; low-intensity thermal signature (5.2 MW); isolated/spontaneous thermal occurrence. (Note: Statistical feature correlation, not verified physical causality)."
20dbaf94ed,7.35643,81.09863,AGRICULTURAL_FIRE,MODERATE,1.56,335.52,N21,2026-09-09 13:31:00 IST,1,FAC-007,Bhilai Steel Complex,industrial,1538.522,LOW,LOW,NOISE,1,1.0,NOISE (1 hotspot),0.88,None (Open / Rural Area),,AGRICULTURAL_FIRE,0.9879,"Event labeled as AGRICULTURAL_FIRE primarily based on: rural coordinates beyond active industrial buffers; low-intensity thermal signature (1.6 MW); isolated/spontaneous thermal occurrence. (Note: Statistical feature correlation, not verified physical causality)."
c007adde6d,7.43342,81.7683,AGRICULTURAL_FIRE,MODERATE,8.1,339.52,N21,2026-09-09 13:31:00 IST,1,FAC-007,Bhilai Steel Complex,industrial,1530.233,LOW,LOW,NOISE,1,1.0,NOISE (1 hotspot),0.88,None (Open / Rural Area),,AGRICULTURAL_FIRE,0.987,"Event labeled as AGRICULTURAL_FIRE primarily based on: rural coordinates beyond active industrial buffers; low-intensity thermal signature (8.1 MW); isolated/spontaneous thermal occurrence. (Note: Statistical feature correlation, not verified physical causality)."
5ced272420,7.43344,81.12814,AGRICULTURAL_FIRE,MODERATE,9.77,349.62,N21,2026-09-09 13:31:00 IST,2,FAC-007,Bhilai Steel Complex,industrial,1529.901,LOW,LOW,CL-0167,2,1.0,CL-0167 (2 hotspots),0.88,None (Open / Rural Area),,AGRICULTURAL_FIRE,0.9725,"Event labeled as AGRICULTURAL_FIRE primarily based on: rural coordinates beyond active industrial buffers; low-intensity thermal signature (9.8 MW); isolated/spontaneous thermal occurrence. (Note: Statistical feature correlation, not verified physical causality)."
6b32eb0cf7,7.43399,81.13179,AGRICULTURAL_FIRE,MODERATE,5.6,336.33,N21,2026-09-09 13:31:00 IST,2,FAC-007,Bhilai Steel Complex,industrial,1529.833,LOW,LOW,CL-0167,2,1.0,CL-0167 (2 hotspots),0.88,None (Open / Rural Area),,AGRICULTURAL_FIRE,0.9889,"Event labeled as AGRICULTURAL_FIRE primarily based on: rural coordinates beyond active industrial buffers; low-intensity thermal signature (5.6 MW); isolated/spontaneous thermal occurrence. (Note: Statistical feature correlation, not verified physical causality)."
910ae3ff13,7.44558,80.23557,AGRICULTURAL_FIRE,MODERATE,3.94,332.35,N21,2026-09-09 13:31:00 IST,1,FAC-007,Bhilai Steel Complex,industrial,1533.249,LOW,LOW,NOISE,1,1.0,NOISE (1 hotspot),0.88,None (Open / Rural Area),,AGRICULTURAL_FIRE,0.9813,"Event labeled as AGRICULTURAL_FIRE primarily based on: rural coordinates beyond active industrial buffers; low-intensity thermal signature (3.9 MW); isolated/spontaneous thermal occurrence. (Note: Statistical feature correlation, not verified physical causality)."
28ef53e005,7.53552,80.06421,AGRICULTURAL_FIRE,MODERATE,3.27,335.07,N21,2026-09-09 13:31:00 IST,1,FAC-007,Bhilai Steel Complex,industrial,1524.875,LOW,LOW,NOISE,1,1.0,NOISE (1 hotspot),0.88,None (Open / Rural Area),,AGRICULTURAL_FIRE,0.9879,"Event labeled as AGRICULTURAL_FIRE primarily based on: rural coordinates beyond active industrial buffers; low-intensity thermal signature (3.3 MW); isolated/spontaneous thermal occurrence. (Note: Statistical feature correlation, not verified physical causality)."
776f6fbdcd,7.53921,80.2243,AGRICULTURAL_FIRE,MODERATE,4.75,338.44,N21,2026-09-09 13:31:00 IST,1,FAC-007,Bhilai Steel Complex,industrial,1522.968,LOW,LOW,NOISE,1,1.0,NOISE (1 hotspot),0.88,None (Open / Rural Area),,AGRICULTURAL_FIRE,0.9927,"Event labeled as AGRICULTURAL_FIRE primarily based on: rural coordinates beyond active industrial buffers; low-intensity thermal signature (4.8 MW); isolated/spontaneous thermal occurrence. (Note: Statistical feature correlation, not verified physical causality)."
42d763b8bb,7.5457,81.36108,AGRICULTURAL_FIRE,MODERATE,3.72,338.61,N21,2026-09-09 13:31:00 IST,1,FAC-007,Bhilai Steel Complex,industrial,1517.18,LOW,LOW,NOISE,1,1.0,NOISE (1 hotspot),0.88,None (Open / Rural Area),,AGRICULTURAL_FIRE,0.9927,"Event labeled as AGRICULTURAL_FIRE primarily based on: rural coordinates beyond active industrial buffers; low-intensity thermal signature (3.7 MW); isolated/spontaneous thermal occurrence. (Note: Statistical feature correlation, not verified physical causality)."
a35924487e,7.55054,80.18681,AGRICULTURAL_FIRE,MODERATE,4.63,339.35,N21,2026-09-09 13:31:00 IST,1,FAC-007,Bhilai Steel Complex,industrial,1522.046,LOW,LOW,NOISE,1,1.0,NOISE (1 hotspot),0.88,None (Open / Rural Area),,AGRICULTURAL_FIRE,0.9927,"Event labeled as AGRICULTURAL_FIRE primarily based on: rural coordinates beyond active industrial buffers; low-intensity thermal signature (4.6 MW); isolated/spontaneous thermal occurrence. (Note: Statistical feature correlation, not verified physical causality)."
66badebbac,7.56053,81.00839,AGRICULTURAL_FIRE,MODERATE,4.59,334.86,N21,2026-09-09 13:31:00 IST,2,FAC-007,Bhilai Steel Complex,industrial,1516.056,LOW,LOW,CL-0168,2,1.0,CL-0168 (2 hotspots),0.88,None (Open / Rural Area),,AGRICULTURAL_FIRE,0.9889,"Event labeled as AGRICULTURAL_FIRE primarily based on: rural coordinates beyond active industrial buffers; low-intensity thermal signature (4.6 MW); isolated/spontaneous thermal occurrence. (Note: Statistical feature correlation, not verified physical causality)."
87c1553d0b,7.56444,81.01154,AGRICULTURAL_FIRE,MODERATE,4.59,348.27,N21,2026-09-09 13:31:00 IST,2,FAC-007,Bhilai Steel Complex,industrial,1515.612,LOW,LOW,CL-0168,2,1.0,CL-0168 (2 hotspots),0.88,None (Open / Rural Area),,AGRICULTURAL_FIRE,0.9725,"Event labeled as AGRICULTURAL_FIRE primarily based on: rural coordinates beyond active industrial buffers; low-intensity thermal signature (4.6 MW); isolated/spontaneous thermal occurrence. (Note: Statistical feature correlation, not verified physical causality)."
b8953e4cb9,7.57748,81.38687,AGRICULTURAL_FIRE,MODERATE,10.81,338.97,N21,2026-09-09 13:31:00 IST,1,FAC-007,Bhilai Steel Complex,industrial,1513.645,LOW,LOW,NOISE,1,1.0,NOISE (1 hotspot),0.88,None (Open / Rural Area),,AGRICULTURAL_FIRE,0.987,"Event labeled as AGRICULTURAL_FIRE primarily based on: rural coordinates beyond active industrial buffers; low-intensity thermal signature (10.8 MW); isolated/spontaneous thermal occurrence. (Note: Statistical feature correlation, not verified physical causality)."
3812457862,7.59119,81.05225,AGRICULTURAL_FIRE,MODERATE,3.67,337.74,N21,2026-09-09 13:31:00 IST,4,FAC-007,Bhilai Steel Complex,industrial,1512.53,LOW,LOW,CL-0169,8,1.0,CL-0169 (8 hotspots),0.88,None (Open / Rural Area),,AGRICULTURAL_FIRE,0.9905,"Event labeled as AGRICULTURAL_FIRE primarily based on: rural coordinates beyond active industrial buffers; low-intensity thermal signature (3.7 MW); repeated temporal persistence (4 recorded events). (Note: Statistical feature correlation, not verified physical causality)."
c01fb83904,7.59174,81.05589,AGRICULTURAL_FIRE,MODERATE,3.14,337.05,N21,2026-09-09 13:31:00 IST,3,FAC-007,Bhilai Steel Complex,industrial,1512.46,LOW,LOW,CL-0169,8,1.0,CL-0169 (8 hotspots),0.88,None (Open / Rural Area),,AGRICULTURAL_FIRE,0.9978,"Event labeled as AGRICULTURAL_FIRE primarily based on: rural coordinates beyond active industrial buffers; low-intensity thermal signature (3.1 MW); repeated temporal persistence (3 recorded events). (Note: Statistical feature correlation, not verified physical causality)."
b63ad6884d,7.60002,80.13287,AGRICULTURAL_FIRE,MODERATE,3.77,334.73,N21,2026-09-09 13:31:00 IST,1,FAC-007,Bhilai Steel Complex,industrial,1517.063,LOW,LOW,NOISE,1,1.0,NOISE (1 hotspot),0.88,None (Open / Rural Area),,AGRICULTURAL_FIRE,0.9879,"Event labeled as AGRICULTURAL_FIRE primarily based on: rural coordinates beyond active industrial buffers; low-intensity thermal signature (3.8 MW); isolated/spontaneous thermal occurrence. (Note: Statistical feature correlation, not verified physical causality)."
9ecb56b67b,7.6025,80.94267,AGRICULTURAL_FIRE,MODERATE,5.25,342.48,N21,2026-09-09 13:31:00 IST,2,FAC-007,Bhilai Steel Complex,industrial,1511.593,LOW,LOW,CL-0170,2,1.0,CL-0170 (2 hotspots),0.88,None (Open / Rural Area),,AGRICULTURAL_FIRE,0.9892,"Event labeled as AGRICULTURAL_FIRE primarily based on: rural coordinates beyond active industrial buffers; low-intensity thermal signature (5.2 MW); isolated/spontaneous thermal occurrence. (Note: Statistical feature correlation, not verified physical causality)."
6c5cdffe8f,7.60587,80.94217,AGRICULTURAL_FIRE,MODERATE,6.44,340.17,N21,2026-09-09 13:31:00 IST,2,FAC-007,Bhilai Steel Complex,industrial,1511.22,LOW,LOW,CL-0170,2,1.0,CL-0170 (2 hotspots),0.88,None (Open / Rural Area),,AGRICULTURAL_FIRE,0.9937,"Event labeled as AGRICULTURAL_FIRE primarily based on: rural coordinates beyond active industrial buffers; low-intensity thermal signature (6.4 MW); isolated/spontaneous thermal occurrence. (Note: Statistical feature correlation, not verified physical causality)."
22cfd274c3,7.6145,80.09136,AGRICULTURAL_FIRE,MODERATE,13.12,343.81,N21,2026-09-09 13:31:00 IST,1,FAC-007,Bhilai Steel Complex,industrial,1515.86,LOW,LOW,NOISE,1,1.0,NOISE (1 hotspot),0.88,None (Open / Rural Area),,AGRICULTURAL_FIRE,0.9825,"Event labeled as AGRICULTURAL_FIRE primarily based on: rural coordinates beyond active industrial buffers; low-intensity thermal signature (13.1 MW); isolated/spontaneous thermal occurrence. (Note: Statistical feature correlation, not verified physical causality)."
2dcacd01fe,7.61607,81.03359,AGRICULTURAL_FIRE,MODERATE,7.9,347.57,N21,2026-09-09 13:31:00 IST,2,FAC-007,Bhilai Steel Complex,industrial,1509.813,LOW,LOW,CL-0171,2,1.0,CL-0171 (2 hotspots),0.88,None (Open / Rural Area),,AGRICULTURAL_FIRE,0.9649,"Event labeled as AGRICULTURAL_FIRE primarily based on: rural coordinates beyond active industrial buffers; low-intensity thermal signature (7.9 MW); isolated/spontaneous thermal occurrence. (Note: Statistical feature correlation, not verified physical causality)."
eb8bd72bc4,7.61945,81.03308,AGRICULTURAL_FIRE,MODERATE,12.23,350.18,N21,2026-09-09 13:31:00 IST,2,FAC-007,Bhilai Steel Complex,industrial,1509.438,LOW,LOW,CL-0171,2,1.0,CL-0171 (2 hotspots),0.88,None (Open / Rural Area),,AGRICULTURAL_FIRE,0.9725,"Event labeled as AGRICULTURAL_FIRE primarily based on: rural coordinates beyond active industrial buffers; low-intensity thermal signature (12.2 MW); isolated/spontaneous thermal occurrence. (Note: Statistical feature correlation, not verified physical causality)."
b9b29f2a18,7.69218,80.7,AGRICULTURAL_FIRE,MODERATE,4.32,348.86,N21,2026-09-09 13:31:00 IST,1,FAC-007,Bhilai Steel Complex,industrial,1502.666,LOW,LOW,CL-0172,4,1.0,CL-0172 (4 hotspots),0.88,None (Open / Rural Area),,AGRICULTURAL_FIRE,0.9715,"Event labeled as AGRICULTURAL_FIRE primarily based on: rural coordinates beyond active industrial buffers; low-intensity thermal signature (4.3 MW); isolated/spontaneous thermal occurrence. (Note: Statistical feature correlation, not verified physical causality)."
4638472ea0,7.7116,79.99026,AGRICULTURAL_FIRE,MODERATE,5.61,331.49,N21,2026-09-09 13:31:00 IST,2,FAC-007,Bhilai Steel Complex,industrial,1506.143,LOW,LOW,CL-0173,2,1.0,CL-0173 (2 hotspots),0.88,None (Open / Rural Area),,AGRICULTURAL_FIRE,0.9889,"Event labeled as AGRICULTURAL_FIRE primarily based on: rural coordinates beyond active industrial buffers; low-intensity thermal signature (5.6 MW); isolated/spontaneous thermal occurrence. (Note: Statistical feature correlation, not verified physical causality)."
33cc5eaff3,7.71213,79.99374,AGRICULTURAL_FIRE,MODERATE,5.61,335.65,N21,2026-09-09 13:31:00 IST,2,FAC-007,Bhilai Steel Complex,industrial,1506.047,LOW,LOW,CL-0173,2,1.0,CL-0173 (2 hotspots),0.88,None (Open / Rural Area),,AGRICULTURAL_FIRE,0.9889,"Event labeled as AGRICULTURAL_FIRE primarily based on: rural coordinates beyond active industrial buffers; low-intensity thermal signature (5.6 MW); isolated/spontaneous thermal occurrence. (Note: Statistical feature correlation, not verified physical causality)."
32ca56eb66,7.74751,79.82487,AGRICULTURAL_FIRE,MODERATE,4.79,334.86,N21,2026-09-09 13:31:00 IST,1,FAC-007,Bhilai Steel Complex,industrial,1504.036,LOW,LOW,NOISE,1,1.0,NOISE (1 hotspot),0.88,None (Open / Rural Area),,AGRICULTURAL_FIRE,0.9879,"Event labeled as AGRICULTURAL_FIRE primarily based on: rural coordinates beyond active industrial buffers; low-intensity thermal signature (4.8 MW); isolated/spontaneous thermal occurrence. (Note: Statistical feature correlation, not verified physical causality)."
9db872fdc6,7.75656,80.29111,AGRICULTURAL_FIRE,MODERATE,2.11,330.54,N21,2026-09-09 13:31:00 IST,1,FAC-007,Bhilai Steel Complex,industrial,1498.301,LOW,LOW,NOISE,1,1.0,NOISE (1 hotspot),0.88,None (Open / Rural Area),,AGRICULTURAL_FIRE,0.9813,"Event labeled as AGRICULTURAL_FIRE primarily based on: rural coordinates beyond active industrial buffers; low-intensity thermal signature (2.1 MW); isolated/spontaneous thermal occurrence. (Note: Statistical feature correlation, not verified physical causality)."
a2b718091a,7.75702,80.38537,AGRICULTURAL_FIRE,MODERATE,3.93,337.01,N21,2026-09-09 13:31:00 IST,1,FAC-007,Bhilai Steel Complex,industrial,1497.494,LOW,LOW,NOISE,1,1.0,NOISE (1 hotspot),0.88,None (Open / Rural Area),,AGRICULTURAL_FIRE,0.9927,"Event labeled as AGRICULTURAL_FIRE primarily based on: rural coordinates beyond active industrial buffers; low-intensity thermal signature (3.9 MW); isolated/spontaneous thermal occurrence. (Note: Statistical feature correlation, not verified physical causality)."
ba05fd7896,7.79775,80.18073,AGRICULTURAL_FIRE,MODERATE,2.83,338.29,N21,2026-09-09 13:31:00 IST,1,FAC-007,Bhilai Steel Complex,industrial,1494.708,LOW,LOW,NOISE,1,1.0,NOISE (1 hotspot),0.88,None (Open / Rural Area),,AGRICULTURAL_FIRE,0.9927,"Event labeled as AGRICULTURAL_FIRE primarily based on: rural coordinates beyond active industrial buffers; low-intensity thermal signature (2.8 MW); isolated/spontaneous thermal occurrence. (Note: Statistical feature correlation, not verified physical causality)."
3bb74fdf5c,7.80348,80.15122,AGRICULTURAL_FIRE,MODERATE,10.79,346.52,N21,2026-09-09 13:31:00 IST,1,FAC-007,Bhilai Steel Complex,industrial,1494.35,LOW,LOW,CL-0174,2,1.0,CL-0174 (2 hotspots),0.88,None (Open / Rural Area),,AGRICULTURAL_FIRE,0.973,"Event labeled as AGRICULTURAL_FIRE primarily based on: rural coordinates beyond active industrial buffers; low-intensity thermal signature (10.8 MW); isolated/spontaneous thermal occurrence. (Note: Statistical feature correlation, not verified physical causality)."
0d4ed0e99f,7.80401,80.15472,AGRICULTURAL_FIRE,MODERATE,6.91,335.16,N21,2026-09-09 13:31:00 IST,1,FAC-007,Bhilai Steel Complex,industrial,1494.258,LOW,LOW,CL-0174,2,1.0,CL-0174 (2 hotspots),0.88,None (Open / Rural Area),,AGRICULTURAL_FIRE,0.9575,"Event labeled as AGRICULTURAL_FIRE primarily based on: rural coordinates beyond active industrial buffers; low-intensity thermal signature (6.9 MW); isolated/spontaneous thermal occurrence. (Note: Statistical feature correlation, not verified physical causality)."
33cc278c8e,7.8512,81.03577,AGRICULTURAL_FIRE,MODERATE,2.57,333.78,N21,2026-09-09 13:31:00 IST,1,FAC-007,Bhilai Steel Complex,industrial,1483.669,LOW,LOW,NOISE,1,1.0,NOISE (1 hotspot),0.88,None (Open / Rural Area),,AGRICULTURAL_FIRE,0.9879,"Event labeled as AGRICULTURAL_FIRE primarily based on: rural coordinates beyond active industrial buffers; low-intensity thermal signature (2.6 MW); isolated/spontaneous thermal occurrence. (Note: Statistical feature correlation, not verified physical causality)."
32bc4bfcf6,7.8633,80.54983,AGRICULTURAL_FIRE,MODERATE,3.3,335.83,N21,2026-09-09 13:31:00 IST,2,FAC-007,Bhilai Steel Complex,industrial,1484.541,LOW,LOW,CL-0175,2,1.0,CL-0175 (2 hotspots),0.88,None (Open / Rural Area),,AGRICULTURAL_FIRE,0.9889,"Event labeled as AGRICULTURAL_FIRE primarily based on: rural coordinates beyond active industrial buffers; low-intensity thermal signature (3.3 MW); isolated/spontaneous thermal occurrence. (Note: Statistical feature correlation, not verified physical causality)."
6c3b3afc5e,7.86383,80.55338,AGRICULTURAL_FIRE,MODERATE,3.3,336.89,N21,2026-09-09 13:31:00 IST,2,FAC-007,Bhilai Steel Complex,industrial,1484.459,LOW,LOW,CL-0175,2,1.0,CL-0175 (2 hotspots),0.88,None (Open / Rural Area),,AGRICULTURAL_FIRE,0.9937,"Event labeled as AGRICULTURAL_FIRE primarily based on: rural coordinates beyond active industrial buffers; low-intensity thermal signature (3.3 MW); isolated/spontaneous thermal occurrence. (Note: Statistical feature correlation, not verified physical causality)."
9d9185d445,7.86409,80.76196,AGRICULTURAL_FIRE,MODERATE,6.79,345.08,N21,2026-09-09 13:31:00 IST,1,FAC-007,Bhilai Steel Complex,industrial,1483.26,LOW,LOW,NOISE,1,1.0,NOISE (1 hotspot),0.88,None (Open / Rural Area),,AGRICULTURAL_FIRE,0.9882,"Event labeled as AGRICULTURAL_FIRE primarily based on: rural coordinates beyond active industrial buffers; low-intensity thermal signature (6.8 MW); isolated/spontaneous thermal occurrence. (Note: Statistical feature correlation, not verified physical causality)."
f7209bd991,7.8874,81.05999,AGRICULTURAL_FIRE,MODERATE,3.15,332.0,N21,2026-09-09 13:31:00 IST,1,FAC-007,Bhilai Steel Complex,industrial,1479.582,LOW,LOW,NOISE,1,1.0,NOISE (1 hotspot),0.88,None (Open / Rural Area),,AGRICULTURAL_FIRE,0.9813,"Event labeled as AGRICULTURAL_FIRE primarily based on: rural coordinates beyond active industrial buffers; low-intensity thermal signature (3.1 MW); isolated/spontaneous thermal occurrence. (Note: Statistical feature correlation, not verified physical causality)."
62b26c1f65,7.93876,81.3868,AGRICULTURAL_FIRE,MODERATE,3.96,338.41,N21,2026-09-09 13:31:00 IST,1,FAC-007,Bhilai Steel Complex,industrial,1473.473,LOW,LOW,NOISE,1,1.0,NOISE (1 hotspot),0.88,None (Open / Rural Area),,AGRICULTURAL_FIRE,0.9927,"Event labeled as AGRICULTURAL_FIRE primarily based on: rural coordinates beyond active industrial buffers; low-intensity thermal signature (4.0 MW); isolated/spontaneous thermal occurrence. (Note: Statistical feature correlation, not verified physical causality)."
fc4bb3dd56,7.83207,79.97841,AGRICULTURAL_FIRE,MODERATE,3.9,335.54,N21,2026-09-09 13:33:00 IST,1,FAC-007,Bhilai Steel Complex,industrial,1492.938,LOW,LOW,NOISE,1,1.0,NOISE (1 hotspot),0.88,None (Open / Rural Area),,AGRICULTURAL_FIRE,0.9879,"Event labeled as AGRICULTURAL_FIRE primarily based on: rural coordinates beyond active industrial buffers; low-intensity thermal signature (3.9 MW); isolated/spontaneous thermal occurrence. (Note: Statistical feature correlation, not verified physical causality)."
55669af72c,7.8694,80.20514,AGRICULTURAL_FIRE,MODERATE,5.68,334.68,N21,2026-09-09 13:33:00 IST,3,FAC-007,Bhilai Steel Complex,industrial,1486.545,LOW,LOW,CL-0176,4,1.0,CL-0176 (4 hotspots),0.88,None (Open / Rural Area),,AGRICULTURAL_FIRE,0.9978,"Event labeled as AGRICULTURAL_FIRE primarily based on: rural coordinates beyond active industrial buffers; low-intensity thermal signature (5.7 MW); repeated temporal persistence (3 recorded events). (Note: Statistical feature correlation, not verified physical causality)."
c7e64d7c07,7.86993,80.20865,AGRICULTURAL_FIRE,MODERATE,2.99,337.82,N21,2026-09-09 13:33:00 IST,3,FAC-007,Bhilai Steel Complex,industrial,1486.454,LOW,LOW,CL-0176,4,1.0,CL-0176 (4 hotspots),0.88,None (Open / Rural Area),,AGRICULTURAL_FIRE,0.9978,"Event labeled as AGRICULTURAL_FIRE primarily based on: rural coordinates beyond active industrial buffers; low-intensity thermal signature (3.0 MW); repeated temporal persistence (3 recorded events). (Note: Statistical feature correlation, not verified physical causality)."
7f04eb0dd5,7.87272,80.34135,AGRICULTURAL_FIRE,MODERATE,3.66,335.5,N21,2026-09-09 13:33:00 IST,2,FAC-007,Bhilai Steel Complex,industrial,1485.007,LOW,LOW,CL-0177,2,1.0,CL-0177 (2 hotspots),0.88,None (Open / Rural Area),,AGRICULTURAL_FIRE,0.9889,"Event labeled as AGRICULTURAL_FIRE primarily based on: rural coordinates beyond active industrial buffers; low-intensity thermal signature (3.7 MW); isolated/spontaneous thermal occurrence. (Note: Statistical feature correlation, not verified physical causality)."
fecb63cc2b,7.87325,80.20815,AGRICULTURAL_FIRE,MODERATE,2.99,331.08,N21,2026-09-09 13:33:00 IST,3,FAC-007,Bhilai Steel Complex,industrial,1486.091,LOW,LOW,CL-0176,4,1.0,CL-0176 (4 hotspots),0.88,None (Open / Rural Area),,AGRICULTURAL_FIRE,0.9978,"Event labeled as AGRICULTURAL_FIRE primarily based on: rural coordinates beyond active industrial buffers; low-intensity thermal signature (3.0 MW); repeated temporal persistence (3 recorded events). (Note: Statistical feature correlation, not verified physical causality)."
82a279c96a,7.87605,80.34086,AGRICULTURAL_FIRE,MODERATE,2.69,332.13,N21,2026-09-09 13:33:00 IST,2,FAC-007,Bhilai Steel Complex,industrial,1484.642,LOW,LOW,CL-0177,2,1.0,CL-0177 (2 hotspots),0.88,None (Open / Rural Area),,AGRICULTURAL_FIRE,0.9889,"Event labeled as AGRICULTURAL_FIRE primarily based on: rural coordinates beyond active industrial buffers; low-intensity thermal signature (2.7 MW); isolated/spontaneous thermal occurrence. (Note: Statistical feature correlation, not verified physical causality)."
6060d7a2d4,7.87903,79.95345,AGRICULTURAL_FIRE,MODERATE,2.74,341.99,N21,2026-09-09 13:33:00 IST,1,FAC-007,Bhilai Steel Complex,industrial,1488.015,LOW,LOW,NOISE,1,1.0,NOISE (1 hotspot),0.88,None (Open / Rural Area),,AGRICULTURAL_FIRE,0.9882,"Event labeled as AGRICULTURAL_FIRE primarily based on: rural coordinates beyond active industrial buffers; low-intensity thermal signature (2.7 MW); isolated/spontaneous thermal occurrence. (Note: Statistical feature correlation, not verified physical causality)."
4596f13214,7.88397,80.03117,AGRICULTURAL_FIRE,MODERATE,1.39,333.72,N21,2026-09-09 13:33:00 IST,1,FAC-007,Bhilai Steel Complex,industrial,1486.633,LOW,LOW,NOISE,1,1.0,NOISE (1 hotspot),0.88,None (Open / Rural Area),,AGRICULTURAL_FIRE,0.9879,"Event labeled as AGRICULTURAL_FIRE primarily based on: rural coordinates beyond active industrial buffers; low-intensity thermal signature (1.4 MW); isolated/spontaneous thermal occurrence. (Note: Statistical feature correlation, not verified physical causality)."
f63bf62b22,7.88815,80.57883,AGRICULTURAL_FIRE,MODERATE,1.7,334.76,N21,2026-09-09 13:33:00 IST,1,FAC-007,Bhilai Steel Complex,industrial,1481.598,LOW,LOW,NOISE,1,1.0,NOISE (1 hotspot),0.88,None (Open / Rural Area),,AGRICULTURAL_FIRE,0.9879,"Event labeled as AGRICULTURAL_FIRE primarily based on: rural coordinates beyond active industrial buffers; low-intensity thermal signature (1.7 MW); isolated/spontaneous thermal occurrence. (Note: Statistical feature correlation, not verified physical causality)."
bee4704eb4,7.88963,80.6115,AGRICULTURAL_FIRE,MODERATE,4.3,338.22,N21,2026-09-09 13:33:00 IST,1,FAC-007,Bhilai Steel Complex,industrial,1481.235,LOW,LOW,NOISE,1,1.0,NOISE (1 hotspot),0.88,None (Open / Rural Area),,AGRICULTURAL_FIRE,0.9927,"Event labeled as AGRICULTURAL_FIRE primarily based on: rural coordinates beyond active industrial buffers; low-intensity thermal signature (4.3 MW); isolated/spontaneous thermal occurrence. (Note: Statistical feature correlation, not verified physical causality)."
0cb17f0008,7.88971,80.43276,AGRICULTURAL_FIRE,MODERATE,5.74,342.14,N21,2026-09-09 13:33:00 IST,1,FAC-007,Bhilai Steel Complex,industrial,1482.418,LOW,LOW,NOISE,1,1.0,NOISE (1 hotspot),0.88,None (Open / Rural Area),,AGRICULTURAL_FIRE,0.9882,"Event labeled as AGRICULTURAL_FIRE primarily based on: rural coordinates beyond active industrial buffers; low-intensity thermal signature (5.7 MW); isolated/spontaneous thermal occurrence. (Note: Statistical feature correlation, not verified physical causality)."
7dc577c3dc,7.89716,80.18658,AGRICULTURAL_FIRE,MODERATE,9.55,345.52,N21,2026-09-09 13:33:00 IST,2,FAC-007,Bhilai Steel Complex,industrial,1483.639,LOW,LOW,CL-0178,2,1.0,CL-0178 (2 hotspots),0.88,None (Open / Rural Area),,AGRICULTURAL_FIRE,0.9892,"Event labeled as AGRICULTURAL_FIRE primarily based on: rural coordinates beyond active industrial buffers; low-intensity thermal signature (9.6 MW); isolated/spontaneous thermal occurrence. (Note: Statistical feature correlation, not verified physical causality)."
1a32478872,7.90048,80.18609,AGRICULTURAL_FIRE,MODERATE,5.93,338.89,N21,2026-09-09 13:33:00 IST,1,FAC-007,Bhilai Steel Complex,industrial,1483.276,LOW,LOW,CL-0178,2,1.0,CL-0178 (2 hotspots),0.88,None (Open / Rural Area),,AGRICULTURAL_FIRE,0.9927,"Event labeled as AGRICULTURAL_FIRE primarily based on: rural coordinates beyond active industrial buffers; low-intensity thermal signature (5.9 MW); isolated/spontaneous thermal occurrence. (Note: Statistical feature correlation, not verified physical causality)."
44c882e49e,7.91765,80.55211,AGRICULTURAL_FIRE,MODERATE,3.07,336.86,N21,2026-09-09 13:33:00 IST,2,FAC-007,Bhilai Steel Complex,industrial,1478.493,LOW,LOW,CL-0078,2,1.0,CL-0078 (2 hotspots),0.88,None (Open / Rural Area),,AGRICULTURAL_FIRE,0.9937,"Event labeled as AGRICULTURAL_FIRE primarily based on: rural coordinates beyond active industrial buffers; low-intensity thermal signature (3.1 MW); isolated/spontaneous thermal occurrence. (Note: Statistical feature correlation, not verified physical causality)."
a6525147e3,7.92647,80.6348,AGRICULTURAL_FIRE,MODERATE,5.29,347.5,N21,2026-09-09 13:33:00 IST,1,FAC-007,Bhilai Steel Complex,industrial,1477.007,LOW,LOW,CL-0179,2,1.0,CL-0179 (2 hotspots),0.88,None (Open / Rural Area),,AGRICULTURAL_FIRE,0.9715,"Event labeled as AGRICULTURAL_FIRE primarily based on: rural coordinates beyond active industrial buffers; low-intensity thermal signature (5.3 MW); isolated/spontaneous thermal occurrence. (Note: Statistical feature correlation, not verified physical causality)."
f97eb51df1,7.92905,80.28599,AGRICULTURAL_FIRE,MODERATE,7.76,339.36,N21,2026-09-09 13:33:00 IST,1,FAC-007,Bhilai Steel Complex,industrial,1479.221,LOW,LOW,NOISE,1,1.0,NOISE (1 hotspot),0.88,None (Open / Rural Area),,AGRICULTURAL_FIRE,0.987,"Event labeled as AGRICULTURAL_FIRE primarily based on: rural coordinates beyond active industrial buffers; low-intensity thermal signature (7.8 MW); isolated/spontaneous thermal occurrence. (Note: Statistical feature correlation, not verified physical causality)."
e8d049b488,7.92982,80.6343,AGRICULTURAL_FIRE,MODERATE,5.29,339.16,N21,2026-09-09 13:33:00 IST,1,FAC-007,Bhilai Steel Complex,industrial,1476.638,LOW,LOW,CL-0179,2,1.0,CL-0179 (2 hotspots),0.88,None (Open / Rural Area),,AGRICULTURAL_FIRE,0.9927,"Event labeled as AGRICULTURAL_FIRE primarily based on: rural coordinates beyond active industrial buffers; low-intensity thermal signature (5.3 MW); isolated/spontaneous thermal occurrence. (Note: Statistical feature correlation, not verified physical causality)."
a0fb85b422,7.93336,80.68137,AGRICULTURAL_FIRE,MODERATE,5.36,347.16,N21,2026-09-09 13:33:00 IST,1,FAC-007,Bhilai Steel Complex,industrial,1475.979,LOW,LOW,NOISE,1,1.0,NOISE (1 hotspot),0.88,None (Open / Rural Area),,AGRICULTURAL_FIRE,0.9786,"Event labeled as AGRICULTURAL_FIRE primarily based on: rural coordinates beyond active industrial buffers; low-intensity thermal signature (5.4 MW); isolated/spontaneous thermal occurrence. (Note: Statistical feature correlation, not verified physical causality)."
0d7c1ee6bb,7.9344,80.61898,AGRICULTURAL_FIRE,MODERATE,4.92,343.61,N21,2026-09-09 13:33:00 IST,2,FAC-007,Bhilai Steel Complex,industrial,1476.219,LOW,LOW,CL-0180,2,1.0,CL-0180 (2 hotspots),0.88,None (Open / Rural Area),,AGRICULTURAL_FIRE,0.9892,"Event labeled as AGRICULTURAL_FIRE primarily based on: rural coordinates beyond active industrial buffers; low-intensity thermal signature (4.9 MW); isolated/spontaneous thermal occurrence. (Note: Statistical feature correlation, not verified physical causality)."
f9f5ae0fdc,7.93493,80.62255,AGRICULTURAL_FIRE,MODERATE,4.92,342.33,N21,2026-09-09 13:33:00 IST,2,FAC-007,Bhilai Steel Complex,industrial,1476.139,LOW,LOW,CL-0180,2,1.0,CL-0180 (2 hotspots),0.88,None (Open / Rural Area),,AGRICULTURAL_FIRE,0.9892,"Event labeled as AGRICULTURAL_FIRE primarily based on: rural coordinates beyond active industrial buffers; low-intensity thermal signature (4.9 MW); isolated/spontaneous thermal occurrence. (Note: Statistical feature correlation, not verified physical causality)."
b2b8d050d2,7.93701,80.56743,AGRICULTURAL_FIRE,MODERATE,8.62,336.23,N21,2026-09-09 13:33:00 IST,3,FAC-007,Bhilai Steel Complex,industrial,1476.246,LOW,LOW,CL-0181,3,1.0,CL-0181 (3 hotspots),0.88,None (Open / Rural Area),,AGRICULTURAL_FIRE,0.9978,"Event labeled as AGRICULTURAL_FIRE primarily based on: rural coordinates beyond active industrial buffers; low-intensity thermal signature (8.6 MW); repeated temporal persistence (3 recorded events). (Note: Statistical feature correlation, not verified physical causality)."
b98e00b1eb,7.93754,80.57101,AGRICULTURAL_FIRE,MODERATE,8.62,348.26,N21,2026-09-09 13:33:00 IST,3,FAC-007,Bhilai Steel Complex,industrial,1476.164,LOW,LOW,CL-0181,3,1.0,CL-0181 (3 hotspots),0.88,None (Open / Rural Area),,AGRICULTURAL_FIRE,0.9837,"Event labeled as AGRICULTURAL_FIRE primarily based on: rural coordinates beyond active industrial buffers; low-intensity thermal signature (8.6 MW); repeated temporal persistence (3 recorded events). (Note: Statistical feature correlation, not verified physical causality)."
de4090c1c7,7.94089,80.5705,AGRICULTURAL_FIRE,MODERATE,8.62,346.13,N21,2026-09-09 13:33:00 IST,3,FAC-007,Bhilai Steel Complex,industrial,1475.796,LOW,LOW,CL-0181,3,1.0,CL-0181 (3 hotspots),0.88,None (Open / Rural Area),,AGRICULTURAL_FIRE,0.9908,"Event labeled as AGRICULTURAL_FIRE primarily based on: rural coordinates beyond active industrial buffers; low-intensity thermal signature (8.6 MW); repeated temporal persistence (3 recorded events). (Note: Statistical feature correlation, not verified physical causality)."
f2d243e2fc,7.94447,80.45713,AGRICULTURAL_FIRE,MODERATE,11.59,348.53,N21,2026-09-09 13:33:00 IST,2,FAC-007,Bhilai Steel Complex,industrial,1476.165,LOW,LOW,CL-0182,2,1.0,CL-0182 (2 hotspots),0.88,None (Open / Rural Area),,AGRICULTURAL_FIRE,0.9725,"Event labeled as AGRICULTURAL_FIRE primarily based on: rural coordinates beyond active industrial buffers; low-intensity thermal signature (11.6 MW); isolated/spontaneous thermal occurrence. (Note: Statistical feature correlation, not verified physical causality)."
4b3153b198,7.945,80.46067,AGRICULTURAL_FIRE,MODERATE,11.59,334.41,N21,2026-09-09 13:33:00 IST,2,FAC-007,Bhilai Steel Complex,industrial,1476.081,LOW,LOW,CL-0182,2,1.0,CL-0182 (2 hotspots),0.88,None (Open / Rural Area),,AGRICULTURAL_FIRE,0.9889,"Event labeled as AGRICULTURAL_FIRE primarily based on: rural coordinates beyond active industrial buffers; low-intensity thermal signature (11.6 MW); isolated/spontaneous thermal occurrence. (Note: Statistical feature correlation, not verified physical causality)."
f57c4cd5fe,7.95569,80.44094,AGRICULTURAL_FIRE,MODERATE,5.15,337.07,N21,2026-09-09 13:33:00 IST,1,FAC-007,Bhilai Steel Complex,industrial,1475.038,LOW,LOW,NOISE,1,1.0,NOISE (1 hotspot),0.88,None (Open / Rural Area),,AGRICULTURAL_FIRE,0.9927,"Event labeled as AGRICULTURAL_FIRE primarily based on: rural coordinates beyond active industrial buffers; low-intensity thermal signature (5.2 MW); isolated/spontaneous thermal occurrence. (Note: Statistical feature correlation, not verified physical causality)."
25a2907e4c,7.96181,80.00496,AGRICULTURAL_FIRE,MODERATE,2.85,332.79,N21,2026-09-09 13:33:00 IST,3,FAC-007,Bhilai Steel Complex,industrial,1478.295,LOW,LOW,CL-0018,3,1.0,CL-0018 (3 hotspots),0.88,None (Open / Rural Area),,AGRICULTURAL_FIRE,0.9978,"Event labeled as AGRICULTURAL_FIRE primarily based on: rural coordinates beyond active industrial buffers; low-intensity thermal signature (2.9 MW); repeated temporal persistence (3 recorded events). (Note: Statistical feature correlation, not verified physical causality)."
23c7a511de,7.9698,79.96801,AGRICULTURAL_FIRE,MODERATE,9.56,342.52,N21,2026-09-09 13:33:00 IST,1,FAC-007,Bhilai Steel Complex,industrial,1477.812,LOW,LOW,NOISE,1,1.0,NOISE (1 hotspot),0.88,None (Open / Rural Area),,AGRICULTURAL_FIRE,0.9825,"Event labeled as AGRICULTURAL_FIRE primarily based on: rural coordinates beyond active industrial buffers; low-intensity thermal signature (9.6 MW); isolated/spontaneous thermal occurrence. (Note: Statistical feature correlation, not verified physical causality)."
5634a0656f,7.9882,80.15836,AGRICULTURAL_FIRE,MODERATE,1.19,332.31,N21,2026-09-09 13:33:00 IST,1,FAC-007,Bhilai Steel Complex,industrial,1473.818,LOW,LOW,NOISE,1,1.0,NOISE (1 hotspot),0.88,None (Open / Rural Area),,AGRICULTURAL_FIRE,0.9813,"Event labeled as AGRICULTURAL_FIRE primarily based on: rural coordinates beyond active industrial buffers; low-intensity thermal signature (1.2 MW); isolated/spontaneous thermal occurrence. (Note: Statistical feature correlation, not verified physical causality)."
6ba863b5b4,7.99612,80.34796,AGRICULTURAL_FIRE,MODERATE,2.21,332.52,N21,2026-09-09 13:33:00 IST,1,FAC-007,Bhilai Steel Complex,industrial,1471.27,LOW,LOW,NOISE,1,1.0,NOISE (1 hotspot),0.88,None (Open / Rural Area),,AGRICULTURAL_FIRE,0.9879,"Event labeled as AGRICULTURAL_FIRE primarily based on: rural coordinates beyond active industrial buffers; low-intensity thermal signature (2.2 MW); isolated/spontaneous thermal occurrence. (Note: Statistical feature correlation, not verified physical causality)."
ea6ea5c96d,8.01583,80.91316,AGRICULTURAL_FIRE,MODERATE,3.4,336.04,N21,2026-09-09 13:33:00 IST,1,FAC-007,Bhilai Steel Complex,industrial,1465.759,LOW,LOW,NOISE,1,1.0,NOISE (1 hotspot),0.88,None (Open / Rural Area),,AGRICULTURAL_FIRE,0.9879,"Event labeled as AGRICULTURAL_FIRE primarily based on: rural coordinates beyond active industrial buffers; low-intensity thermal signature (3.4 MW); isolated/spontaneous thermal occurrence. (Note: Statistical feature correlation, not verified physical causality)."
043d3c5707,8.01599,80.68362,WILDFIRE_BIOMASS,HIGH,34.35,341.3,N21,2026-09-09 13:33:00 IST,1,FAC-007,Bhilai Steel Complex,industrial,1466.79,LOW,LOW,NOISE,1,1.0,NOISE (1 hotspot),0.85,None (Open / Rural Area),,WILDFIRE_BIOMASS,0.9548,"Event labeled as WILDFIRE_BIOMASS primarily based on: rural coordinates beyond active industrial buffers; moderate thermal radiative power (34.4 MW); isolated/spontaneous thermal occurrence. (Note: Statistical feature correlation, not verified physical causality)."
aeec8a9115,8.02066,80.64623,AGRICULTURAL_FIRE,MODERATE,3.92,339.75,N21,2026-09-09 13:33:00 IST,1,FAC-007,Bhilai Steel Complex,industrial,1466.482,LOW,LOW,NOISE,1,1.0,NOISE (1 hotspot),0.88,None (Open / Rural Area),,AGRICULTURAL_FIRE,0.9927,"Event labeled as AGRICULTURAL_FIRE primarily based on: rural coordinates beyond active industrial buffers; low-intensity thermal signature (3.9 MW); isolated/spontaneous thermal occurrence. (Note: Statistical feature correlation, not verified physical causality)."
b7c831307d,8.02854,81.25826,AGRICULTURAL_FIRE,MODERATE,4.07,344.67,N21,2026-09-09 13:33:00 IST,1,FAC-007,Bhilai Steel Complex,industrial,1463.548,LOW,LOW,NOISE,1,1.0,NOISE (1 hotspot),0.88,None (Open / Rural Area),,AGRICULTURAL_FIRE,0.9882,"Event labeled as AGRICULTURAL_FIRE primarily based on: rural coordinates beyond active industrial buffers; low-intensity thermal signature (4.1 MW); isolated/spontaneous thermal occurrence. (Note: Statistical feature correlation, not verified physical causality)."
eced955e20,8.02913,80.45529,AGRICULTURAL_FIRE,MODERATE,2.08,334.04,N21,2026-09-09 13:33:00 IST,1,FAC-007,Bhilai Steel Complex,industrial,1466.785,LOW,LOW,NOISE,1,1.0,NOISE (1 hotspot),0.88,None (Open / Rural Area),,AGRICULTURAL_FIRE,0.9879,"Event labeled as AGRICULTURAL_FIRE primarily based on: rural coordinates beyond active industrial buffers; low-intensity thermal signature (2.1 MW); isolated/spontaneous thermal occurrence. (Note: Statistical feature correlation, not verified physical causality)."
25e45f4680,8.0363,81.19235,AGRICULTURAL_FIRE,MODERATE,3.23,340.39,N21,2026-09-09 13:33:00 IST,1,FAC-007,Bhilai Steel Complex,industrial,1462.765,LOW,LOW,NOISE,1,1.0,NOISE (1 hotspot),0.88,None (Open / Rural Area),,AGRICULTURAL_FIRE,0.9927,"Event labeled as AGRICULTURAL_FIRE primarily based on: rural coordinates beyond active industrial buffers; low-intensity thermal signature (3.2 MW); isolated/spontaneous thermal occurrence. (Note: Statistical feature correlation, not verified physical causality)."
fafd81d567,8.03748,80.05777,AGRICULTURAL_FIRE,MODERATE,5.78,334.99,N21,2026-09-09 13:33:00 IST,2,FAC-007,Bhilai Steel Complex,industrial,1469.363,LOW,LOW,CL-0183,2,1.0,CL-0183 (2 hotspots),0.88,None (Open / Rural Area),,AGRICULTURAL_FIRE,0.9889,"Event labeled as AGRICULTURAL_FIRE primarily based on: rural coordinates beyond active industrial buffers; low-intensity thermal signature (5.8 MW); isolated/spontaneous thermal occurrence. (Note: Statistical feature correlation, not verified physical causality)."
4b8f1a3e95,8.03777,80.49038,AGRICULTURAL_FIRE,MODERATE,8.93,340.92,N21,2026-09-09 13:33:00 IST,1,FAC-007,Bhilai Steel Complex,industrial,1465.576,LOW,LOW,NOISE,1,1.0,NOISE (1 hotspot),0.88,None (Open / Rural Area),,AGRICULTURAL_FIRE,0.987,"Event labeled as AGRICULTURAL_FIRE primarily based on: rural coordinates beyond active industrial buffers; low-intensity thermal signature (8.9 MW); isolated/spontaneous thermal occurrence. (Note: Statistical feature correlation, not verified physical causality)."
e87b113de3,8.03801,80.06126,AGRICULTURAL_FIRE,MODERATE,4.15,333.87,N21,2026-09-09 13:33:00 IST,2,FAC-007,Bhilai Steel Complex,industrial,1469.268,LOW,LOW,CL-0183,2,1.0,CL-0183 (2 hotspots),0.88,None (Open / Rural Area),,AGRICULTURAL_FIRE,0.9889,"Event labeled as AGRICULTURAL_FIRE primarily based on: rural coordinates beyond active industrial buffers; low-intensity thermal signature (4.2 MW); isolated/spontaneous thermal occurrence. (Note: Statistical feature correlation, not verified physical causality)."
9c7dab0abb,8.03962,80.22958,AGRICULTURAL_FIRE,MODERATE,4.39,338.66,N21,2026-09-09 13:33:00 IST,1,FAC-007,Bhilai Steel Complex,industrial,1467.46,LOW,LOW,NOISE,1,1.0,NOISE (1 hotspot),0.88,None (Open / Rural Area),,AGRICULTURAL_FIRE,0.9927,"Event labeled as AGRICULTURAL_FIRE primarily based on: rural coordinates beyond active industrial buffers; low-intensity thermal signature (4.4 MW); isolated/spontaneous thermal occurrence. (Note: Statistical feature correlation, not verified physical causality)."
f38db18227,8.04974,80.00166,AGRICULTURAL_FIRE,MODERATE,6.05,334.1,N21,2026-09-09 13:33:00 IST,1,FAC-007,Bhilai Steel Complex,industrial,1468.6,LOW,LOW,NOISE,1,1.0,NOISE (1 hotspot),0.88,None (Open / Rural Area),,AGRICULTURAL_FIRE,0.9879,"Event labeled as AGRICULTURAL_FIRE primarily based on: rural coordinates beyond active industrial buffers; low-intensity thermal signature (6.0 MW); isolated/spontaneous thermal occurrence. (Note: Statistical feature correlation, not verified physical causality)."
0857110a63,8.05507,80.40058,AGRICULTURAL_FIRE,MODERATE,8.29,348.56,N21,2026-09-09 13:33:00 IST,2,FAC-007,Bhilai Steel Complex,industrial,1464.316,LOW,LOW,CL-0184,2,1.0,CL-0184 (2 hotspots),0.88,None (Open / Rural Area),,AGRICULTURAL_FIRE,0.9649,"Event labeled as AGRICULTURAL_FIRE primarily based on: rural coordinates beyond active industrial buffers; low-intensity thermal signature (8.3 MW); isolated/spontaneous thermal occurrence. (Note: Statistical feature correlation, not verified physical causality)."
363074265d,8.0556,80.40413,AGRICULTURAL_FIRE,MODERATE,14.24,349.5,N21,2026-09-09 13:33:00 IST,2,FAC-007,Bhilai Steel Complex,industrial,1464.23,LOW,LOW,CL-0184,2,1.0,CL-0184 (2 hotspots),0.88,None (Open / Rural Area),,AGRICULTURAL_FIRE,0.9725,"Event labeled as AGRICULTURAL_FIRE primarily based on: rural coordinates beyond active industrial buffers; low-intensity thermal signature (14.2 MW); isolated/spontaneous thermal occurrence. (Note: Statistical feature correlation, not verified physical causality)."
35095d36c9,8.07328,80.09106,AGRICULTURAL_FIRE,MODERATE,6.81,334.15,N21,2026-09-09 13:33:00 IST,1,FAC-007,Bhilai Steel Complex,industrial,1465.058,LOW,LOW,NOISE,1,1.0,NOISE (1 hotspot),0.88,None (Open / Rural Area),,AGRICULTURAL_FIRE,0.9575,"Event labeled as AGRICULTURAL_FIRE primarily based on: rural coordinates beyond active industrial buffers; low-intensity thermal signature (6.8 MW); isolated/spontaneous thermal occurrence. (Note: Statistical feature correlation, not verified physical causality)."
d066c919ad,8.08427,80.3455,AGRICULTURAL_FIRE,MODERATE,2.24,335.79,N21,2026-09-09 13:33:00 IST,1,FAC-007,Bhilai Steel Complex,industrial,1461.514,LOW,LOW,NOISE,1,1.0,NOISE (1 hotspot),0.88,None (Open / Rural Area),,AGRICULTURAL_FIRE,0.9879,"Event labeled as AGRICULTURAL_FIRE primarily based on: rural coordinates beyond active industrial buffers; low-intensity thermal signature (2.2 MW); isolated/spontaneous thermal occurrence. (Note: Statistical feature correlation, not verified physical causality)."
fd5d38aad4,8.09668,79.90884,AGRICULTURAL_FIRE,MODERATE,3.11,333.13,N21,2026-09-09 13:33:00 IST,1,FAC-007,Bhilai Steel Complex,industrial,1464.445,LOW,LOW,NOISE,1,1.0,NOISE (1 hotspot),0.88,None (Open / Rural Area),,AGRICULTURAL_FIRE,0.9879,"Event labeled as AGRICULTURAL_FIRE primarily based on: rural coordinates beyond active industrial buffers; low-intensity thermal signature (3.1 MW); isolated/spontaneous thermal occurrence. (Note: Statistical feature correlation, not verified physical causality)."
080dcf890c,8.10521,80.10054,AGRICULTURAL_FIRE,MODERATE,9.49,330.02,N21,2026-09-09 13:33:00 IST,1,FAC-007,Bhilai Steel Complex,industrial,1461.427,LOW,LOW,NOISE,1,1.0,NOISE (1 hotspot),0.88,None (Open / Rural Area),,AGRICULTURAL_FIRE,0.959,"Event labeled as AGRICULTURAL_FIRE primarily based on: rural coordinates beyond active industrial buffers; low-intensity thermal signature (9.5 MW); isolated/spontaneous thermal occurrence. (Note: Statistical feature correlation, not verified physical causality)."
db6622bc66,8.12223,80.80439,AGRICULTURAL_FIRE,MODERATE,4.18,334.12,N21,2026-09-09 13:33:00 IST,7,FAC-007,Bhilai Steel Complex,industrial,1454.384,LOW,LOW,CL-0062,9,1.0,CL-0062 (9 hotspots),0.88,None (Open / Rural Area),,AGRICULTURAL_FIRE,0.9905,"Event labeled as AGRICULTURAL_FIRE primarily based on: rural coordinates beyond active industrial buffers; low-intensity thermal signature (4.2 MW); repeated temporal persistence (7 recorded events). (Note: Statistical feature correlation, not verified physical causality)."
b06fbedaf1,8.12277,80.80801,AGRICULTURAL_FIRE,MODERATE,4.18,340.49,N21,2026-09-09 13:33:00 IST,1,FAC-007,Bhilai Steel Complex,industrial,1454.307,LOW,LOW,CL-0062,9,1.0,CL-0062 (9 hotspots),0.88,None (Open / Rural Area),,AGRICULTURAL_FIRE,0.9927,"Event labeled as AGRICULTURAL_FIRE primarily based on: rural coordinates beyond active industrial buffers; low-intensity thermal signature (4.2 MW); isolated/spontaneous thermal occurrence. (Note: Statistical feature correlation, not verified physical causality)."
ee42611590,8.1251,80.09753,AGRICULTURAL_FIRE,MODERATE,4.93,343.06,N21,2026-09-09 13:33:00 IST,2,FAC-007,Bhilai Steel Complex,industrial,1459.255,LOW,LOW,CL-0185,2,1.0,CL-0185 (2 hotspots),0.88,None (Open / Rural Area),,AGRICULTURAL_FIRE,0.9892,"Event labeled as AGRICULTURAL_FIRE primarily based on: rural coordinates beyond active industrial buffers; low-intensity thermal signature (4.9 MW); isolated/spontaneous thermal occurrence. (Note: Statistical feature correlation, not verified physical causality)."
8c151b2bd8,8.12842,80.09703,AGRICULTURAL_FIRE,MODERATE,4.93,343.49,N21,2026-09-09 13:33:00 IST,2,FAC-007,Bhilai Steel Complex,industrial,1458.892,LOW,LOW,CL-0185,2,1.0,CL-0185 (2 hotspots),0.88,None (Open / Rural Area),,AGRICULTURAL_FIRE,0.9892,"Event labeled as AGRICULTURAL_FIRE primarily based on: rural coordinates beyond active industrial buffers; low-intensity thermal signature (4.9 MW); isolated/spontaneous thermal occurrence. (Note: Statistical feature correlation, not verified physical causality)."
8dd4761204,8.14641,81.13075,AGRICULTURAL_FIRE,MODERATE,6.5,332.32,N21,2026-09-09 13:33:00 IST,3,FAC-007,Bhilai Steel Complex,industrial,1450.63,LOW,LOW,CL-0082,3,1.0,CL-0082 (3 hotspots),0.88,None (Open / Rural Area),,AGRICULTURAL_FIRE,0.9978,"Event labeled as AGRICULTURAL_FIRE primarily based on: rural coordinates beyond active industrial buffers; low-intensity thermal signature (6.5 MW); repeated temporal persistence (3 recorded events). (Note: Statistical feature correlation, not verified physical causality)."
5bca3796f0,8.18763,80.10533,AGRICULTURAL_FIRE,MODERATE,3.74,334.78,N21,2026-09-09 13:33:00 IST,1,FAC-007,Bhilai Steel Complex,industrial,1452.252,LOW,LOW,NOISE,1,1.0,NOISE (1 hotspot),0.88,None (Open / Rural Area),,AGRICULTURAL_FIRE,0.9879,"Event labeled as AGRICULTURAL_FIRE primarily based on: rural coordinates beyond active industrial buffers; low-intensity thermal signature (3.7 MW); isolated/spontaneous thermal occurrence. (Note: Statistical feature correlation, not verified physical causality)."
f14f84f332,8.19609,80.50241,AGRICULTURAL_FIRE,MODERATE,9.57,336.51,N21,2026-09-09 13:33:00 IST,1,FAC-007,Bhilai Steel Complex,industrial,1447.923,LOW,LOW,NOISE,1,1.0,NOISE (1 hotspot),0.88,None (Open / Rural Area),,AGRICULTURAL_FIRE,0.9822,"Event labeled as AGRICULTURAL_FIRE primarily based on: rural coordinates beyond active industrial buffers; low-intensity thermal signature (9.6 MW); isolated/spontaneous thermal occurrence. (Note: Statistical feature correlation, not verified physical causality)."
61a629632b,8.22883,80.35868,AGRICULTURAL_FIRE,MODERATE,3.25,337.36,N21,2026-09-09 13:33:00 IST,2,FAC-007,Bhilai Steel Complex,industrial,1445.377,LOW,LOW,CL-0186,2,1.0,CL-0186 (2 hotspots),0.88,None (Open / Rural Area),,AGRICULTURAL_FIRE,0.9937,"Event labeled as AGRICULTURAL_FIRE primarily based on: rural coordinates beyond active industrial buffers; low-intensity thermal signature (3.2 MW); isolated/spontaneous thermal occurrence. (Note: Statistical feature correlation, not verified physical causality)."
826b705589,8.23216,80.35817,AGRICULTURAL_FIRE,MODERATE,9.13,342.97,N21,2026-09-09 13:33:00 IST,2,FAC-007,Bhilai Steel Complex,industrial,1445.012,LOW,LOW,CL-0186,2,1.0,CL-0186 (2 hotspots),0.88,None (Open / Rural Area),,AGRICULTURAL_FIRE,0.9892,"Event labeled as AGRICULTURAL_FIRE primarily based on: rural coordinates beyond active industrial buffers; low-intensity thermal signature (9.1 MW); isolated/spontaneous thermal occurrence. (Note: Statistical feature correlation, not verified physical causality)."
f9ed0d1abf,8.24527,80.60796,AGRICULTURAL_FIRE,MODERATE,1.87,336.56,N21,2026-09-09 13:33:00 IST,1,FAC-007,Bhilai Steel Complex,industrial,1441.771,LOW,LOW,NOISE,1,1.0,NOISE (1 hotspot),0.88,None (Open / Rural Area),,AGRICULTURAL_FIRE,0.9879,"Event labeled as AGRICULTURAL_FIRE primarily based on: rural coordinates beyond active industrial buffers; low-intensity thermal signature (1.9 MW); isolated/spontaneous thermal occurrence. (Note: Statistical feature correlation, not verified physical causality)."
fd86594199,8.26458,80.32429,AGRICULTURAL_FIRE,MODERATE,4.47,333.06,N21,2026-09-09 13:33:00 IST,1,FAC-007,Bhilai Steel Complex,industrial,1441.697,LOW,LOW,NOISE,1,1.0,NOISE (1 hotspot),0.88,None (Open / Rural Area),,AGRICULTURAL_FIRE,0.9879,"Event labeled as AGRICULTURAL_FIRE primarily based on: rural coordinates beyond active industrial buffers; low-intensity thermal signature (4.5 MW); isolated/spontaneous thermal occurrence. (Note: Statistical feature correlation, not verified physical causality)."
a65ee05900,8.26489,80.6712,AGRICULTURAL_FIRE,MODERATE,3.59,337.15,N21,2026-09-09 13:33:00 IST,1,FAC-007,Bhilai Steel Complex,industrial,1439.218,LOW,LOW,NOISE,1,1.0,NOISE (1 hotspot),0.88,None (Open / Rural Area),,AGRICULTURAL_FIRE,0.9927,"Event labeled as AGRICULTURAL_FIRE primarily based on: rural coordinates beyond active industrial buffers; low-intensity thermal signature (3.6 MW); isolated/spontaneous thermal occurrence. (Note: Statistical feature correlation, not verified physical causality)."
b23e12291a,8.27032,80.29445,AGRICULTURAL_FIRE,MODERATE,6.91,336.41,N21,2026-09-09 13:33:00 IST,1,FAC-007,Bhilai Steel Complex,industrial,1441.316,LOW,LOW,CL-0187,2,1.0,CL-0187 (2 hotspots),0.88,None (Open / Rural Area),,AGRICULTURAL_FIRE,0.9879,"Event labeled as AGRICULTURAL_FIRE primarily based on: rural coordinates beyond active industrial buffers; low-intensity thermal signature (6.9 MW); isolated/spontaneous thermal occurrence. (Note: Statistical feature correlation, not verified physical causality)."
6577ebbe8f,8.27751,80.29699,AGRICULTURAL_FIRE,MODERATE,5.14,334.89,N21,2026-09-09 13:33:00 IST,1,FAC-007,Bhilai Steel Complex,industrial,1440.497,LOW,LOW,CL-0187,2,1.0,CL-0187 (2 hotspots),0.88,None (Open / Rural Area),,AGRICULTURAL_FIRE,0.9879,"Event labeled as AGRICULTURAL_FIRE primarily based on: rural coordinates beyond active industrial buffers; low-intensity thermal signature (5.1 MW); isolated/spontaneous thermal occurrence. (Note: Statistical feature correlation, not verified physical causality)."
fd8febba92,8.28111,80.16239,AGRICULTURAL_FIRE,MODERATE,2.68,335.72,N21,2026-09-09 13:33:00 IST,1,FAC-007,Bhilai Steel Complex,industrial,1441.334,LOW,LOW,NOISE,1,1.0,NOISE (1 hotspot),0.88,None (Open / Rural Area),,AGRICULTURAL_FIRE,0.9879,"Event labeled as AGRICULTURAL_FIRE primarily based on: rural coordinates beyond active industrial buffers; low-intensity thermal signature (2.7 MW); isolated/spontaneous thermal occurrence. (Note: Statistical feature correlation, not verified physical causality)."
4226cc0973,8.29782,81.01308,AGRICULTURAL_FIRE,MODERATE,7.58,341.72,N21,2026-09-09 13:33:00 IST,3,FAC-007,Bhilai Steel Complex,industrial,1434.087,LOW,LOW,CL-0188,4,1.0,CL-0188 (4 hotspots),0.88,None (Open / Rural Area),,AGRICULTURAL_FIRE,0.9933,"Event labeled as AGRICULTURAL_FIRE primarily based on: rural coordinates beyond active industrial buffers; low-intensity thermal signature (7.6 MW); repeated temporal persistence (3 recorded events). (Note: Statistical feature correlation, not verified physical causality)."
6ad6463a61,8.30068,81.00888,AGRICULTURAL_FIRE,MODERATE,4.34,337.03,N21,2026-09-09 13:33:00 IST,3,FAC-007,Bhilai Steel Complex,industrial,1433.782,LOW,LOW,CL-0188,4,1.0,CL-0188 (4 hotspots),0.88,None (Open / Rural Area),,AGRICULTURAL_FIRE,0.9978,"Event labeled as AGRICULTURAL_FIRE primarily based on: rural coordinates beyond active industrial buffers; low-intensity thermal signature (4.3 MW); repeated temporal persistence (3 recorded events). (Note: Statistical feature correlation, not verified physical causality)."
d2240e1538,8.30122,81.01257,AGRICULTURAL_FIRE,MODERATE,4.34,339.51,N21,2026-09-09 13:33:00 IST,3,FAC-007,Bhilai Steel Complex,industrial,1433.711,LOW,LOW,CL-0188,4,1.0,CL-0188 (4 hotspots),0.88,None (Open / Rural Area),,AGRICULTURAL_FIRE,0.9978,"Event labeled as AGRICULTURAL_FIRE primarily based on: rural coordinates beyond active industrial buffers; low-intensity thermal signature (4.3 MW); repeated temporal persistence (3 recorded events). (Note: Statistical feature correlation, not verified physical causality)."
3b41fca762,8.30461,81.01205,AGRICULTURAL_FIRE,MODERATE,4.34,345.13,N21,2026-09-09 13:33:00 IST,1,FAC-007,Bhilai Steel Complex,industrial,1433.335,LOW,LOW,CL-0188,4,1.0,CL-0188 (4 hotspots),0.88,None (Open / Rural Area),,AGRICULTURAL_FIRE,0.9882,"Event labeled as AGRICULTURAL_FIRE primarily based on: rural coordinates beyond active industrial buffers; low-intensity thermal signature (4.3 MW); isolated/spontaneous thermal occurrence. (Note: Statistical feature correlation, not verified physical causality)."
5a2e572fb8,8.30576,80.48531,AGRICULTURAL_FIRE,MODERATE,6.8,341.74,N21,2026-09-09 13:33:00 IST,1,FAC-007,Bhilai Steel Complex,industrial,1435.874,LOW,LOW,NOISE,1,1.0,NOISE (1 hotspot),0.88,None (Open / Rural Area),,AGRICULTURAL_FIRE,0.9882,"Event labeled as AGRICULTURAL_FIRE primarily based on: rural coordinates beyond active industrial buffers; low-intensity thermal signature (6.8 MW); isolated/spontaneous thermal occurrence. (Note: Statistical feature correlation, not verified physical causality)."
3d17fd4572,8.30893,80.28085,AGRICULTURAL_FIRE,MODERATE,5.14,336.4,N21,2026-09-09 13:33:00 IST,1,FAC-007,Bhilai Steel Complex,industrial,1437.155,LOW,LOW,NOISE,1,1.0,NOISE (1 hotspot),0.88,None (Open / Rural Area),,AGRICULTURAL_FIRE,0.9879,"Event labeled as AGRICULTURAL_FIRE primarily based on: rural coordinates beyond active industrial buffers; low-intensity thermal signature (5.1 MW); isolated/spontaneous thermal occurrence. (Note: Statistical feature correlation, not verified physical causality)."
52885339c2,8.33951,81.03704,AGRICULTURAL_FIRE,MODERATE,5.71,336.7,N21,2026-09-09 13:33:00 IST,1,FAC-007,Bhilai Steel Complex,industrial,1429.385,LOW,LOW,NOISE,1,1.0,NOISE (1 hotspot),0.88,None (Open / Rural Area),,AGRICULTURAL_FIRE,0.9927,"Event labeled as AGRICULTURAL_FIRE primarily based on: rural coordinates beyond active industrial buffers; low-intensity thermal signature (5.7 MW); isolated/spontaneous thermal occurrence. (Note: Statistical feature correlation, not verified physical causality)."
404c141def,8.35364,80.67591,AGRICULTURAL_FIRE,MODERATE,4.13,340.53,N21,2026-09-09 13:33:00 IST,1,FAC-007,Bhilai Steel Complex,industrial,1429.336,LOW,LOW,NOISE,1,1.0,NOISE (1 hotspot),0.88,None (Open / Rural Area),,AGRICULTURAL_FIRE,0.9927,"Event labeled as AGRICULTURAL_FIRE primarily based on: rural coordinates beyond active industrial buffers; low-intensity thermal signature (4.1 MW); isolated/spontaneous thermal occurrence. (Note: Statistical feature correlation, not verified physical causality)."
24d344cbf4,8.36069,80.76041,AGRICULTURAL_FIRE,MODERATE,2.62,340.08,N21,2026-09-09 13:33:00 IST,1,FAC-007,Bhilai Steel Complex,industrial,1428.103,LOW,LOW,NOISE,1,1.0,NOISE (1 hotspot),0.88,None (Open / Rural Area),,AGRICULTURAL_FIRE,0.9927,"Event labeled as AGRICULTURAL_FIRE primarily based on: rural coordinates beyond active industrial buffers; low-intensity thermal signature (2.6 MW); isolated/spontaneous thermal occurrence. (Note: Statistical feature correlation, not verified physical causality)."
ced93a37f9,8.36672,80.64814,AGRICULTURAL_FIRE,MODERATE,9.43,346.84,N21,2026-09-09 13:33:00 IST,1,FAC-007,Bhilai Steel Complex,industrial,1428.044,LOW,LOW,NOISE,1,1.0,NOISE (1 hotspot),0.88,None (Open / Rural Area),,AGRICULTURAL_FIRE,0.973,"Event labeled as AGRICULTURAL_FIRE primarily based on: rural coordinates beyond active industrial buffers; low-intensity thermal signature (9.4 MW); isolated/spontaneous thermal occurrence. (Note: Statistical feature correlation, not verified physical causality)."
b145815510,8.37899,81.06899,AGRICULTURAL_FIRE,MODERATE,21.11,337.5,N21,2026-09-09 13:33:00 IST,1,FAC-007,Bhilai Steel Complex,industrial,1424.912,LOW,LOW,NOISE,1,1.0,NOISE (1 hotspot),0.88,None (Open / Rural Area),,AGRICULTURAL_FIRE,0.9211,"Event labeled as AGRICULTURAL_FIRE primarily based on: rural coordinates beyond active industrial buffers; low-intensity thermal signature (21.1 MW); isolated/spontaneous thermal occurrence. (Note: Statistical feature correlation, not verified physical causality)."
f42a8f8e72,8.38202,80.29152,AGRICULTURAL_FIRE,MODERATE,4.53,337.44,N21,2026-09-09 13:33:00 IST,1,FAC-007,Bhilai Steel Complex,industrial,1428.96,LOW,LOW,CL-0189,2,1.0,CL-0189 (2 hotspots),0.88,None (Open / Rural Area),,AGRICULTURAL_FIRE,0.9927,"Event labeled as AGRICULTURAL_FIRE primarily based on: rural coordinates beyond active industrial buffers; low-intensity thermal signature (4.5 MW); isolated/spontaneous thermal occurrence. (Note: Statistical feature correlation, not verified physical causality)."
ecb9be4b57,8.38482,80.28748,AGRICULTURAL_FIRE,MODERATE,7.25,340.3,N21,2026-09-09 13:33:00 IST,3,FAC-007,Bhilai Steel Complex,industrial,1428.685,LOW,LOW,CL-0189,2,1.0,CL-0189 (2 hotspots),0.88,None (Open / Rural Area),,AGRICULTURAL_FIRE,0.9819,"Event labeled as AGRICULTURAL_FIRE primarily based on: rural coordinates beyond active industrial buffers; low-intensity thermal signature (7.2 MW); repeated temporal persistence (3 recorded events). (Note: Statistical feature correlation, not verified physical causality)."
025a58e374,8.38602,80.27281,AGRICULTURAL_FIRE,MODERATE,3.82,334.08,N21,2026-09-09 13:33:00 IST,3,FAC-007,Bhilai Steel Complex,industrial,1428.682,LOW,LOW,CL-0190,2,1.0,CL-0190 (2 hotspots),0.88,None (Open / Rural Area),,AGRICULTURAL_FIRE,0.9978,"Event labeled as AGRICULTURAL_FIRE primarily based on: rural coordinates beyond active industrial buffers; low-intensity thermal signature (3.8 MW); repeated temporal persistence (3 recorded events). (Note: Statistical feature correlation, not verified physical causality)."
7b64611864,8.38655,80.27634,AGRICULTURAL_FIRE,MODERATE,3.82,339.26,N21,2026-09-09 13:33:00 IST,3,FAC-007,Bhilai Steel Complex,industrial,1428.592,LOW,LOW,CL-0190,2,1.0,CL-0190 (2 hotspots),0.88,None (Open / Rural Area),,AGRICULTURAL_FIRE,0.9978,"Event labeled as AGRICULTURAL_FIRE primarily based on: rural coordinates beyond active industrial buffers; low-intensity thermal signature (3.8 MW); repeated temporal persistence (3 recorded events). (Note: Statistical feature correlation, not verified physical causality)."
ab57b59733,8.38876,80.77444,AGRICULTURAL_FIRE,MODERATE,5.59,341.38,N21,2026-09-09 13:33:00 IST,2,FAC-007,Bhilai Steel Complex,industrial,1424.916,LOW,LOW,CL-0191,2,1.0,CL-0191 (2 hotspots),0.88,None (Open / Rural Area),,AGRICULTURAL_FIRE,0.9892,"Event labeled as AGRICULTURAL_FIRE primarily based on: rural coordinates beyond active industrial buffers; low-intensity thermal signature (5.6 MW); isolated/spontaneous thermal occurrence. (Note: Statistical feature correlation, not verified physical causality)."
c3cd3166bf,8.39213,80.77393,AGRICULTURAL_FIRE,MODERATE,5.59,342.36,N21,2026-09-09 13:33:00 IST,2,FAC-007,Bhilai Steel Complex,industrial,1424.544,LOW,LOW,CL-0191,2,1.0,CL-0191 (2 hotspots),0.88,None (Open / Rural Area),,AGRICULTURAL_FIRE,0.9892,"Event labeled as AGRICULTURAL_FIRE primarily based on: rural coordinates beyond active industrial buffers; low-intensity thermal signature (5.6 MW); isolated/spontaneous thermal occurrence. (Note: Statistical feature correlation, not verified physical causality)."
22ad4501b8,8.39316,80.45707,AGRICULTURAL_FIRE,MODERATE,5.25,340.53,N21,2026-09-09 13:33:00 IST,3,FAC-007,Bhilai Steel Complex,industrial,1426.384,LOW,LOW,CL-0192,3,1.0,CL-0192 (3 hotspots),0.88,None (Open / Rural Area),,AGRICULTURAL_FIRE,0.9978,"Event labeled as AGRICULTURAL_FIRE primarily based on: rural coordinates beyond active industrial buffers; low-intensity thermal signature (5.2 MW); repeated temporal persistence (3 recorded events). (Note: Statistical feature correlation, not verified physical causality)."
f49eb63cc6,8.39369,80.46064,AGRICULTURAL_FIRE,MODERATE,5.74,337.38,N21,2026-09-09 13:33:00 IST,3,FAC-007,Bhilai Steel Complex,industrial,1426.298,LOW,LOW,CL-0192,3,1.0,CL-0192 (3 hotspots),0.88,None (Open / Rural Area),,AGRICULTURAL_FIRE,0.9978,"Event labeled as AGRICULTURAL_FIRE primarily based on: rural coordinates beyond active industrial buffers; low-intensity thermal signature (5.7 MW); repeated temporal persistence (3 recorded events). (Note: Statistical feature correlation, not verified physical causality)."
803417ba93,8.394,80.32594,AGRICULTURAL_FIRE,MODERATE,3.14,337.38,N21,2026-09-09 13:33:00 IST,1,FAC-007,Bhilai Steel Complex,industrial,1427.335,LOW,LOW,NOISE,1,1.0,NOISE (1 hotspot),0.88,None (Open / Rural Area),,AGRICULTURAL_FIRE,0.9927,"Event labeled as AGRICULTURAL_FIRE primarily based on: rural coordinates beyond active industrial buffers; low-intensity thermal signature (3.1 MW); isolated/spontaneous thermal occurrence. (Note: Statistical feature correlation, not verified physical causality)."
d9186497ba,8.39425,81.07808,AGRICULTURAL_FIRE,MODERATE,4.59,337.28,N21,2026-09-09 13:33:00 IST,1,FAC-007,Bhilai Steel Complex,industrial,1423.193,LOW,LOW,NOISE,1,1.0,NOISE (1 hotspot),0.88,None (Open / Rural Area),,AGRICULTURAL_FIRE,0.9927,"Event labeled as AGRICULTURAL_FIRE primarily based on: rural coordinates beyond active industrial buffers; low-intensity thermal signature (4.6 MW); isolated/spontaneous thermal occurrence. (Note: Statistical feature correlation, not verified physical causality)."
fa10de91d6,8.39704,80.46014,AGRICULTURAL_FIRE,MODERATE,1.97,334.39,N21,2026-09-09 13:33:00 IST,3,FAC-007,Bhilai Steel Complex,industrial,1425.93,LOW,LOW,CL-0192,3,1.0,CL-0192 (3 hotspots),0.88,None (Open / Rural Area),,AGRICULTURAL_FIRE,0.9978,"Event labeled as AGRICULTURAL_FIRE primarily based on: rural coordinates beyond active industrial buffers; low-intensity thermal signature (2.0 MW); repeated temporal persistence (3 recorded events). (Note: Statistical feature correlation, not verified physical causality)."
a6e504f4f2,8.40413,80.21223,AGRICULTURAL_FIRE,MODERATE,3.67,336.1,N21,2026-09-09 13:33:00 IST,1,FAC-007,Bhilai Steel Complex,industrial,1427.23,LOW,LOW,NOISE,1,1.0,NOISE (1 hotspot),0.88,None (Open / Rural Area),,AGRICULTURAL_FIRE,0.9879,"Event labeled as AGRICULTURAL_FIRE primarily based on: rural coordinates beyond active industrial buffers; low-intensity thermal signature (3.7 MW); isolated/spontaneous thermal occurrence. (Note: Statistical feature correlation, not verified physical causality)."
8ac990778e,8.41992,80.63644,AGRICULTURAL_FIRE,MODERATE,4.72,340.67,N21,2026-09-09 13:33:00 IST,1,FAC-007,Bhilai Steel Complex,industrial,1422.207,LOW,LOW,NOISE,1,1.0,NOISE (1 hotspot),0.88,None (Open / Rural Area),,AGRICULTURAL_FIRE,0.9927,"Event labeled as AGRICULTURAL_FIRE primarily based on: rural coordinates beyond active industrial buffers; low-intensity thermal signature (4.7 MW); isolated/spontaneous thermal occurrence. (Note: Statistical feature correlation, not verified physical causality)."
30311b9b6c,8.46006,80.59005,AGRICULTURAL_FIRE,MODERATE,3.04,332.07,N21,2026-09-09 13:33:00 IST,1,FAC-007,Bhilai Steel Complex,industrial,1418.039,LOW,LOW,NOISE,1,1.0,NOISE (1 hotspot),0.88,None (Open / Rural Area),,AGRICULTURAL_FIRE,0.9813,"Event labeled as AGRICULTURAL_FIRE primarily based on: rural coordinates beyond active industrial buffers; low-intensity thermal signature (3.0 MW); isolated/spontaneous thermal occurrence. (Note: Statistical feature correlation, not verified physical causality)."
46f919d956,8.46511,80.77786,AGRICULTURAL_FIRE,MODERATE,5.62,337.32,N21,2026-09-09 13:33:00 IST,1,FAC-007,Bhilai Steel Complex,industrial,1416.417,LOW,LOW,NOISE,1,1.0,NOISE (1 hotspot),0.88,None (Open / Rural Area),,AGRICULTURAL_FIRE,0.9927,"Event labeled as AGRICULTURAL_FIRE primarily based on: rural coordinates beyond active industrial buffers; low-intensity thermal signature (5.6 MW); isolated/spontaneous thermal occurrence. (Note: Statistical feature correlation, not verified physical causality)."
09c2c434b3,8.47588,80.48859,AGRICULTURAL_FIRE,MODERATE,3.31,336.08,N21,2026-09-09 13:33:00 IST,1,FAC-007,Bhilai Steel Complex,industrial,1416.975,LOW,LOW,NOISE,1,1.0,NOISE (1 hotspot),0.88,None (Open / Rural Area),,AGRICULTURAL_FIRE,0.9879,"Event labeled as AGRICULTURAL_FIRE primarily based on: rural coordinates beyond active industrial buffers; low-intensity thermal signature (3.3 MW); isolated/spontaneous thermal occurrence. (Note: Statistical feature correlation, not verified physical causality)."
bd8c6c23cb,8.48642,80.65241,AGRICULTURAL_FIRE,MODERATE,5.66,341.57,N21,2026-09-09 13:33:00 IST,1,FAC-007,Bhilai Steel Complex,industrial,1414.728,LOW,LOW,NOISE,1,1.0,NOISE (1 hotspot),0.88,None (Open / Rural Area),,AGRICULTURAL_FIRE,0.9882,"Event labeled as AGRICULTURAL_FIRE primarily based on: rural coordinates beyond active industrial buffers; low-intensity thermal signature (5.7 MW); isolated/spontaneous thermal occurrence. (Note: Statistical feature correlation, not verified physical causality)."
620b85317c,8.48669,80.77114,AGRICULTURAL_FIRE,MODERATE,3.38,337.06,N21,2026-09-09 13:33:00 IST,1,FAC-007,Bhilai Steel Complex,industrial,1414.053,LOW,LOW,NOISE,1,1.0,NOISE (1 hotspot),0.88,None (Open / Rural Area),,AGRICULTURAL_FIRE,0.9927,"Event labeled as AGRICULTURAL_FIRE primarily based on: rural coordinates beyond active industrial buffers; low-intensity thermal signature (3.4 MW); isolated/spontaneous thermal occurrence. (Note: Statistical feature correlation, not verified physical causality)."
5acb851e0e,8.49611,80.78838,AGRICULTURAL_FIRE,MODERATE,3.03,341.81,N21,2026-09-09 13:33:00 IST,1,FAC-007,Bhilai Steel Complex,industrial,1412.923,LOW,LOW,NOISE,1,1.0,NOISE (1 hotspot),0.88,None (Open / Rural Area),,AGRICULTURAL_FIRE,0.9882,"Event labeled as AGRICULTURAL_FIRE primarily based on: rural coordinates beyond active industrial buffers; low-intensity thermal signature (3.0 MW); isolated/spontaneous thermal occurrence. (Note: Statistical feature correlation, not verified physical causality)."
935160af77,8.49775,80.1795,AGRICULTURAL_FIRE,MODERATE,7.5,336.54,N21,2026-09-09 13:33:00 IST,2,FAC-007,Bhilai Steel Complex,industrial,1417.173,LOW,LOW,NOISE,1,1.0,NOISE (1 hotspot),0.88,None (Open / Rural Area),,AGRICULTURAL_FIRE,0.9889,"Event labeled as AGRICULTURAL_FIRE primarily based on: rural coordinates beyond active industrial buffers; low-intensity thermal signature (7.5 MW); isolated/spontaneous thermal occurrence. (Note: Statistical feature correlation, not verified physical causality)."
5ddd906499,8.50176,80.36421,AGRICULTURAL_FIRE,MODERATE,4.89,337.16,N21,2026-09-09 13:33:00 IST,1,FAC-007,Bhilai Steel Complex,industrial,1415.067,LOW,LOW,NOISE,1,1.0,NOISE (1 hotspot),0.88,None (Open / Rural Area),,AGRICULTURAL_FIRE,0.9927,"Event labeled as AGRICULTURAL_FIRE primarily based on: rural coordinates beyond active industrial buffers; low-intensity thermal signature (4.9 MW); isolated/spontaneous thermal occurrence. (Note: Statistical feature correlation, not verified physical causality)."
a3612dce97,8.50499,80.63855,AGRICULTURAL_FIRE,MODERATE,5.95,339.79,N21,2026-09-09 13:33:00 IST,1,FAC-007,Bhilai Steel Complex,industrial,1412.749,LOW,LOW,NOISE,1,1.0,NOISE (1 hotspot),0.88,None (Open / Rural Area),,AGRICULTURAL_FIRE,0.9927,"Event labeled as AGRICULTURAL_FIRE primarily based on: rural coordinates beyond active industrial buffers; low-intensity thermal signature (6.0 MW); isolated/spontaneous thermal occurrence. (Note: Statistical feature correlation, not verified physical causality)."
0d85bc02dd,8.50921,80.50553,AGRICULTURAL_FIRE,MODERATE,3.12,332.43,N21,2026-09-09 13:33:00 IST,2,FAC-007,Bhilai Steel Complex,industrial,1413.155,LOW,LOW,CL-0193,2,1.0,CL-0193 (2 hotspots),0.88,None (Open / Rural Area),,AGRICULTURAL_FIRE,0.9889,"Event labeled as AGRICULTURAL_FIRE primarily based on: rural coordinates beyond active industrial buffers; low-intensity thermal signature (3.1 MW); isolated/spontaneous thermal occurrence. (Note: Statistical feature correlation, not verified physical causality)."
774376ad8c,8.50975,80.50912,AGRICULTURAL_FIRE,MODERATE,3.69,336.27,N21,2026-09-09 13:33:00 IST,2,FAC-007,Bhilai Steel Complex,industrial,1413.07,LOW,LOW,CL-0193,2,1.0,CL-0193 (2 hotspots),0.88,None (Open / Rural Area),,AGRICULTURAL_FIRE,0.9889,"Event labeled as AGRICULTURAL_FIRE primarily based on: rural coordinates beyond active industrial buffers; low-intensity thermal signature (3.7 MW); isolated/spontaneous thermal occurrence. (Note: Statistical feature correlation, not verified physical causality)."
e0f7cb26ef,8.51185,80.61539,AGRICULTURAL_FIRE,MODERATE,0.95,334.94,N21,2026-09-09 13:33:00 IST,1,FAC-007,Bhilai Steel Complex,industrial,1412.129,LOW,LOW,NOISE,1,1.0,NOISE (1 hotspot),0.88,None (Open / Rural Area),,AGRICULTURAL_FIRE,0.9796,"Event labeled as AGRICULTURAL_FIRE primarily based on: rural coordinates beyond active industrial buffers; low-intensity thermal signature (0.9 MW); isolated/spontaneous thermal occurrence. (Note: Statistical feature correlation, not verified physical causality)."
83f82e4b5c,8.52244,80.34608,AGRICULTURAL_FIRE,MODERATE,1.78,330.05,N21,2026-09-09 13:33:00 IST,2,FAC-007,Bhilai Steel Complex,industrial,1412.925,LOW,LOW,CL-0194,2,1.0,CL-0194 (2 hotspots),0.88,None (Open / Rural Area),,AGRICULTURAL_FIRE,0.9889,"Event labeled as AGRICULTURAL_FIRE primarily based on: rural coordinates beyond active industrial buffers; low-intensity thermal signature (1.8 MW); isolated/spontaneous thermal occurrence. (Note: Statistical feature correlation, not verified physical causality)."
837083fbbb,8.52311,80.78428,AGRICULTURAL_FIRE,MODERATE,5.22,338.29,N21,2026-09-09 13:33:00 IST,1,FAC-007,Bhilai Steel Complex,industrial,1409.943,LOW,LOW,NOISE,1,1.0,NOISE (1 hotspot),0.88,None (Open / Rural Area),,AGRICULTURAL_FIRE,0.9927,"Event labeled as AGRICULTURAL_FIRE primarily based on: rural coordinates beyond active industrial buffers; low-intensity thermal signature (5.2 MW); isolated/spontaneous thermal occurrence. (Note: Statistical feature correlation, not verified physical causality)."
8de5111599,8.52577,80.34558,AGRICULTURAL_FIRE,MODERATE,1.78,331.74,N21,2026-09-09 13:33:00 IST,2,FAC-007,Bhilai Steel Complex,industrial,1412.56,LOW,LOW,CL-0194,2,1.0,CL-0194 (2 hotspots),0.88,None (Open / Rural Area),,AGRICULTURAL_FIRE,0.9889,"Event labeled as AGRICULTURAL_FIRE primarily based on: rural coordinates beyond active industrial buffers; low-intensity thermal signature (1.8 MW); isolated/spontaneous thermal occurrence. (Note: Statistical feature correlation, not verified physical causality)."
65056adf11,8.53091,80.51325,AGRICULTURAL_FIRE,MODERATE,6.26,339.52,N21,2026-09-09 13:33:00 IST,1,FAC-007,Bhilai Steel Complex,industrial,1410.692,LOW,LOW,NOISE,1,1.0,NOISE (1 hotspot),0.88,None (Open / Rural Area),,AGRICULTURAL_FIRE,0.9927,"Event labeled as AGRICULTURAL_FIRE primarily based on: rural coordinates beyond active industrial buffers; low-intensity thermal signature (6.3 MW); isolated/spontaneous thermal occurrence. (Note: Statistical feature correlation, not verified physical causality)."
4c62a2d054,8.55865,80.4062,AGRICULTURAL_FIRE,MODERATE,9.1,347.73,N21,2026-09-09 13:33:00 IST,1,FAC-007,Bhilai Steel Complex,industrial,1408.418,LOW,LOW,NOISE,1,1.0,NOISE (1 hotspot),0.88,None (Open / Rural Area),,AGRICULTURAL_FIRE,0.9658,"Event labeled as AGRICULTURAL_FIRE primarily based on: rural coordinates beyond active industrial buffers; low-intensity thermal signature (9.1 MW); isolated/spontaneous thermal occurrence. (Note: Statistical feature correlation, not verified physical causality)."
3f3b0d27ed,8.5593,80.63408,AGRICULTURAL_FIRE,MODERATE,4.4,337.08,N21,2026-09-09 13:33:00 IST,2,FAC-007,Bhilai Steel Complex,industrial,1406.746,LOW,LOW,CL-0195,2,1.0,CL-0195 (2 hotspots),0.88,None (Open / Rural Area),,AGRICULTURAL_FIRE,0.9937,"Event labeled as AGRICULTURAL_FIRE primarily based on: rural coordinates beyond active industrial buffers; low-intensity thermal signature (4.4 MW); isolated/spontaneous thermal occurrence. (Note: Statistical feature correlation, not verified physical causality)."
4f4ac77f3d,8.56206,80.8607,AGRICULTURAL_FIRE,MODERATE,5.96,343.07,N21,2026-09-09 13:33:00 IST,1,FAC-007,Bhilai Steel Complex,industrial,1405.268,LOW,LOW,NOISE,1,1.0,NOISE (1 hotspot),0.88,None (Open / Rural Area),,AGRICULTURAL_FIRE,0.9882,"Event labeled as AGRICULTURAL_FIRE primarily based on: rural coordinates beyond active industrial buffers; low-intensity thermal signature (6.0 MW); isolated/spontaneous thermal occurrence. (Note: Statistical feature correlation, not verified physical causality)."
64f74f50bb,8.56266,80.63358,AGRICULTURAL_FIRE,MODERATE,4.4,337.53,N21,2026-09-09 13:33:00 IST,2,FAC-007,Bhilai Steel Complex,industrial,1406.376,LOW,LOW,CL-0195,2,1.0,CL-0195 (2 hotspots),0.88,None (Open / Rural Area),,AGRICULTURAL_FIRE,0.9937,"Event labeled as AGRICULTURAL_FIRE primarily based on: rural coordinates beyond active industrial buffers; low-intensity thermal signature (4.4 MW); isolated/spontaneous thermal occurrence. (Note: Statistical feature correlation, not verified physical causality)."
49634cb5c6,8.56272,80.84184,AGRICULTURAL_FIRE,MODERATE,4.72,339.67,N21,2026-09-09 13:33:00 IST,1,FAC-007,Bhilai Steel Complex,industrial,1405.276,LOW,LOW,NOISE,1,1.0,NOISE (1 hotspot),0.88,None (Open / Rural Area),,AGRICULTURAL_FIRE,0.9927,"Event labeled as AGRICULTURAL_FIRE primarily based on: rural coordinates beyond active industrial buffers; low-intensity thermal signature (4.7 MW); isolated/spontaneous thermal occurrence. (Note: Statistical feature correlation, not verified physical causality)."
8ab092e9fd,8.5631,80.55207,AGRICULTURAL_FIRE,MODERATE,2.85,336.45,N21,2026-09-09 13:33:00 IST,3,FAC-007,Bhilai Steel Complex,industrial,1406.852,LOW,LOW,CL-0196,5,1.0,CL-0196 (5 hotspots),0.88,None (Open / Rural Area),,AGRICULTURAL_FIRE,0.9978,"Event labeled as AGRICULTURAL_FIRE primarily based on: rural coordinates beyond active industrial buffers; low-intensity thermal signature (2.9 MW); repeated temporal persistence (3 recorded events). (Note: Statistical feature correlation, not verified physical causality)."
19971d1e8d,8.56363,80.55566,AGRICULTURAL_FIRE,MODERATE,2.85,335.76,N21,2026-09-09 13:33:00 IST,3,FAC-007,Bhilai Steel Complex,industrial,1406.769,LOW,LOW,CL-0196,5,1.0,CL-0196 (5 hotspots),0.88,None (Open / Rural Area),,AGRICULTURAL_FIRE,0.9978,"Event labeled as AGRICULTURAL_FIRE primarily based on: rural coordinates beyond active industrial buffers; low-intensity thermal signature (2.9 MW); repeated temporal persistence (3 recorded events). (Note: Statistical feature correlation, not verified physical causality)."
202549cb4a,8.56699,80.55515,AGRICULTURAL_FIRE,MODERATE,8.69,348.96,N21,2026-09-09 13:33:00 IST,3,FAC-007,Bhilai Steel Complex,industrial,1406.399,LOW,LOW,CL-0196,5,1.0,CL-0196 (5 hotspots),0.88,None (Open / Rural Area),,AGRICULTURAL_FIRE,0.9837,"Event labeled as AGRICULTURAL_FIRE primarily based on: rural coordinates beyond active industrial buffers; low-intensity thermal signature (8.7 MW); repeated temporal persistence (3 recorded events). (Note: Statistical feature correlation, not verified physical causality)."
359baef721,8.56752,80.55875,AGRICULTURAL_FIRE,MODERATE,3.03,338.76,N21,2026-09-09 13:33:00 IST,2,FAC-007,Bhilai Steel Complex,industrial,1406.316,LOW,LOW,CL-0196,5,1.0,CL-0196 (5 hotspots),0.88,None (Open / Rural Area),,AGRICULTURAL_FIRE,0.9937,"Event labeled as AGRICULTURAL_FIRE primarily based on: rural coordinates beyond active industrial buffers; low-intensity thermal signature (3.0 MW); isolated/spontaneous thermal occurrence. (Note: Statistical feature correlation, not verified physical causality)."
568a3c4c70,8.57087,80.55824,AGRICULTURAL_FIRE,MODERATE,3.03,333.51,N21,2026-09-09 13:33:00 IST,2,FAC-007,Bhilai Steel Complex,industrial,1405.948,LOW,LOW,CL-0196,5,1.0,CL-0196 (5 hotspots),0.88,None (Open / Rural Area),,AGRICULTURAL_FIRE,0.9889,"Event labeled as AGRICULTURAL_FIRE primarily based on: rural coordinates beyond active industrial buffers; low-intensity thermal signature (3.0 MW); isolated/spontaneous thermal occurrence. (Note: Statistical feature correlation, not verified physical causality)."
a8eac73c06,8.58575,80.85715,AGRICULTURAL_FIRE,MODERATE,4.54,338.77,N21,2026-09-09 13:33:00 IST,1,FAC-007,Bhilai Steel Complex,industrial,1402.651,LOW,LOW,NOISE,1,1.0,NOISE (1 hotspot),0.88,None (Open / Rural Area),,AGRICULTURAL_FIRE,0.9927,"Event labeled as AGRICULTURAL_FIRE primarily based on: rural coordinates beyond active industrial buffers; low-intensity thermal signature (4.5 MW); isolated/spontaneous thermal occurrence. (Note: Statistical feature correlation, not verified physical causality)."
d0b6e1bce1,8.59394,80.6915,AGRICULTURAL_FIRE,MODERATE,4.65,336.15,N21,2026-09-09 13:33:00 IST,1,FAC-007,Bhilai Steel Complex,industrial,1402.563,LOW,LOW,NOISE,1,1.0,NOISE (1 hotspot),0.88,None (Open / Rural Area),,AGRICULTURAL_FIRE,0.9879,"Event labeled as AGRICULTURAL_FIRE primarily based on: rural coordinates beyond active industrial buffers; low-intensity thermal signature (4.7 MW); isolated/spontaneous thermal occurrence. (Note: Statistical feature correlation, not verified physical causality)."
be3acb8e93,8.5964,80.66146,AGRICULTURAL_FIRE,MODERATE,3.97,339.12,N21,2026-09-09 13:33:00 IST,1,FAC-007,Bhilai Steel Complex,industrial,1402.463,LOW,LOW,NOISE,1,1.0,NOISE (1 hotspot),0.88,None (Open / Rural Area),,AGRICULTURAL_FIRE,0.9927,"Event labeled as AGRICULTURAL_FIRE primarily based on: rural coordinates beyond active industrial buffers; low-intensity thermal signature (4.0 MW); isolated/spontaneous thermal occurrence. (Note: Statistical feature correlation, not verified physical causality)."
19ac9d3bcd,8.60062,80.85469,AGRICULTURAL_FIRE,MODERATE,5.44,336.05,N21,2026-09-09 13:33:00 IST,1,FAC-007,Bhilai Steel Complex,industrial,1401.009,LOW,LOW,NOISE,1,1.0,NOISE (1 hotspot),0.88,None (Open / Rural Area),,AGRICULTURAL_FIRE,0.9879,"Event labeled as AGRICULTURAL_FIRE primarily based on: rural coordinates beyond active industrial buffers; low-intensity thermal signature (5.4 MW); isolated/spontaneous thermal occurrence. (Note: Statistical feature correlation, not verified physical causality)."
1f9b328b7c,8.60524,80.83898,AGRICULTURAL_FIRE,MODERATE,8.03,343.16,N21,2026-09-09 13:33:00 IST,1,FAC-007,Bhilai Steel Complex,industrial,1400.565,LOW,LOW,NOISE,1,1.0,NOISE (1 hotspot),0.88,None (Open / Rural Area),,AGRICULTURAL_FIRE,0.9825,"Event labeled as AGRICULTURAL_FIRE primarily based on: rural coordinates beyond active industrial buffers; low-intensity thermal signature (8.0 MW); isolated/spontaneous thermal occurrence. (Note: Statistical feature correlation, not verified physical causality)."
3f3752a01f,8.60604,77.9667,AGRICULTURAL_FIRE,MODERATE,13.51,337.74,N21,2026-09-09 13:33:00 IST,2,FAC-007,Bhilai Steel Complex,industrial,1446.32,LOW,LOW,CL-0089,2,1.0,CL-0089 (2 hotspots),0.88,None (Open / Rural Area),,AGRICULTURAL_FIRE,0.9937,"Event labeled as AGRICULTURAL_FIRE primarily based on: rural coordinates beyond active industrial buffers; low-intensity thermal signature (13.5 MW); isolated/spontaneous thermal occurrence. (Note: Statistical feature correlation, not verified physical causality)."
05f604de72,8.60838,80.37315,AGRICULTURAL_FIRE,MODERATE,4.58,338.16,N21,2026-09-09 13:33:00 IST,1,FAC-007,Bhilai Steel Complex,industrial,1403.171,LOW,LOW,CL-0197,2,1.0,CL-0197 (2 hotspots),0.88,None (Open / Rural Area),,AGRICULTURAL_FIRE,0.9927,"Event labeled as AGRICULTURAL_FIRE primarily based on: rural coordinates beyond active industrial buffers; low-intensity thermal signature (4.6 MW); isolated/spontaneous thermal occurrence. (Note: Statistical feature correlation, not verified physical causality)."
143fa19792,8.61144,80.41646,AGRICULTURAL_FIRE,MODERATE,4.07,340.46,N21,2026-09-09 13:33:00 IST,2,FAC-007,Bhilai Steel Complex,industrial,1402.482,LOW,LOW,CL-0198,2,1.0,CL-0198 (2 hotspots),0.88,None (Open / Rural Area),,AGRICULTURAL_FIRE,0.9937,"Event labeled as AGRICULTURAL_FIRE primarily based on: rural coordinates beyond active industrial buffers; low-intensity thermal signature (4.1 MW); isolated/spontaneous thermal occurrence. (Note: Statistical feature correlation, not verified physical causality)."
994caf8b7f,8.61351,80.61445,AGRICULTURAL_FIRE,MODERATE,4.42,336.58,N21,2026-09-09 13:33:00 IST,1,FAC-007,Bhilai Steel Complex,industrial,1400.849,LOW,LOW,NOISE,1,1.0,NOISE (1 hotspot),0.88,None (Open / Rural Area),,AGRICULTURAL_FIRE,0.9879,"Event labeled as AGRICULTURAL_FIRE primarily based on: rural coordinates beyond active industrial buffers; low-intensity thermal signature (4.4 MW); isolated/spontaneous thermal occurrence. (Note: Statistical feature correlation, not verified physical causality)."
8749d4e6c3,8.61532,80.41953,AGRICULTURAL_FIRE,MODERATE,4.02,339.38,N21,2026-09-09 13:33:00 IST,2,FAC-007,Bhilai Steel Complex,industrial,1402.028,LOW,LOW,CL-0198,2,1.0,CL-0198 (2 hotspots),0.88,None (Open / Rural Area),,AGRICULTURAL_FIRE,0.9937,"Event labeled as AGRICULTURAL_FIRE primarily based on: rural coordinates beyond active industrial buffers; low-intensity thermal signature (4.0 MW); isolated/spontaneous thermal occurrence. (Note: Statistical feature correlation, not verified physical causality)."
68df0aa359,8.62361,80.52087,AGRICULTURAL_FIRE,MODERATE,3.33,334.6,N21,2026-09-09 13:33:00 IST,1,FAC-007,Bhilai Steel Complex,industrial,1400.352,LOW,LOW,NOISE,1,1.0,NOISE (1 hotspot),0.88,None (Open / Rural Area),,AGRICULTURAL_FIRE,0.9879,"Event labeled as AGRICULTURAL_FIRE primarily based on: rural coordinates beyond active industrial buffers; low-intensity thermal signature (3.3 MW); isolated/spontaneous thermal occurrence. (Note: Statistical feature correlation, not verified physical causality)."
95727f6ce1,8.64033,81.07941,AGRICULTURAL_FIRE,MODERATE,5.66,345.07,N21,2026-09-09 13:33:00 IST,1,FAC-007,Bhilai Steel Complex,industrial,1395.833,LOW,LOW,NOISE,1,1.0,NOISE (1 hotspot),0.88,None (Open / Rural Area),,AGRICULTURAL_FIRE,0.9882,"Event labeled as AGRICULTURAL_FIRE primarily based on: rural coordinates beyond active industrial buffers; low-intensity thermal signature (5.7 MW); isolated/spontaneous thermal occurrence. (Note: Statistical feature correlation, not verified physical causality)."
ab4f6e61ea,8.64299,80.74363,AGRICULTURAL_FIRE,MODERATE,5.54,337.9,N21,2026-09-09 13:33:00 IST,1,FAC-007,Bhilai Steel Complex,industrial,1396.832,LOW,LOW,NOISE,1,1.0,NOISE (1 hotspot),0.88,None (Open / Rural Area),,AGRICULTURAL_FIRE,0.9927,"Event labeled as AGRICULTURAL_FIRE primarily based on: rural coordinates beyond active industrial buffers; low-intensity thermal signature (5.5 MW); isolated/spontaneous thermal occurrence. (Note: Statistical feature correlation, not verified physical causality)."
d04bfeaf57,8.64597,80.90429,AGRICULTURAL_FIRE,MODERATE,5.05,335.23,N21,2026-09-09 13:33:00 IST,1,FAC-007,Bhilai Steel Complex,industrial,1395.766,LOW,LOW,NOISE,1,1.0,NOISE (1 hotspot),0.88,None (Open / Rural Area),,AGRICULTURAL_FIRE,0.9879,"Event labeled as AGRICULTURAL_FIRE primarily based on: rural coordinates beyond active industrial buffers; low-intensity thermal signature (5.0 MW); isolated/spontaneous thermal occurrence. (Note: Statistical feature correlation, not verified physical causality)."
9cdfb0904e,8.6525,80.42069,AGRICULTURAL_FIRE,MODERATE,6.18,340.31,N21,2026-09-09 13:33:00 IST,1,FAC-007,Bhilai Steel Complex,industrial,1397.895,LOW,LOW,CL-0199,2,1.0,CL-0199 (2 hotspots),0.88,None (Open / Rural Area),,AGRICULTURAL_FIRE,0.9927,"Event labeled as AGRICULTURAL_FIRE primarily based on: rural coordinates beyond active industrial buffers; low-intensity thermal signature (6.2 MW); isolated/spontaneous thermal occurrence. (Note: Statistical feature correlation, not verified physical causality)."
fa2c4bade0,8.65355,80.42785,AGRICULTURAL_FIRE,MODERATE,4.18,333.72,N21,2026-09-09 13:33:00 IST,1,FAC-007,Bhilai Steel Complex,industrial,1397.722,LOW,LOW,CL-0199,2,1.0,CL-0199 (2 hotspots),0.88,None (Open / Rural Area),,AGRICULTURAL_FIRE,0.9879,"Event labeled as AGRICULTURAL_FIRE primarily based on: rural coordinates beyond active industrial buffers; low-intensity thermal signature (4.2 MW); isolated/spontaneous thermal occurrence. (Note: Statistical feature correlation, not verified physical causality)."
7aa5eeb9fe,8.664,80.69955,AGRICULTURAL_FIRE,MODERATE,1.78,335.59,N21,2026-09-09 13:33:00 IST,1,FAC-007,Bhilai Steel Complex,industrial,1394.738,LOW,LOW,NOISE,1,1.0,NOISE (1 hotspot),0.88,None (Open / Rural Area),,AGRICULTURAL_FIRE,0.9879,"Event labeled as AGRICULTURAL_FIRE primarily based on: rural coordinates beyond active industrial buffers; low-intensity thermal signature (1.8 MW); isolated/spontaneous thermal occurrence. (Note: Statistical feature correlation, not verified physical causality)."
5b73b3a064,8.67209,80.55353,AGRICULTURAL_FIRE,MODERATE,6.39,343.05,N21,2026-09-09 13:33:00 IST,1,FAC-007,Bhilai Steel Complex,industrial,1394.746,LOW,LOW,NOISE,1,1.0,NOISE (1 hotspot),0.88,None (Open / Rural Area),,AGRICULTURAL_FIRE,0.9882,"Event labeled as AGRICULTURAL_FIRE primarily based on: rural coordinates beyond active industrial buffers; low-intensity thermal signature (6.4 MW); isolated/spontaneous thermal occurrence. (Note: Statistical feature correlation, not verified physical causality)."
0a979979ad,8.67923,80.80169,AGRICULTURAL_FIRE,MODERATE,6.54,340.78,N21,2026-09-09 13:33:00 IST,1,FAC-007,Bhilai Steel Complex,industrial,1392.516,LOW,LOW,NOISE,1,1.0,NOISE (1 hotspot),0.88,None (Open / Rural Area),,AGRICULTURAL_FIRE,0.9927,"Event labeled as AGRICULTURAL_FIRE primarily based on: rural coordinates beyond active industrial buffers; low-intensity thermal signature (6.5 MW); isolated/spontaneous thermal occurrence. (Note: Statistical feature correlation, not verified physical causality)."
9f67025bd6,8.68907,80.36769,AGRICULTURAL_FIRE,MODERATE,6.36,338.31,N21,2026-09-09 13:33:00 IST,2,FAC-007,Bhilai Steel Complex,industrial,1394.27,LOW,LOW,CL-0200,2,1.0,CL-0200 (2 hotspots),0.88,None (Open / Rural Area),,AGRICULTURAL_FIRE,0.9937,"Event labeled as AGRICULTURAL_FIRE primarily based on: rural coordinates beyond active industrial buffers; low-intensity thermal signature (6.4 MW); isolated/spontaneous thermal occurrence. (Note: Statistical feature correlation, not verified physical causality)."
15f0624585,8.69013,80.37483,AGRICULTURAL_FIRE,MODERATE,7.54,338.78,N21,2026-09-09 13:33:00 IST,2,FAC-007,Bhilai Steel Complex,industrial,1394.093,LOW,LOW,CL-0200,2,1.0,CL-0200 (2 hotspots),0.88,None (Open / Rural Area),,AGRICULTURAL_FIRE,0.9937,"Event labeled as AGRICULTURAL_FIRE primarily based on: rural coordinates beyond active industrial buffers; low-intensity thermal signature (7.5 MW); isolated/spontaneous thermal occurrence. (Note: Statistical feature correlation, not verified physical causality)."
640612f817,8.69385,80.807,AGRICULTURAL_FIRE,MODERATE,3.79,334.41,N21,2026-09-09 13:33:00 IST,1,FAC-007,Bhilai Steel Complex,industrial,1390.867,LOW,LOW,NOISE,1,1.0,NOISE (1 hotspot),0.88,None (Open / Rural Area),,AGRICULTURAL_FIRE,0.9879,"Event labeled as AGRICULTURAL_FIRE primarily based on: rural coordinates beyond active industrial buffers; low-intensity thermal signature (3.8 MW); isolated/spontaneous thermal occurrence. (Note: Statistical feature correlation, not verified physical causality)."
6b5ce114c1,8.78941,80.811,AGRICULTURAL_FIRE,MODERATE,3.56,332.23,N21,2026-09-09 13:33:00 IST,1,FAC-007,Bhilai Steel Complex,industrial,1380.232,LOW,LOW,NOISE,1,1.0,NOISE (1 hotspot),0.88,None (Open / Rural Area),,AGRICULTURAL_FIRE,0.9813,"Event labeled as AGRICULTURAL_FIRE primarily based on: rural coordinates beyond active industrial buffers; low-intensity thermal signature (3.6 MW); isolated/spontaneous thermal occurrence. (Note: Statistical feature correlation, not verified physical causality)."
fd53102426,8.8199,80.84442,AGRICULTURAL_FIRE,MODERATE,13.69,346.39,N21,2026-09-09 13:33:00 IST,1,FAC-007,Bhilai Steel Complex,industrial,1376.691,LOW,LOW,NOISE,1,1.0,NOISE (1 hotspot),0.88,None (Open / Rural Area),,AGRICULTURAL_FIRE,0.973,"Event labeled as AGRICULTURAL_FIRE primarily based on: rural coordinates beyond active industrial buffers; low-intensity thermal signature (13.7 MW); isolated/spontaneous thermal occurrence. (Note: Statistical feature correlation, not verified physical causality)."
051b51c295,8.83599,80.62523,AGRICULTURAL_FIRE,MODERATE,8.65,349.03,N21,2026-09-09 13:33:00 IST,1,FAC-007,Bhilai Steel Complex,industrial,1376.084,LOW,LOW,NOISE,1,1.0,NOISE (1 hotspot),0.88,None (Open / Rural Area),,AGRICULTURAL_FIRE,0.9658,"Event labeled as AGRICULTURAL_FIRE primarily based on: rural coordinates beyond active industrial buffers; low-intensity thermal signature (8.7 MW); isolated/spontaneous thermal occurrence. (Note: Statistical feature correlation, not verified physical causality)."
1c28e72fc8,8.83667,80.60658,AGRICULTURAL_FIRE,MODERATE,2.12,332.05,N21,2026-09-09 13:33:00 IST,1,FAC-007,Bhilai Steel Complex,industrial,1376.127,LOW,LOW,NOISE,1,1.0,NOISE (1 hotspot),0.88,None (Open / Rural Area),,AGRICULTURAL_FIRE,0.9813,"Event labeled as AGRICULTURAL_FIRE primarily based on: rural coordinates beyond active industrial buffers; low-intensity thermal signature (2.1 MW); isolated/spontaneous thermal occurrence. (Note: Statistical feature correlation, not verified physical causality)."
5e98b10bd2,8.88022,80.30549,AGRICULTURAL_FIRE,MODERATE,2.92,335.32,N21,2026-09-09 13:33:00 IST,1,FAC-007,Bhilai Steel Complex,industrial,1373.619,LOW,LOW,NOISE,1,1.0,NOISE (1 hotspot),0.88,None (Open / Rural Area),,AGRICULTURAL_FIRE,0.9879,"Event labeled as AGRICULTURAL_FIRE primarily based on: rural coordinates beyond active industrial buffers; low-intensity thermal signature (2.9 MW); isolated/spontaneous thermal occurrence. (Note: Statistical feature correlation, not verified physical causality)."
0d30f224f5,8.91769,80.44263,AGRICULTURAL_FIRE,MODERATE,8.83,332.34,N21,2026-09-09 13:33:00 IST,1,FAC-007,Bhilai Steel Complex,industrial,1368.31,LOW,LOW,NOISE,1,1.0,NOISE (1 hotspot),0.88,None (Open / Rural Area),,AGRICULTURAL_FIRE,0.9756,"Event labeled as AGRICULTURAL_FIRE primarily based on: rural coordinates beyond active industrial buffers; low-intensity thermal signature (8.8 MW); isolated/spontaneous thermal occurrence. (Note: Statistical feature correlation, not verified physical causality)."
a3cfea3d26,8.93145,80.88777,AGRICULTURAL_FIRE,MODERATE,8.85,336.38,N21,2026-09-09 13:33:00 IST,2,FAC-007,Bhilai Steel Complex,industrial,1364.11,LOW,LOW,CL-0201,3,1.0,CL-0201 (3 hotspots),0.88,None (Open / Rural Area),,AGRICULTURAL_FIRE,0.9889,"Event labeled as AGRICULTURAL_FIRE primarily based on: rural coordinates beyond active industrial buffers; low-intensity thermal signature (8.8 MW); isolated/spontaneous thermal occurrence. (Note: Statistical feature correlation, not verified physical causality)."
9e8251b4ee,8.93199,80.89146,AGRICULTURAL_FIRE,MODERATE,7.65,349.36,N21,2026-09-09 13:33:00 IST,2,FAC-007,Bhilai Steel Complex,industrial,1364.035,LOW,LOW,CL-0201,3,1.0,CL-0201 (3 hotspots),0.88,None (Open / Rural Area),,AGRICULTURAL_FIRE,0.9649,"Event labeled as AGRICULTURAL_FIRE primarily based on: rural coordinates beyond active industrial buffers; low-intensity thermal signature (7.7 MW); isolated/spontaneous thermal occurrence. (Note: Statistical feature correlation, not verified physical causality)."
7be95ab33f,8.93253,80.89517,AGRICULTURAL_FIRE,MODERATE,7.65,338.83,N21,2026-09-09 13:33:00 IST,1,FAC-007,Bhilai Steel Complex,industrial,1363.96,LOW,LOW,CL-0201,3,1.0,CL-0201 (3 hotspots),0.88,None (Open / Rural Area),,AGRICULTURAL_FIRE,0.987,"Event labeled as AGRICULTURAL_FIRE primarily based on: rural coordinates beyond active industrial buffers; low-intensity thermal signature (7.7 MW); isolated/spontaneous thermal occurrence. (Note: Statistical feature correlation, not verified physical causality)."
fac469e474,8.94411,80.85565,AGRICULTURAL_FIRE,MODERATE,9.05,346.51,N21,2026-09-09 13:33:00 IST,3,FAC-007,Bhilai Steel Complex,industrial,1362.841,LOW,LOW,CL-0202,4,1.0,CL-0202 (4 hotspots),0.88,None (Open / Rural Area),,AGRICULTURAL_FIRE,0.9908,"Event labeled as AGRICULTURAL_FIRE primarily based on: rural coordinates beyond active industrial buffers; low-intensity thermal signature (9.1 MW); repeated temporal persistence (3 recorded events). (Note: Statistical feature correlation, not verified physical causality)."
e56a73b285,8.9469,80.68634,AGRICULTURAL_FIRE,MODERATE,2.42,331.82,N21,2026-09-09 13:33:00 IST,1,FAC-007,Bhilai Steel Complex,industrial,1363.399,LOW,LOW,CL-0203,2,1.0,CL-0203 (2 hotspots),0.88,None (Open / Rural Area),,AGRICULTURAL_FIRE,0.9813,"Event labeled as AGRICULTURAL_FIRE primarily based on: rural coordinates beyond active industrial buffers; low-intensity thermal signature (2.4 MW); isolated/spontaneous thermal occurrence. (Note: Statistical feature correlation, not verified physical causality)."
c1657b6654,8.9475,80.85514,AGRICULTURAL_FIRE,MODERATE,9.05,346.78,N21,2026-09-09 13:33:00 IST,3,FAC-007,Bhilai Steel Complex,industrial,1362.466,LOW,LOW,CL-0202,4,1.0,CL-0202 (4 hotspots),0.88,None (Open / Rural Area),,AGRICULTURAL_FIRE,0.9908,"Event labeled as AGRICULTURAL_FIRE primarily based on: rural coordinates beyond active industrial buffers; low-intensity thermal signature (9.1 MW); repeated temporal persistence (3 recorded events). (Note: Statistical feature correlation, not verified physical causality)."
2411a44341,8.94805,80.85883,AGRICULTURAL_FIRE,MODERATE,8.46,344.05,N21,2026-09-09 13:33:00 IST,2,FAC-007,Bhilai Steel Complex,industrial,1362.389,LOW,LOW,CL-0202,4,1.0,CL-0202 (4 hotspots),0.88,None (Open / Rural Area),,AGRICULTURAL_FIRE,0.9892,"Event labeled as AGRICULTURAL_FIRE primarily based on: rural coordinates beyond active industrial buffers; low-intensity thermal signature (8.5 MW); isolated/spontaneous thermal occurrence. (Note: Statistical feature correlation, not verified physical causality)."
9554b9609c,8.95716,80.75587,AGRICULTURAL_FIRE,MODERATE,6.01,336.91,N21,2026-09-09 13:33:00 IST,2,FAC-007,Bhilai Steel Complex,industrial,1361.874,LOW,LOW,CL-0204,2,1.0,CL-0204 (2 hotspots),0.88,None (Open / Rural Area),,AGRICULTURAL_FIRE,0.9937,"Event labeled as AGRICULTURAL_FIRE primarily based on: rural coordinates beyond active industrial buffers; low-intensity thermal signature (6.0 MW); isolated/spontaneous thermal occurrence. (Note: Statistical feature correlation, not verified physical causality)."
3691e742b5,8.9577,80.75955,AGRICULTURAL_FIRE,MODERATE,10.68,341.68,N21,2026-09-09 13:33:00 IST,2,FAC-007,Bhilai Steel Complex,industrial,1361.794,LOW,LOW,CL-0204,2,1.0,CL-0204 (2 hotspots),0.88,None (Open / Rural Area),,AGRICULTURAL_FIRE,0.9892,"Event labeled as AGRICULTURAL_FIRE primarily based on: rural coordinates beyond active industrial buffers; low-intensity thermal signature (10.7 MW); isolated/spontaneous thermal occurrence. (Note: Statistical feature correlation, not verified physical causality)."
962865d45d,8.95999,80.84571,AGRICULTURAL_FIRE,MODERATE,2.49,334.44,N21,2026-09-09 13:33:00 IST,1,FAC-007,Bhilai Steel Complex,industrial,1361.121,LOW,LOW,NOISE,1,1.0,NOISE (1 hotspot),0.88,None (Open / Rural Area),,AGRICULTURAL_FIRE,0.9879,"Event labeled as AGRICULTURAL_FIRE primarily based on: rural coordinates beyond active industrial buffers; low-intensity thermal signature (2.5 MW); isolated/spontaneous thermal occurrence. (Note: Statistical feature correlation, not verified physical causality)."
863ab41cb0,8.96852,80.73916,AGRICULTURAL_FIRE,MODERATE,3.68,337.65,N21,2026-09-09 13:33:00 IST,2,FAC-007,Bhilai Steel Complex,industrial,1360.701,LOW,LOW,CL-0205,2,1.0,CL-0205 (2 hotspots),0.88,None (Open / Rural Area),,AGRICULTURAL_FIRE,0.9854,"Event labeled as AGRICULTURAL_FIRE primarily based on: rural coordinates beyond active industrial buffers; low-intensity thermal signature (3.7 MW); isolated/spontaneous thermal occurrence. (Note: Statistical feature correlation, not verified physical causality)."
583fae1072,8.97044,80.89325,AGRICULTURAL_FIRE,MODERATE,4.5,337.32,N21,2026-09-09 13:33:00 IST,2,FAC-007,Bhilai Steel Complex,industrial,1359.755,LOW,LOW,CL-0206,2,1.0,CL-0206 (2 hotspots),0.88,None (Open / Rural Area),,AGRICULTURAL_FIRE,0.9937,"Event labeled as AGRICULTURAL_FIRE primarily based on: rural coordinates beyond active industrial buffers; low-intensity thermal signature (4.5 MW); isolated/spontaneous thermal occurrence. (Note: Statistical feature correlation, not verified physical causality)."
b546f97756,8.97153,80.90067,AGRICULTURAL_FIRE,MODERATE,3.86,334.79,N21,2026-09-09 13:33:00 IST,2,FAC-007,Bhilai Steel Complex,industrial,1359.604,LOW,LOW,CL-0206,2,1.0,CL-0206 (2 hotspots),0.88,None (Open / Rural Area),,AGRICULTURAL_FIRE,0.9889,"Event labeled as AGRICULTURAL_FIRE primarily based on: rural coordinates beyond active industrial buffers; low-intensity thermal signature (3.9 MW); isolated/spontaneous thermal occurrence. (Note: Statistical feature correlation, not verified physical causality)."
b8c89d934f,8.9719,80.73866,AGRICULTURAL_FIRE,MODERATE,3.68,339.27,N21,2026-09-09 13:33:00 IST,2,FAC-007,Bhilai Steel Complex,industrial,1360.328,LOW,LOW,CL-0205,2,1.0,CL-0205 (2 hotspots),0.88,None (Open / Rural Area),,AGRICULTURAL_FIRE,0.9937,"Event labeled as AGRICULTURAL_FIRE primarily based on: rural coordinates beyond active industrial buffers; low-intensity thermal signature (3.7 MW); isolated/spontaneous thermal occurrence. (Note: Statistical feature correlation, not verified physical causality)."
5a6c77f96c,8.98379,80.72562,AGRICULTURAL_FIRE,MODERATE,3.64,332.66,N21,2026-09-09 13:33:00 IST,3,FAC-007,Bhilai Steel Complex,industrial,1359.079,LOW,LOW,CL-0207,3,1.0,CL-0207 (3 hotspots),0.88,None (Open / Rural Area),,AGRICULTURAL_FIRE,0.9978,"Event labeled as AGRICULTURAL_FIRE primarily based on: rural coordinates beyond active industrial buffers; low-intensity thermal signature (3.6 MW); repeated temporal persistence (3 recorded events). (Note: Statistical feature correlation, not verified physical causality)."
233fd4b34a,8.98717,80.72513,AGRICULTURAL_FIRE,MODERATE,7.82,346.58,N21,2026-09-09 13:33:00 IST,3,FAC-007,Bhilai Steel Complex,industrial,1358.707,LOW,LOW,CL-0207,3,1.0,CL-0207 (3 hotspots),0.88,None (Open / Rural Area),,AGRICULTURAL_FIRE,0.9832,"Event labeled as AGRICULTURAL_FIRE primarily based on: rural coordinates beyond active industrial buffers; low-intensity thermal signature (7.8 MW); repeated temporal persistence (3 recorded events). (Note: Statistical feature correlation, not verified physical causality)."
7bd9519b51,8.98771,80.72879,AGRICULTURAL_FIRE,MODERATE,7.82,340.36,N21,2026-09-09 13:33:00 IST,3,FAC-007,Bhilai Steel Complex,industrial,1358.626,LOW,LOW,CL-0207,3,1.0,CL-0207 (3 hotspots),0.88,None (Open / Rural Area),,AGRICULTURAL_FIRE,0.9978,"Event labeled as AGRICULTURAL_FIRE primarily based on: rural coordinates beyond active industrial buffers; low-intensity thermal signature (7.8 MW); repeated temporal persistence (3 recorded events). (Note: Statistical feature correlation, not verified physical causality)."
8adb4c5737,9.01265,80.67618,AGRICULTURAL_FIRE,MODERATE,3.38,336.08,N21,2026-09-09 13:33:00 IST,1,FAC-007,Bhilai Steel Complex,industrial,1356.158,LOW,LOW,NOISE,1,1.0,NOISE (1 hotspot),0.88,None (Open / Rural Area),,AGRICULTURAL_FIRE,0.9879,"Event labeled as AGRICULTURAL_FIRE primarily based on: rural coordinates beyond active industrial buffers; low-intensity thermal signature (3.4 MW); isolated/spontaneous thermal occurrence. (Note: Statistical feature correlation, not verified physical causality)."
95a9ee0e24,9.0372,80.7024,AGRICULTURAL_FIRE,MODERATE,2.8,336.62,N21,2026-09-09 13:33:00 IST,1,FAC-007,Bhilai Steel Complex,industrial,1353.279,LOW,LOW,NOISE,1,1.0,NOISE (1 hotspot),0.88,None (Open / Rural Area),,AGRICULTURAL_FIRE,0.9927,"Event labeled as AGRICULTURAL_FIRE primarily based on: rural coordinates beyond active industrial buffers; low-intensity thermal signature (2.8 MW); isolated/spontaneous thermal occurrence. (Note: Statistical feature correlation, not verified physical causality)."
b8edec480c,9.03759,80.72856,AGRICULTURAL_FIRE,MODERATE,6.17,334.02,N21,2026-09-09 13:33:00 IST,1,FAC-007,Bhilai Steel Complex,industrial,1353.088,LOW,LOW,NOISE,1,1.0,NOISE (1 hotspot),0.88,None (Open / Rural Area),,AGRICULTURAL_FIRE,0.9879,"Event labeled as AGRICULTURAL_FIRE primarily based on: rural coordinates beyond active industrial buffers; low-intensity thermal signature (6.2 MW); isolated/spontaneous thermal occurrence. (Note: Statistical feature correlation, not verified physical causality)."
0221f05d99,9.04945,80.07238,AGRICULTURAL_FIRE,MODERATE,10.58,346.63,N21,2026-09-09 13:33:00 IST,1,FAC-007,Bhilai Steel Complex,industrial,1357.214,LOW,LOW,NOISE,1,1.0,NOISE (1 hotspot),0.88,None (Open / Rural Area),,AGRICULTURAL_FIRE,0.973,"Event labeled as AGRICULTURAL_FIRE primarily based on: rural coordinates beyond active industrial buffers; low-intensity thermal signature (10.6 MW); isolated/spontaneous thermal occurrence. (Note: Statistical feature correlation, not verified physical causality)."
a08edef31c,9.06139,80.70252,AGRICULTURAL_FIRE,MODERATE,5.54,338.58,N21,2026-09-09 13:33:00 IST,1,FAC-007,Bhilai Steel Complex,industrial,1350.592,LOW,LOW,NOISE,1,1.0,NOISE (1 hotspot),0.88,None (Open / Rural Area),,AGRICULTURAL_FIRE,0.9927,"Event labeled as AGRICULTURAL_FIRE primarily based on: rural coordinates beyond active industrial buffers; low-intensity thermal signature (5.5 MW); isolated/spontaneous thermal occurrence. (Note: Statistical feature correlation, not verified physical causality)."
ad0a7e41a8,9.09781,80.2832,AGRICULTURAL_FIRE,MODERATE,3.1,335.37,N21,2026-09-09 13:33:00 IST,1,FAC-007,Bhilai Steel Complex,industrial,1349.712,LOW,LOW,NOISE,1,1.0,NOISE (1 hotspot),0.88,None (Open / Rural Area),,AGRICULTURAL_FIRE,0.9879,"Event labeled as AGRICULTURAL_FIRE primarily based on: rural coordinates beyond active industrial buffers; low-intensity thermal signature (3.1 MW); isolated/spontaneous thermal occurrence. (Note: Statistical feature correlation, not verified physical causality)."
7fa6327940,9.19541,80.68639,AGRICULTURAL_FIRE,MODERATE,6.67,342.64,N21,2026-09-09 13:33:00 IST,2,FAC-007,Bhilai Steel Complex,industrial,1335.805,LOW,LOW,CL-0208,2,1.0,CL-0208 (2 hotspots),0.88,None (Open / Rural Area),,AGRICULTURAL_FIRE,0.9892,"Event labeled as AGRICULTURAL_FIRE primarily based on: rural coordinates beyond active industrial buffers; low-intensity thermal signature (6.7 MW); isolated/spontaneous thermal occurrence. (Note: Statistical feature correlation, not verified physical causality)."
eab4044614,9.19879,80.68588,AGRICULTURAL_FIRE,MODERATE,6.41,348.04,N21,2026-09-09 13:33:00 IST,2,FAC-007,Bhilai Steel Complex,industrial,1335.433,LOW,LOW,CL-0208,2,1.0,CL-0208 (2 hotspots),0.88,None (Open / Rural Area),,AGRICULTURAL_FIRE,0.9725,"Event labeled as AGRICULTURAL_FIRE primarily based on: rural coordinates beyond active industrial buffers; low-intensity thermal signature (6.4 MW); isolated/spontaneous thermal occurrence. (Note: Statistical feature correlation, not verified physical causality)."
d1be649a4d,9.25298,80.27391,AGRICULTURAL_FIRE,MODERATE,8.56,336.86,N21,2026-09-09 13:33:00 IST,1,FAC-007,Bhilai Steel Complex,industrial,1332.609,LOW,LOW,NOISE,1,1.0,NOISE (1 hotspot),0.88,None (Open / Rural Area),,AGRICULTURAL_FIRE,0.9789,"Event labeled as AGRICULTURAL_FIRE primarily based on: rural coordinates beyond active industrial buffers; low-intensity thermal signature (8.6 MW); isolated/spontaneous thermal occurrence. (Note: Statistical feature correlation, not verified physical causality)."
2520be97ed,9.37343,78.79734,AGRICULTURAL_FIRE,MODERATE,5.14,340.21,N21,2026-09-09 13:33:00 IST,1,FAC-007,Bhilai Steel Complex,industrial,1342.706,LOW,LOW,NOISE,1,1.0,NOISE (1 hotspot),0.88,None (Open / Rural Area),,AGRICULTURAL_FIRE,0.9927,"Event labeled as AGRICULTURAL_FIRE primarily based on: rural coordinates beyond active industrial buffers; low-intensity thermal signature (5.1 MW); isolated/spontaneous thermal occurrence. (Note: Statistical feature correlation, not verified physical causality)."
e2d5f1f30c,9.38095,80.47141,AGRICULTURAL_FIRE,MODERATE,3.09,339.58,N21,2026-09-09 13:33:00 IST,1,FAC-007,Bhilai Steel Complex,industrial,1316.704,LOW,LOW,CL-0209,3,1.0,CL-0209 (3 hotspots),0.88,None (Open / Rural Area),,AGRICULTURAL_FIRE,0.9927,"Event labeled as AGRICULTURAL_FIRE primarily based on: rural coordinates beyond active industrial buffers; low-intensity thermal signature (3.1 MW); isolated/spontaneous thermal occurrence. (Note: Statistical feature correlation, not verified physical causality)."
7b481fe1df,9.38323,80.46365,AGRICULTURAL_FIRE,MODERATE,5.25,339.56,N21,2026-09-09 13:33:00 IST,1,FAC-007,Bhilai Steel Complex,industrial,1316.513,LOW,LOW,CL-0209,3,1.0,CL-0209 (3 hotspots),0.88,None (Open / Rural Area),,AGRICULTURAL_FIRE,0.9927,"Event labeled as AGRICULTURAL_FIRE primarily based on: rural coordinates beyond active industrial buffers; low-intensity thermal signature (5.2 MW); isolated/spontaneous thermal occurrence. (Note: Statistical feature correlation, not verified physical causality)."
22fd0ed809,9.38539,80.47816,WILDFIRE_BIOMASS,HIGH,30.5,341.18,N21,2026-09-09 13:33:00 IST,1,FAC-007,Bhilai Steel Complex,industrial,1316.159,LOW,LOW,CL-0209,3,1.0,CL-0209 (3 hotspots),0.85,None (Open / Rural Area),,WILDFIRE_BIOMASS,0.8833,"Event labeled as WILDFIRE_BIOMASS primarily based on: rural coordinates beyond active industrial buffers; moderate thermal radiative power (30.5 MW); isolated/spontaneous thermal occurrence. (Note: Statistical feature correlation, not verified physical causality)."
a004d71b4e,9.38971,80.50721,AGRICULTURAL_FIRE,MODERATE,25.21,342.42,N21,2026-09-09 13:33:00 IST,1,FAC-007,Bhilai Steel Complex,industrial,1315.455,LOW,LOW,NOISE,1,1.0,NOISE (1 hotspot),0.88,None (Open / Rural Area),,AGRICULTURAL_FIRE,0.9088,"Event labeled as AGRICULTURAL_FIRE primarily based on: rural coordinates beyond active industrial buffers; low-intensity thermal signature (25.2 MW); isolated/spontaneous thermal occurrence. (Note: Statistical feature correlation, not verified physical causality)."
d4b40e3eea,9.39973,80.41304,AGRICULTURAL_FIRE,MODERATE,4.91,344.51,N21,2026-09-09 13:33:00 IST,3,FAC-007,Bhilai Steel Complex,industrial,1315.098,LOW,LOW,CL-0210,3,1.0,CL-0210 (3 hotspots),0.88,None (Open / Rural Area),,AGRICULTURAL_FIRE,0.9933,"Event labeled as AGRICULTURAL_FIRE primarily based on: rural coordinates beyond active industrial buffers; low-intensity thermal signature (4.9 MW); repeated temporal persistence (3 recorded events). (Note: Statistical feature correlation, not verified physical causality)."
1579ed1b1b,9.40197,80.41294,AGRICULTURAL_FIRE,MODERATE,6.53,339.98,N21,2026-09-09 13:33:00 IST,3,FAC-007,Bhilai Steel Complex,industrial,1314.851,LOW,LOW,CL-0210,3,1.0,CL-0210 (3 hotspots),0.88,None (Open / Rural Area),,AGRICULTURAL_FIRE,0.9978,"Event labeled as AGRICULTURAL_FIRE primarily based on: rural coordinates beyond active industrial buffers; low-intensity thermal signature (6.5 MW); repeated temporal persistence (3 recorded events). (Note: Statistical feature correlation, not verified physical causality)."
7e2f806310,9.40497,80.38664,AGRICULTURAL_FIRE,MODERATE,3.2,336.45,N21,2026-09-09 13:33:00 IST,1,FAC-007,Bhilai Steel Complex,industrial,1314.743,LOW,LOW,NOISE,1,1.0,NOISE (1 hotspot),0.88,None (Open / Rural Area),,AGRICULTURAL_FIRE,0.9879,"Event labeled as AGRICULTURAL_FIRE primarily based on: rural coordinates beyond active industrial buffers; low-intensity thermal signature (3.2 MW); isolated/spontaneous thermal occurrence. (Note: Statistical feature correlation, not verified physical causality)."
98cfa074ed,9.40639,80.41968,AGRICULTURAL_FIRE,MODERATE,9.68,349.13,N21,2026-09-09 13:33:00 IST,3,FAC-007,Bhilai Steel Complex,industrial,1314.304,LOW,LOW,CL-0210,3,1.0,CL-0210 (3 hotspots),0.88,None (Open / Rural Area),,AGRICULTURAL_FIRE,0.9837,"Event labeled as AGRICULTURAL_FIRE primarily based on: rural coordinates beyond active industrial buffers; low-intensity thermal signature (9.7 MW); repeated temporal persistence (3 recorded events). (Note: Statistical feature correlation, not verified physical causality)."
c9bd1b342a,9.41557,80.38874,AGRICULTURAL_FIRE,MODERATE,4.12,339.55,N21,2026-09-09 13:33:00 IST,2,FAC-007,Bhilai Steel Complex,industrial,1313.55,LOW,LOW,CL-0211,2,1.0,CL-0211 (2 hotspots),0.88,None (Open / Rural Area),,AGRICULTURAL_FIRE,0.9937,"Event labeled as AGRICULTURAL_FIRE primarily based on: rural coordinates beyond active industrial buffers; low-intensity thermal signature (4.1 MW); isolated/spontaneous thermal occurrence. (Note: Statistical feature correlation, not verified physical causality)."
9bb4b48198,9.58811,80.33266,AGRICULTURAL_FIRE,MODERATE,3.65,336.01,N21,2026-09-09 13:33:00 IST,1,FAC-007,Bhilai Steel Complex,industrial,1294.93,LOW,LOW,NOISE,1,1.0,NOISE (1 hotspot),0.88,None (Open / Rural Area),,AGRICULTURAL_FIRE,0.9879,"Event labeled as AGRICULTURAL_FIRE primarily based on: rural coordinates beyond active industrial buffers; low-intensity thermal signature (3.6 MW); isolated/spontaneous thermal occurrence. (Note: Statistical feature correlation, not verified physical causality)."
a16b626557,10.27511,77.2542,AGRICULTURAL_FIRE,MODERATE,9.28,346.34,N21,2026-09-09 13:33:00 IST,2,FAC-007,Bhilai Steel Complex,industrial,1291.233,LOW,LOW,CL-0095,2,1.0,CL-0095 (2 hotspots),0.88,None (Open / Rural Area),,AGRICULTURAL_FIRE,0.9796,"Event labeled as AGRICULTURAL_FIRE primarily based on: rural coordinates beyond active industrial buffers; low-intensity thermal signature (9.3 MW); isolated/spontaneous thermal occurrence. (Note: Statistical feature correlation, not verified physical causality)."
0eee3d8b8f,10.34697,79.31435,AGRICULTURAL_FIRE,MODERATE,2.96,335.65,N21,2026-09-09 13:33:00 IST,1,FAC-007,Bhilai Steel Complex,industrial,1225.713,LOW,LOW,NOISE,1,1.0,NOISE (1 hotspot),0.88,None (Open / Rural Area),,AGRICULTURAL_FIRE,0.9879,"Event labeled as AGRICULTURAL_FIRE primarily based on: rural coordinates beyond active industrial buffers; low-intensity thermal signature (3.0 MW); isolated/spontaneous thermal occurrence. (Note: Statistical feature correlation, not verified physical causality)."
226f898cce,10.43594,77.06713,AGRICULTURAL_FIRE,MODERATE,14.78,338.92,N21,2026-09-09 13:33:00 IST,1,FAC-007,Bhilai Steel Complex,industrial,1281.429,LOW,LOW,NOISE,1,1.0,NOISE (1 hotspot),0.88,None (Open / Rural Area),,AGRICULTURAL_FIRE,0.987,"Event labeled as AGRICULTURAL_FIRE primarily based on: rural coordinates beyond active industrial buffers; low-intensity thermal signature (14.8 MW); isolated/spontaneous thermal occurrence. (Note: Statistical feature correlation, not verified physical causality)."
dfed0156de,10.52183,79.2366,AGRICULTURAL_FIRE,MODERATE,2.67,336.16,N21,2026-09-09 13:33:00 IST,1,FAC-007,Bhilai Steel Complex,industrial,1208.122,LOW,LOW,NOISE,1,1.0,NOISE (1 hotspot),0.88,None (Open / Rural Area),,AGRICULTURAL_FIRE,0.9879,"Event labeled as AGRICULTURAL_FIRE primarily based on: rural coordinates beyond active industrial buffers; low-intensity thermal signature (2.7 MW); isolated/spontaneous thermal occurrence. (Note: Statistical feature correlation, not verified physical causality)."
bec90c99d2,10.53991,79.67301,AGRICULTURAL_FIRE,MODERATE,7.05,340.24,N21,2026-09-09 13:33:00 IST,1,FAC-007,Bhilai Steel Complex,industrial,1198.18,LOW,LOW,NOISE,1,1.0,NOISE (1 hotspot),0.88,None (Open / Rural Area),,AGRICULTURAL_FIRE,0.9927,"Event labeled as AGRICULTURAL_FIRE primarily based on: rural coordinates beyond active industrial buffers; low-intensity thermal signature (7.0 MW); isolated/spontaneous thermal occurrence. (Note: Statistical feature correlation, not verified physical causality)."
81d740cdaa,10.54028,77.77425,AGRICULTURAL_FIRE,MODERATE,6.28,343.33,N21,2026-09-09 13:33:00 IST,1,FAC-007,Bhilai Steel Complex,industrial,1245.201,LOW,LOW,NOISE,1,1.0,NOISE (1 hotspot),0.88,None (Open / Rural Area),,AGRICULTURAL_FIRE,0.9882,"Event labeled as AGRICULTURAL_FIRE primarily based on: rural coordinates beyond active industrial buffers; low-intensity thermal signature (6.3 MW); isolated/spontaneous thermal occurrence. (Note: Statistical feature correlation, not verified physical causality)."
7e560cee00,10.55722,79.22038,AGRICULTURAL_FIRE,MODERATE,6.78,341.0,N21,2026-09-09 13:33:00 IST,1,FAC-007,Bhilai Steel Complex,industrial,1204.585,LOW,LOW,NOISE,1,1.0,NOISE (1 hotspot),0.88,None (Open / Rural Area),,AGRICULTURAL_FIRE,0.9927,"Event labeled as AGRICULTURAL_FIRE primarily based on: rural coordinates beyond active industrial buffers; low-intensity thermal signature (6.8 MW); isolated/spontaneous thermal occurrence. (Note: Statistical feature correlation, not verified physical causality)."
202e969743,10.81844,79.1286,AGRICULTURAL_FIRE,MODERATE,1.82,336.1,N21,2026-09-09 13:33:00 IST,1,FAC-007,Bhilai Steel Complex,industrial,1178.021,LOW,LOW,NOISE,1,1.0,NOISE (1 hotspot),0.88,None (Open / Rural Area),,AGRICULTURAL_FIRE,0.9879,"Event labeled as AGRICULTURAL_FIRE primarily based on: rural coordinates beyond active industrial buffers; low-intensity thermal signature (1.8 MW); isolated/spontaneous thermal occurrence. (Note: Statistical feature correlation, not verified physical causality)."
766efe8e43,10.96822,79.55919,AGRICULTURAL_FIRE,MODERATE,1.35,334.45,N21,2026-09-09 13:33:00 IST,1,FAC-007,Bhilai Steel Complex,industrial,1153.086,LOW,LOW,NOISE,1,1.0,NOISE (1 hotspot),0.88,None (Open / Rural Area),,AGRICULTURAL_FIRE,0.9879,"Event labeled as AGRICULTURAL_FIRE primarily based on: rural coordinates beyond active industrial buffers; low-intensity thermal signature (1.4 MW); isolated/spontaneous thermal occurrence. (Note: Statistical feature correlation, not verified physical causality)."
248366d075,11.18182,79.09955,AGRICULTURAL_FIRE,MODERATE,0.86,334.17,N21,2026-09-09 13:33:00 IST,3,FAC-007,Bhilai Steel Complex,industrial,1139.11,LOW,LOW,CL-0153,4,1.0,CL-0153 (4 hotspots),0.88,None (Open / Rural Area),,AGRICULTURAL_FIRE,0.9978,"Event labeled as AGRICULTURAL_FIRE primarily based on: rural coordinates beyond active industrial buffers; low-intensity thermal signature (0.9 MW); repeated temporal persistence (3 recorded events). (Note: Statistical feature correlation, not verified physical causality)."
9ce86ed953,11.33365,78.77398,AGRICULTURAL_FIRE,MODERATE,7.69,339.33,N21,2026-09-09 13:33:00 IST,1,FAC-007,Bhilai Steel Complex,industrial,1130.625,LOW,LOW,NOISE,1,1.0,NOISE (1 hotspot),0.88,None (Open / Rural Area),,AGRICULTURAL_FIRE,0.987,"Event labeled as AGRICULTURAL_FIRE primarily based on: rural coordinates beyond active industrial buffers; low-intensity thermal signature (7.7 MW); isolated/spontaneous thermal occurrence. (Note: Statistical feature correlation, not verified physical causality)."
c62c3ff7fd,11.89375,78.74492,AGRICULTURAL_FIRE,MODERATE,3.83,339.29,N21,2026-09-09 13:33:00 IST,1,FAC-007,Bhilai Steel Complex,industrial,1071.076,LOW,LOW,NOISE,1,1.0,NOISE (1 hotspot),0.88,None (Open / Rural Area),,AGRICULTURAL_FIRE,0.9927,"Event labeled as AGRICULTURAL_FIRE primarily based on: rural coordinates beyond active industrial buffers; low-intensity thermal signature (3.8 MW); isolated/spontaneous thermal occurrence. (Note: Statistical feature correlation, not verified physical causality)."
6d6c452715,12.06441,79.20458,AGRICULTURAL_FIRE,MODERATE,1.03,332.99,N21,2026-09-09 13:33:00 IST,1,FAC-007,Bhilai Steel Complex,industrial,1040.786,LOW,LOW,NOISE,1,1.0,NOISE (1 hotspot),0.88,None (Open / Rural Area),,AGRICULTURAL_FIRE,0.9879,"Event labeled as AGRICULTURAL_FIRE primarily based on: rural coordinates beyond active industrial buffers; low-intensity thermal signature (1.0 MW); isolated/spontaneous thermal occurrence. (Note: Statistical feature correlation, not verified physical causality)."
bca9794ce4,12.13256,79.73738,AGRICULTURAL_FIRE,MODERATE,1.34,334.75,N21,2026-09-09 13:33:00 IST,1,FAC-007,Bhilai Steel Complex,industrial,1022.191,LOW,LOW,NOISE,1,1.0,NOISE (1 hotspot),0.88,None (Open / Rural Area),,AGRICULTURAL_FIRE,0.9879,"Event labeled as AGRICULTURAL_FIRE primarily based on: rural coordinates beyond active industrial buffers; low-intensity thermal signature (1.3 MW); isolated/spontaneous thermal occurrence. (Note: Statistical feature correlation, not verified physical causality)."
1e5aba2c15,12.14694,79.87358,AGRICULTURAL_FIRE,MODERATE,3.34,337.98,N21,2026-09-09 13:33:00 IST,1,FAC-007,Bhilai Steel Complex,industrial,1018.234,LOW,LOW,NOISE,1,1.0,NOISE (1 hotspot),0.88,None (Open / Rural Area),,AGRICULTURAL_FIRE,0.9927,"Event labeled as AGRICULTURAL_FIRE primarily based on: rural coordinates beyond active industrial buffers; low-intensity thermal signature (3.3 MW); isolated/spontaneous thermal occurrence. (Note: Statistical feature correlation, not verified physical causality)."
64ba5007a0,12.35188,79.28709,AGRICULTURAL_FIRE,MODERATE,2.17,331.99,N21,2026-09-09 13:33:00 IST,1,FAC-007,Bhilai Steel Complex,industrial,1007.637,LOW,LOW,NOISE,1,1.0,NOISE (1 hotspot),0.88,None (Open / Rural Area),,AGRICULTURAL_FIRE,0.9813,"Event labeled as AGRICULTURAL_FIRE primarily based on: rural coordinates beyond active industrial buffers; low-intensity thermal signature (2.2 MW); isolated/spontaneous thermal occurrence. (Note: Statistical feature correlation, not verified physical causality)."
26fa1e0d87,12.60612,80.15658,AGRICULTURAL_FIRE,MODERATE,2.25,332.06,N21,2026-09-09 13:33:00 IST,1,FAC-007,Bhilai Steel Complex,industrial,963.299,LOW,LOW,NOISE,1,1.0,NOISE (1 hotspot),0.88,None (Open / Rural Area),,AGRICULTURAL_FIRE,0.9813,"Event labeled as AGRICULTURAL_FIRE primarily based on: rural coordinates beyond active industrial buffers; low-intensity thermal signature (2.2 MW); isolated/spontaneous thermal occurrence. (Note: Statistical feature correlation, not verified physical causality)."
a3db6604d7,12.75158,79.99687,AGRICULTURAL_FIRE,MODERATE,5.39,335.4,N21,2026-09-09 13:33:00 IST,1,FAC-007,Bhilai Steel Complex,industrial,949.745,LOW,LOW,NOISE,1,1.0,NOISE (1 hotspot),0.88,None (Open / Rural Area),,AGRICULTURAL_FIRE,0.9879,"Event labeled as AGRICULTURAL_FIRE primarily based on: rural coordinates beyond active industrial buffers; low-intensity thermal signature (5.4 MW); isolated/spontaneous thermal occurrence. (Note: Statistical feature correlation, not verified physical causality)."
3773004c75,12.94421,78.92732,AGRICULTURAL_FIRE,MODERATE,5.45,340.85,N21,2026-09-09 13:33:00 IST,1,FAC-007,Bhilai Steel Complex,industrial,953.158,LOW,LOW,NOISE,1,1.0,NOISE (1 hotspot),0.88,None (Open / Rural Area),,AGRICULTURAL_FIRE,0.9927,"Event labeled as AGRICULTURAL_FIRE primarily based on: rural coordinates beyond active industrial buffers; low-intensity thermal signature (5.5 MW); isolated/spontaneous thermal occurrence. (Note: Statistical feature correlation, not verified physical causality)."
bbcdc5b158,13.97606,79.91261,AGRICULTURAL_FIRE,MODERATE,8.05,337.67,N21,2026-09-09 13:33:00 IST,1,FAC-007,Bhilai Steel Complex,industrial,817.07,LOW,LOW,NOISE,1,1.0,NOISE (1 hotspot),0.88,None (Open / Rural Area),,AGRICULTURAL_FIRE,0.9789,"Event labeled as AGRICULTURAL_FIRE primarily based on: rural coordinates beyond active industrial buffers; low-intensity thermal signature (8.1 MW); isolated/spontaneous thermal occurrence. (Note: Statistical feature correlation, not verified physical causality)."
23a5db3b0e,14.01298,80.09498,AGRICULTURAL_FIRE,MODERATE,2.3,335.05,N21,2026-09-09 13:33:00 IST,1,FAC-007,Bhilai Steel Complex,industrial,809.568,LOW,LOW,NOISE,1,1.0,NOISE (1 hotspot),0.88,None (Open / Rural Area),,AGRICULTURAL_FIRE,0.9879,"Event labeled as AGRICULTURAL_FIRE primarily based on: rural coordinates beyond active industrial buffers; low-intensity thermal signature (2.3 MW); isolated/spontaneous thermal occurrence. (Note: Statistical feature correlation, not verified physical causality)."
1a50ba08ec,14.04119,80.04752,AGRICULTURAL_FIRE,MODERATE,2.04,332.94,N21,2026-09-09 13:33:00 IST,1,FAC-007,Bhilai Steel Complex,industrial,807.338,LOW,LOW,NOISE,1,1.0,NOISE (1 hotspot),0.88,None (Open / Rural Area),,AGRICULTURAL_FIRE,0.9879,"Event labeled as AGRICULTURAL_FIRE primarily based on: rural coordinates beyond active industrial buffers; low-intensity thermal signature (2.0 MW); isolated/spontaneous thermal occurrence. (Note: Statistical feature correlation, not verified physical causality)."
949c6e0ac1,14.0464,79.93699,AGRICULTURAL_FIRE,MODERATE,3.38,336.53,N21,2026-09-09 13:33:00 IST,1,FAC-007,Bhilai Steel Complex,industrial,808.896,LOW,LOW,NOISE,1,1.0,NOISE (1 hotspot),0.88,None (Open / Rural Area),,AGRICULTURAL_FIRE,0.9879,"Event labeled as AGRICULTURAL_FIRE primarily based on: rural coordinates beyond active industrial buffers; low-intensity thermal signature (3.4 MW); isolated/spontaneous thermal occurrence. (Note: Statistical feature correlation, not verified physical causality)."
9b4da429b7,14.14412,79.71678,AGRICULTURAL_FIRE,MODERATE,3.1,335.49,N21,2026-09-09 13:33:00 IST,1,FAC-007,Bhilai Steel Complex,industrial,803.009,LOW,LOW,NOISE,1,1.0,NOISE (1 hotspot),0.88,None (Open / Rural Area),,AGRICULTURAL_FIRE,0.9879,"Event labeled as AGRICULTURAL_FIRE primarily based on: rural coordinates beyond active industrial buffers; low-intensity thermal signature (3.1 MW); isolated/spontaneous thermal occurrence. (Note: Statistical feature correlation, not verified physical causality)."
2c27efd384,14.2691,78.73764,AGRICULTURAL_FIRE,MODERATE,7.2,345.64,N21,2026-09-09 13:33:00 IST,1,FAC-007,Bhilai Steel Complex,industrial,818.801,LOW,LOW,NOISE,1,1.0,NOISE (1 hotspot),0.88,None (Open / Rural Area),,AGRICULTURAL_FIRE,0.9559,"Event labeled as AGRICULTURAL_FIRE primarily based on: rural coordinates beyond active industrial buffers; low-intensity thermal signature (7.2 MW); isolated/spontaneous thermal occurrence. (Note: Statistical feature correlation, not verified physical causality)."
85f1e62ff1,14.45214,78.27834,AGRICULTURAL_FIRE,MODERATE,6.0,340.94,N21,2026-09-09 13:33:00 IST,1,FAC-007,Bhilai Steel Complex,industrial,817.905,LOW,LOW,NOISE,1,1.0,NOISE (1 hotspot),0.88,None (Open / Rural Area),,AGRICULTURAL_FIRE,0.9927,"Event labeled as AGRICULTURAL_FIRE primarily based on: rural coordinates beyond active industrial buffers; low-intensity thermal signature (6.0 MW); isolated/spontaneous thermal occurrence. (Note: Statistical feature correlation, not verified physical causality)."
0f453d3783,14.47654,79.68936,AGRICULTURAL_FIRE,MODERATE,3.04,337.62,N21,2026-09-09 13:33:00 IST,1,FAC-007,Bhilai Steel Complex,industrial,767.623,LOW,LOW,NOISE,1,1.0,NOISE (1 hotspot),0.88,None (Open / Rural Area),,AGRICULTURAL_FIRE,0.9927,"Event labeled as AGRICULTURAL_FIRE primarily based on: rural coordinates beyond active industrial buffers; low-intensity thermal signature (3.0 MW); isolated/spontaneous thermal occurrence. (Note: Statistical feature correlation, not verified physical causality)."
d613e74f71,14.52803,78.49195,AGRICULTURAL_FIRE,MODERATE,4.52,336.8,N21,2026-09-09 13:33:00 IST,1,FAC-007,Bhilai Steel Complex,industrial,801.275,LOW,LOW,NOISE,1,1.0,NOISE (1 hotspot),0.88,None (Open / Rural Area),,AGRICULTURAL_FIRE,0.9927,"Event labeled as AGRICULTURAL_FIRE primarily based on: rural coordinates beyond active industrial buffers; low-intensity thermal signature (4.5 MW); isolated/spontaneous thermal occurrence. (Note: Statistical feature correlation, not verified physical causality)."
9d15274bbc,14.68141,79.14023,AGRICULTURAL_FIRE,MODERATE,4.31,335.49,N21,2026-09-09 13:33:00 IST,1,FAC-007,Bhilai Steel Complex,industrial,761.472,LOW,LOW,NOISE,1,1.0,NOISE (1 hotspot),0.88,None (Open / Rural Area),,AGRICULTURAL_FIRE,0.9879,"Event labeled as AGRICULTURAL_FIRE primarily based on: rural coordinates beyond active industrial buffers; low-intensity thermal signature (4.3 MW); isolated/spontaneous thermal occurrence. (Note: Statistical feature correlation, not verified physical causality)."
527eb8faaa,14.8653,78.35685,AGRICULTURAL_FIRE,MODERATE,7.45,342.78,N21,2026-09-09 13:33:00 IST,1,FAC-007,Bhilai Steel Complex,industrial,772.423,LOW,LOW,NOISE,1,1.0,NOISE (1 hotspot),0.88,None (Open / Rural Area),,AGRICULTURAL_FIRE,0.9725,"Event labeled as AGRICULTURAL_FIRE primarily based on: rural coordinates beyond active industrial buffers; low-intensity thermal signature (7.5 MW); isolated/spontaneous thermal occurrence. (Note: Statistical feature correlation, not verified physical causality)."
e7e2c6c472,14.89146,79.23196,AGRICULTURAL_FIRE,MODERATE,4.29,343.05,N21,2026-09-09 13:33:00 IST,1,FAC-007,Bhilai Steel Complex,industrial,736.222,LOW,LOW,NOISE,1,1.0,NOISE (1 hotspot),0.88,None (Open / Rural Area),,AGRICULTURAL_FIRE,0.9882,"Event labeled as AGRICULTURAL_FIRE primarily based on: rural coordinates beyond active industrial buffers; low-intensity thermal signature (4.3 MW); isolated/spontaneous thermal occurrence. (Note: Statistical feature correlation, not verified physical causality)."
4ae3a9ad26,15.26868,78.92443,AGRICULTURAL_FIRE,MODERATE,5.46,345.06,N21,2026-09-09 13:33:00 IST,2,FAC-007,Bhilai Steel Complex,industrial,707.6,LOW,LOW,CL-0212,2,1.0,CL-0212 (2 hotspots),0.88,None (Open / Rural Area),,AGRICULTURAL_FIRE,0.9892,"Event labeled as AGRICULTURAL_FIRE primarily based on: rural coordinates beyond active industrial buffers; low-intensity thermal signature (5.5 MW); isolated/spontaneous thermal occurrence. (Note: Statistical feature correlation, not verified physical causality)."
eabee76b77,15.2713,78.92387,AGRICULTURAL_FIRE,MODERATE,3.67,338.21,N21,2026-09-09 13:33:00 IST,2,FAC-007,Bhilai Steel Complex,industrial,707.35,LOW,LOW,CL-0212,2,1.0,CL-0212 (2 hotspots),0.88,None (Open / Rural Area),,AGRICULTURAL_FIRE,0.9937,"Event labeled as AGRICULTURAL_FIRE primarily based on: rural coordinates beyond active industrial buffers; low-intensity thermal signature (3.7 MW); isolated/spontaneous thermal occurrence. (Note: Statistical feature correlation, not verified physical causality)."
c2f980e497,15.17324,76.65638,AGRICULTURAL_FIRE,MODERATE,4.17,331.94,N21,2026-09-09 13:35:00 IST,7,FAC-007,Bhilai Steel Complex,industrial,834.452,LOW,LOW,CL-0101,27,1.0,CL-0101 (27 hotspots),0.88,None (Open / Rural Area),,AGRICULTURAL_FIRE,0.9905,"Event labeled as AGRICULTURAL_FIRE primarily based on: rural coordinates beyond active industrial buffers; low-intensity thermal signature (4.2 MW); repeated temporal persistence (7 recorded events). (Note: Statistical feature correlation, not verified physical causality)."
d06796982e,15.17655,76.65583,AGRICULTURAL_FIRE,MODERATE,4.17,338.03,N21,2026-09-09 13:35:00 IST,7,FAC-007,Bhilai Steel Complex,industrial,834.189,LOW,LOW,CL-0101,27,1.0,CL-0101 (27 hotspots),0.88,None (Open / Rural Area),,AGRICULTURAL_FIRE,0.9905,"Event labeled as AGRICULTURAL_FIRE primarily based on: rural coordinates beyond active industrial buffers; low-intensity thermal signature (4.2 MW); repeated temporal persistence (7 recorded events). (Note: Statistical feature correlation, not verified physical causality)."
082555d7fc,15.17712,76.65942,AGRICULTURAL_FIRE,MODERATE,6.9,337.21,N21,2026-09-09 13:35:00 IST,11,FAC-007,Bhilai Steel Complex,industrial,833.911,LOW,LOW,CL-0101,27,1.0,CL-0101 (27 hotspots),0.88,None (Open / Rural Area),,AGRICULTURAL_FIRE,0.9745,"Event labeled as AGRICULTURAL_FIRE primarily based on: rural coordinates beyond active industrial buffers; low-intensity thermal signature (6.9 MW); repeated temporal persistence (11 recorded events). (Note: Statistical feature correlation, not verified physical causality)."
5aaa575835,15.38911,78.19917,AGRICULTURAL_FIRE,MODERATE,7.87,342.8,N21,2026-09-09 13:35:00 IST,1,FAC-007,Bhilai Steel Complex,industrial,727.126,LOW,LOW,NOISE,1,1.0,NOISE (1 hotspot),0.88,None (Open / Rural Area),,AGRICULTURAL_FIRE,0.9825,"Event labeled as AGRICULTURAL_FIRE primarily based on: rural coordinates beyond active industrial buffers; low-intensity thermal signature (7.9 MW); isolated/spontaneous thermal occurrence. (Note: Statistical feature correlation, not verified physical causality)."
ab812b7163,15.6227,78.10231,AGRICULTURAL_FIRE,MODERATE,3.6,332.54,N21,2026-09-09 13:35:00 IST,1,FAC-007,Bhilai Steel Complex,industrial,709.008,LOW,LOW,NOISE,1,1.0,NOISE (1 hotspot),0.88,None (Open / Rural Area),,AGRICULTURAL_FIRE,0.9879,"Event labeled as AGRICULTURAL_FIRE primarily based on: rural coordinates beyond active industrial buffers; low-intensity thermal signature (3.6 MW); isolated/spontaneous thermal occurrence. (Note: Statistical feature correlation, not verified physical causality)."
a9ca540b9e,15.91879,75.33707,AGRICULTURAL_FIRE,MODERATE,3.13,331.85,N21,2026-09-09 13:35:00 IST,1,FAC-007,Bhilai Steel Complex,industrial,865.403,LOW,LOW,NOISE,1,1.0,NOISE (1 hotspot),0.88,None (Open / Rural Area),,AGRICULTURAL_FIRE,0.9813,"Event labeled as AGRICULTURAL_FIRE primarily based on: rural coordinates beyond active industrial buffers; low-intensity thermal signature (3.1 MW); isolated/spontaneous thermal occurrence. (Note: Statistical feature correlation, not verified physical causality)."
dc5f1b1214,16.21061,78.12437,AGRICULTURAL_FIRE,MODERATE,1.58,330.73,N21,2026-09-09 13:35:00 IST,1,FAC-007,Bhilai Steel Complex,industrial,651.186,LOW,LOW,NOISE,1,1.0,NOISE (1 hotspot),0.88,None (Open / Rural Area),,AGRICULTURAL_FIRE,0.9813,"Event labeled as AGRICULTURAL_FIRE primarily based on: rural coordinates beyond active industrial buffers; low-intensity thermal signature (1.6 MW); isolated/spontaneous thermal occurrence. (Note: Statistical feature correlation, not verified physical causality)."
1d9d4f400c,17.2603,80.37199,AGRICULTURAL_FIRE,MODERATE,4.64,334.59,N21,2026-09-09 13:35:00 IST,1,FAC-007,Bhilai Steel Complex,industrial,449.591,LOW,LOW,NOISE,1,1.0,NOISE (1 hotspot),0.88,None (Open / Rural Area),,AGRICULTURAL_FIRE,0.9879,"Event labeled as AGRICULTURAL_FIRE primarily based on: rural coordinates beyond active industrial buffers; low-intensity thermal signature (4.6 MW); isolated/spontaneous thermal occurrence. (Note: Statistical feature correlation, not verified physical causality)."
403949081b,17.40713,80.6287,AGRICULTURAL_FIRE,MODERATE,5.98,337.85,N21,2026-09-09 13:35:00 IST,1,FAC-007,Bhilai Steel Complex,industrial,427.959,LOW,LOW,NOISE,1,1.0,NOISE (1 hotspot),0.88,None (Open / Rural Area),,AGRICULTURAL_FIRE,0.9927,"Event labeled as AGRICULTURAL_FIRE primarily based on: rural coordinates beyond active industrial buffers; low-intensity thermal signature (6.0 MW); isolated/spontaneous thermal occurrence. (Note: Statistical feature correlation, not verified physical causality)."
fd48352d15,18.51792,74.27672,AGRICULTURAL_FIRE,MODERATE,5.13,334.1,N21,2026-09-09 13:35:00 IST,3,FAC-003,Jamnagar Petrochemical & Flare Complex,industrial,621.43,LOW,LOW,CL-0213,3,1.0,CL-0213 (3 hotspots),0.88,None (Open / Rural Area),,AGRICULTURAL_FIRE,0.9978,"Event labeled as AGRICULTURAL_FIRE primarily based on: rural coordinates beyond active industrial buffers; low-intensity thermal signature (5.1 MW); repeated temporal persistence (3 recorded events). (Note: Statistical feature correlation, not verified physical causality)."
ec5d659a96,18.52138,74.27608,AGRICULTURAL_FIRE,MODERATE,5.13,334.14,N21,2026-09-09 13:35:00 IST,3,FAC-003,Jamnagar Petrochemical & Flare Complex,industrial,621.108,LOW,LOW,CL-0213,3,1.0,CL-0213 (3 hotspots),0.88,None (Open / Rural Area),,AGRICULTURAL_FIRE,0.9978,"Event labeled as AGRICULTURAL_FIRE primarily based on: rural coordinates beyond active industrial buffers; low-intensity thermal signature (5.1 MW); repeated temporal persistence (3 recorded events). (Note: Statistical feature correlation, not verified physical causality)."
6ef3981598,18.52205,74.28011,AGRICULTURAL_FIRE,MODERATE,5.13,333.29,N21,2026-09-09 13:35:00 IST,3,FAC-003,Jamnagar Petrochemical & Flare Complex,industrial,621.351,LOW,LOW,CL-0213,3,1.0,CL-0213 (3 hotspots),0.88,None (Open / Rural Area),,AGRICULTURAL_FIRE,0.9978,"Event labeled as AGRICULTURAL_FIRE primarily based on: rural coordinates beyond active industrial buffers; low-intensity thermal signature (5.1 MW); repeated temporal persistence (3 recorded events). (Note: Statistical feature correlation, not verified physical causality)."
f33ec1aed6,18.68422,73.04059,AGRICULTURAL_FIRE,MODERATE,14.96,337.16,N21,2026-09-09 13:35:00 IST,2,FAC-003,Jamnagar Petrochemical & Flare Complex,industrial,523.109,LOW,LOW,CL-0142,3,1.0,CL-0142 (3 hotspots),0.88,None (Open / Rural Area),,AGRICULTURAL_FIRE,0.9855,"Event labeled as AGRICULTURAL_FIRE primarily based on: rural coordinates beyond active industrial buffers; low-intensity thermal signature (15.0 MW); isolated/spontaneous thermal occurrence. (Note: Statistical feature correlation, not verified physical causality)."
ba2cf8c3f2,19.8471,75.83484,AGRICULTURAL_FIRE,MODERATE,3.51,331.85,N21,2026-09-09 13:35:00 IST,1,FAC-007,Bhilai Steel Complex,industrial,596.426,LOW,LOW,NOISE,1,1.0,NOISE (1 hotspot),0.88,None (Open / Rural Area),,AGRICULTURAL_FIRE,0.9813,"Event labeled as AGRICULTURAL_FIRE primarily based on: rural coordinates beyond active industrial buffers; low-intensity thermal signature (3.5 MW); isolated/spontaneous thermal occurrence. (Note: Statistical feature correlation, not verified physical causality)."
98632c0ffa,21.10073,77.35696,AGRICULTURAL_FIRE,MODERATE,2.8,340.72,N21,2026-09-09 13:35:00 IST,1,FAC-007,Bhilai Steel Complex,industrial,417.329,LOW,LOW,NOISE,1,1.0,NOISE (1 hotspot),0.88,None (Open / Rural Area),,AGRICULTURAL_FIRE,0.9927,"Event labeled as AGRICULTURAL_FIRE primarily based on: rural coordinates beyond active industrial buffers; low-intensity thermal signature (2.8 MW); isolated/spontaneous thermal occurrence. (Note: Statistical feature correlation, not verified physical causality)."
e95bf9ae87,21.10098,72.63618,AGRICULTURAL_FIRE,MODERATE,18.08,341.29,N21,2026-09-09 13:37:00 IST,8,FAC-003,Jamnagar Petrochemical & Flare Complex,industrial,306.712,LOW,LOW,CL-0103,27,1.0,CL-0103 (27 hotspots),0.88,None (Open / Rural Area),,AGRICULTURAL_FIRE,0.978,"Event labeled as AGRICULTURAL_FIRE primarily based on: rural coordinates beyond active industrial buffers; low-intensity thermal signature (18.1 MW); repeated temporal persistence (8 recorded events). (Note: Statistical feature correlation, not verified physical causality)."
71f17ec4e0,21.10459,72.63547,AGRICULTURAL_FIRE,MODERATE,18.08,341.13,N21,2026-09-09 13:37:00 IST,8,FAC-003,Jamnagar Petrochemical & Flare Complex,industrial,306.447,LOW,LOW,CL-0103,27,1.0,CL-0103 (27 hotspots),0.88,None (Open / Rural Area),,AGRICULTURAL_FIRE,0.9666,"Event labeled as AGRICULTURAL_FIRE primarily based on: rural coordinates beyond active industrial buffers; low-intensity thermal signature (18.1 MW); repeated temporal persistence (8 recorded events). (Note: Statistical feature correlation, not verified physical causality)."
9b06ff2d8e,21.10615,72.64445,AGRICULTURAL_FIRE,MODERATE,22.9,339.46,N21,2026-09-09 13:37:00 IST,17,FAC-003,Jamnagar Petrochemical & Flare Complex,industrial,307.165,LOW,LOW,CL-0103,27,1.0,CL-0103 (27 hotspots),0.88,None (Open / Rural Area),,AGRICULTURAL_FIRE,0.876,"Event labeled as AGRICULTURAL_FIRE primarily based on: rural coordinates beyond active industrial buffers; low-intensity thermal signature (22.9 MW); repeated temporal persistence (17 recorded events). (Note: Statistical feature correlation, not verified physical causality)."
81df63c6fc,22.35879,82.30294,AGRICULTURAL_FIRE,MODERATE,11.06,346.22,N21,2026-09-09 13:37:00 IST,3,FAC-007,Bhilai Steel Complex,industrial,161.161,LOW,LOW,CL-0114,7,1.0,CL-0114 (7 hotspots),0.88,None (Open / Rural Area),,AGRICULTURAL_FIRE,0.9908,"Event labeled as AGRICULTURAL_FIRE primarily based on: rural coordinates beyond active industrial buffers; low-intensity thermal signature (11.1 MW); repeated temporal persistence (3 recorded events). (Note: Statistical feature correlation, not verified physical causality)."
be1c50a97c,22.78133,69.45798,AGRICULTURAL_FIRE,MODERATE,6.85,343.61,N21,2026-09-09 13:37:00 IST,1,FAC-003,Jamnagar Petrochemical & Flare Complex,industrial,70.582,LOW,LOW,NOISE,1,1.0,NOISE (1 hotspot),0.88,None (Open / Rural Area),,AGRICULTURAL_FIRE,0.9882,"Event labeled as AGRICULTURAL_FIRE primarily based on: rural coordinates beyond active industrial buffers; low-intensity thermal signature (6.8 MW); isolated/spontaneous thermal occurrence. (Note: Statistical feature correlation, not verified physical causality)."
e0cc835ec0,22.92812,70.10755,AGRICULTURAL_FIRE,MODERATE,7.38,339.98,N21,2026-09-09 13:37:00 IST,2,FAC-003,Jamnagar Petrochemical & Flare Complex,industrial,51.119,LOW,LOW,CL-0104,2,1.0,CL-0104 (2 hotspots),0.88,None (Open / Rural Area),,AGRICULTURAL_FIRE,0.9937,"Event labeled as AGRICULTURAL_FIRE primarily based on: rural coordinates beyond active industrial buffers; low-intensity thermal signature (7.4 MW); isolated/spontaneous thermal occurrence. (Note: Statistical feature correlation, not verified physical causality)."
2f3041127d,23.04061,69.77237,AGRICULTURAL_FIRE,MODERATE,3.61,330.06,N21,2026-09-09 13:37:00 IST,1,FAC-003,Jamnagar Petrochemical & Flare Complex,industrial,69.799,LOW,LOW,NOISE,1,1.0,NOISE (1 hotspot),0.88,None (Open / Rural Area),,AGRICULTURAL_FIRE,0.9813,"Event labeled as AGRICULTURAL_FIRE primarily based on: rural coordinates beyond active industrial buffers; low-intensity thermal signature (3.6 MW); isolated/spontaneous thermal occurrence. (Note: Statistical feature correlation, not verified physical causality)."
776fb82cec,23.0556,69.65101,AGRICULTURAL_FIRE,MODERATE,5.63,341.33,N21,2026-09-09 13:37:00 IST,1,FAC-003,Jamnagar Petrochemical & Flare Complex,industrial,77.258,LOW,LOW,NOISE,1,1.0,NOISE (1 hotspot),0.88,None (Open / Rural Area),,AGRICULTURAL_FIRE,0.9882,"Event labeled as AGRICULTURAL_FIRE primarily based on: rural coordinates beyond active industrial buffers; low-intensity thermal signature (5.6 MW); isolated/spontaneous thermal occurrence. (Note: Statistical feature correlation, not verified physical causality)."
352e4a733d,23.77867,86.20861,AGRICULTURAL_FIRE,MODERATE,5.77,332.71,N21,2026-09-09 13:37:00 IST,5,FAC-005,"Tata Steel Plant, Jamshedpur",industrial,108.338,LOW,LOW,CL-0109,5,1.0,CL-0109 (5 hotspots),0.88,None (Open / Rural Area),,AGRICULTURAL_FIRE,0.9905,"Event labeled as AGRICULTURAL_FIRE primarily based on: rural coordinates beyond active industrial buffers; low-intensity thermal signature (5.8 MW); repeated temporal persistence (5 recorded events). (Note: Statistical feature correlation, not verified physical causality)."
81ba5025f5,23.78031,86.20837,AGRICULTURAL_FIRE,MODERATE,7.91,331.9,N21,2026-09-09 13:37:00 IST,5,FAC-005,"Tata Steel Plant, Jamshedpur",industrial,108.52,LOW,LOW,CL-0109,5,1.0,CL-0109 (5 hotspots),0.88,None (Open / Rural Area),,AGRICULTURAL_FIRE,0.9905,"Event labeled as AGRICULTURAL_FIRE primarily based on: rural coordinates beyond active industrial buffers; low-intensity thermal signature (7.9 MW); repeated temporal persistence (5 recorded events). (Note: Statistical feature correlation, not verified physical causality)."
97b85467e9,25.14409,68.35629,AGRICULTURAL_FIRE,MODERATE,5.15,333.26,N21,2026-09-09 13:37:00 IST,1,FAC-003,Jamnagar Petrochemical & Flare Complex,industrial,343.976,LOW,LOW,NOISE,1,1.0,NOISE (1 hotspot),0.88,None (Open / Rural Area),,AGRICULTURAL_FIRE,0.9879,"Event labeled as AGRICULTURAL_FIRE primarily based on: rural coordinates beyond active industrial buffers; low-intensity thermal signature (5.2 MW); isolated/spontaneous thermal occurrence. (Note: Statistical feature correlation, not verified physical causality)."
6162b1fea8,25.38668,68.58372,AGRICULTURAL_FIRE,MODERATE,2.85,338.48,N21,2026-09-09 13:37:00 IST,6,FAC-003,Jamnagar Petrochemical & Flare Complex,industrial,357.168,LOW,LOW,CL-0120,7,1.0,CL-0120 (7 hotspots),0.88,None (Open / Rural Area),,AGRICULTURAL_FIRE,0.9905,"Event labeled as AGRICULTURAL_FIRE primarily based on: rural coordinates beyond active industrial buffers; low-intensity thermal signature (2.9 MW); repeated temporal persistence (6 recorded events). (Note: Statistical feature correlation, not verified physical causality)."
d615468db7,25.99035,68.83852,AGRICULTURAL_FIRE,MODERATE,2.78,336.42,N21,2026-09-09 13:37:00 IST,1,FAC-003,Jamnagar Petrochemical & Flare Complex,industrial,410.419,LOW,LOW,NOISE,1,1.0,NOISE (1 hotspot),0.88,None (Open / Rural Area),,AGRICULTURAL_FIRE,0.9879,"Event labeled as AGRICULTURAL_FIRE primarily based on: rural coordinates beyond active industrial buffers; low-intensity thermal signature (2.8 MW); isolated/spontaneous thermal occurrence. (Note: Statistical feature correlation, not verified physical causality)."
fed9fa4edc,26.64483,79.48153,AGRICULTURAL_FIRE,MODERATE,4.05,330.06,N21,2026-09-09 13:37:00 IST,1,FAC-002,Amausi Industrial Area,industrial,137.767,LOW,LOW,NOISE,1,1.0,NOISE (1 hotspot),0.88,None (Open / Rural Area),,AGRICULTURAL_FIRE,0.9813,"Event labeled as AGRICULTURAL_FIRE primarily based on: rural coordinates beyond active industrial buffers; low-intensity thermal signature (4.0 MW); isolated/spontaneous thermal occurrence. (Note: Statistical feature correlation, not verified physical causality)."
aedba708c4,30.31971,69.83965,AGRICULTURAL_FIRE,MODERATE,8.29,341.07,N21,2026-09-09 13:39:00 IST,1,FAC-004,Mathura Refinery (IOCL),industrial,822.402,LOW,LOW,NOISE,1,1.0,NOISE (1 hotspot),0.88,None (Open / Rural Area),,AGRICULTURAL_FIRE,0.987,"Event labeled as AGRICULTURAL_FIRE primarily based on: rural coordinates beyond active industrial buffers; low-intensity thermal signature (8.3 MW); isolated/spontaneous thermal occurrence. (Note: Statistical feature correlation, not verified physical causality)."
de863a488f,30.36686,73.61315,AGRICULTURAL_FIRE,MODERATE,4.64,337.6,N21,2026-09-09 13:39:00 IST,1,FAC-004,Mathura Refinery (IOCL),industrial,502.99,LOW,LOW,NOISE,1,1.0,NOISE (1 hotspot),0.88,None (Open / Rural Area),,AGRICULTURAL_FIRE,0.9927,"Event labeled as AGRICULTURAL_FIRE primarily based on: rural coordinates beyond active industrial buffers; low-intensity thermal signature (4.6 MW); isolated/spontaneous thermal occurrence. (Note: Statistical feature correlation, not verified physical causality)."
2c00207ae2,30.46358,73.84248,AGRICULTURAL_FIRE,MODERATE,2.89,333.16,N21,2026-09-09 13:39:00 IST,1,FAC-004,Mathura Refinery (IOCL),industrial,492.315,LOW,LOW,NOISE,1,1.0,NOISE (1 hotspot),0.88,None (Open / Rural Area),,AGRICULTURAL_FIRE,0.9879,"Event labeled as AGRICULTURAL_FIRE primarily based on: rural coordinates beyond active industrial buffers; low-intensity thermal signature (2.9 MW); isolated/spontaneous thermal occurrence. (Note: Statistical feature correlation, not verified physical causality)."
bb6c406dce,31.24909,75.12587,AGRICULTURAL_FIRE,MODERATE,2.91,331.85,N21,2026-09-09 13:39:00 IST,1,FAC-004,Mathura Refinery (IOCL),industrial,476.661,LOW,LOW,NOISE,1,1.0,NOISE (1 hotspot),0.88,None (Open / Rural Area),,AGRICULTURAL_FIRE,0.9813,"Event labeled as AGRICULTURAL_FIRE primarily based on: rural coordinates beyond active industrial buffers; low-intensity thermal signature (2.9 MW); isolated/spontaneous thermal occurrence. (Note: Statistical feature correlation, not verified physical causality)."
ff191eb76f,31.31425,75.0283,AGRICULTURAL_FIRE,MODERATE,3.21,335.07,N21,2026-09-09 13:39:00 IST,1,FAC-004,Mathura Refinery (IOCL),industrial,487.75,LOW,LOW,NOISE,1,1.0,NOISE (1 hotspot),0.88,None (Open / Rural Area),,AGRICULTURAL_FIRE,0.9879,"Event labeled as AGRICULTURAL_FIRE primarily based on: rural coordinates beyond active industrial buffers; low-intensity thermal signature (3.2 MW); isolated/spontaneous thermal occurrence. (Note: Statistical feature correlation, not verified physical causality)."
1aede62e76,31.38428,74.80376,AGRICULTURAL_FIRE,MODERATE,4.3,331.82,N21,2026-09-09 13:39:00 IST,1,FAC-004,Mathura Refinery (IOCL),industrial,506.024,LOW,LOW,NOISE,1,1.0,NOISE (1 hotspot),0.88,None (Open / Rural Area),,AGRICULTURAL_FIRE,0.9813,"Event labeled as AGRICULTURAL_FIRE primarily based on: rural coordinates beyond active industrial buffers; low-intensity thermal signature (4.3 MW); isolated/spontaneous thermal occurrence. (Note: Statistical feature correlation, not verified physical causality)."
fd8d971467,31.56111,75.2141,AGRICULTURAL_FIRE,MODERATE,2.96,332.42,N21,2026-09-09 13:39:00 IST,1,FAC-004,Mathura Refinery (IOCL),industrial,502.222,LOW,LOW,NOISE,1,1.0,NOISE (1 hotspot),0.88,None (Open / Rural Area),,AGRICULTURAL_FIRE,0.9879,"Event labeled as AGRICULTURAL_FIRE primarily based on: rural coordinates beyond active industrial buffers; low-intensity thermal signature (3.0 MW); isolated/spontaneous thermal occurrence. (Note: Statistical feature correlation, not verified physical causality)."
6050a222c3,31.56716,74.99506,AGRICULTURAL_FIRE,MODERATE,4.56,336.47,N21,2026-09-09 13:39:00 IST,1,FAC-004,Mathura Refinery (IOCL),industrial,513.269,LOW,LOW,NOISE,1,1.0,NOISE (1 hotspot),0.88,None (Open / Rural Area),,AGRICULTURAL_FIRE,0.9879,"Event labeled as AGRICULTURAL_FIRE primarily based on: rural coordinates beyond active industrial buffers; low-intensity thermal signature (4.6 MW); isolated/spontaneous thermal occurrence. (Note: Statistical feature correlation, not verified physical causality)."
9480f0778a,31.59089,73.54737,AGRICULTURAL_FIRE,MODERATE,3.18,331.89,N21,2026-09-09 13:39:00 IST,1,FAC-004,Mathura Refinery (IOCL),industrial,598.765,LOW,LOW,NOISE,1,1.0,NOISE (1 hotspot),0.88,None (Open / Rural Area),,AGRICULTURAL_FIRE,0.9813,"Event labeled as AGRICULTURAL_FIRE primarily based on: rural coordinates beyond active industrial buffers; low-intensity thermal signature (3.2 MW); isolated/spontaneous thermal occurrence. (Note: Statistical feature correlation, not verified physical causality)."
ae66cac0b5,31.60621,75.0046,AGRICULTURAL_FIRE,MODERATE,2.71,332.59,N21,2026-09-09 13:39:00 IST,1,FAC-004,Mathura Refinery (IOCL),industrial,516.517,LOW,LOW,NOISE,1,1.0,NOISE (1 hotspot),0.88,None (Open / Rural Area),,AGRICULTURAL_FIRE,0.9879,"Event labeled as AGRICULTURAL_FIRE primarily based on: rural coordinates beyond active industrial buffers; low-intensity thermal signature (2.7 MW); isolated/spontaneous thermal occurrence. (Note: Statistical feature correlation, not verified physical causality)."
65c61c08e5,31.6447,75.01,AGRICULTURAL_FIRE,MODERATE,2.3,335.05,N21,2026-09-09 13:39:00 IST,1,FAC-004,Mathura Refinery (IOCL),industrial,519.93,LOW,LOW,NOISE,1,1.0,NOISE (1 hotspot),0.88,None (Open / Rural Area),,AGRICULTURAL_FIRE,0.9879,"Event labeled as AGRICULTURAL_FIRE primarily based on: rural coordinates beyond active industrial buffers; low-intensity thermal signature (2.3 MW); isolated/spontaneous thermal occurrence. (Note: Statistical feature correlation, not verified physical causality)."
271d6c4d20,31.69981,72.22272,AGRICULTURAL_FIRE,MODERATE,2.91,336.34,N21,2026-09-09 13:39:00 IST,1,FAC-004,Mathura Refinery (IOCL),industrial,698.761,LOW,LOW,NOISE,1,1.0,NOISE (1 hotspot),0.88,None (Open / Rural Area),,AGRICULTURAL_FIRE,0.9879,"Event labeled as AGRICULTURAL_FIRE primarily based on: rural coordinates beyond active industrial buffers; low-intensity thermal signature (2.9 MW); isolated/spontaneous thermal occurrence. (Note: Statistical feature correlation, not verified physical causality)."
9a1cf860ae,31.72758,72.35172,AGRICULTURAL_FIRE,MODERATE,2.21,335.12,N21,2026-09-09 13:39:00 IST,1,FAC-004,Mathura Refinery (IOCL),industrial,691.368,LOW,LOW,NOISE,1,1.0,NOISE (1 hotspot),0.88,None (Open / Rural Area),,AGRICULTURAL_FIRE,0.9879,"Event labeled as AGRICULTURAL_FIRE primarily based on: rural coordinates beyond active industrial buffers; low-intensity thermal signature (2.2 MW); isolated/spontaneous thermal occurrence. (Note: Statistical feature correlation, not verified physical causality)."
4978ad6a9e,32.57676,72.56045,AGRICULTURAL_FIRE,MODERATE,2.08,332.85,N21,2026-09-09 13:39:00 IST,2,FAC-004,Mathura Refinery (IOCL),industrial,742.337,LOW,LOW,CL-0128,5,1.0,CL-0128 (5 hotspots),0.88,None (Open / Rural Area),,AGRICULTURAL_FIRE,0.9889,"Event labeled as AGRICULTURAL_FIRE primarily based on: rural coordinates beyond active industrial buffers; low-intensity thermal signature (2.1 MW); isolated/spontaneous thermal occurrence. (Note: Statistical feature correlation, not verified physical causality)."
62ba96877e,34.0943,72.01019,AGRICULTURAL_FIRE,MODERATE,4.47,341.66,N21,2026-09-09 13:39:00 IST,1,FAC-004,Mathura Refinery (IOCL),industrial,903.679,LOW,LOW,NOISE,1,1.0,NOISE (1 hotspot),0.88,None (Open / Rural Area),,AGRICULTURAL_FIRE,0.9882,"Event labeled as AGRICULTURAL_FIRE primarily based on: rural coordinates beyond active industrial buffers; low-intensity thermal signature (4.5 MW); isolated/spontaneous thermal occurrence. (Note: Statistical feature correlation, not verified physical causality)."
2bce920f27,24.36372,90.91956,AGRICULTURAL_FIRE,MODERATE,5.1,295.87,N21,2026-09-10 00:23:00 IST,1,FAC-005,"Tata Steel Plant, Jamshedpur",industrial,512.607,LOW,LOW,NOISE,1,1.0,NOISE (1 hotspot),0.88,None (Open / Rural Area),,AGRICULTURAL_FIRE,0.9503,"Event labeled as AGRICULTURAL_FIRE primarily based on: rural coordinates beyond active industrial buffers; low-intensity thermal signature (5.1 MW); isolated/spontaneous thermal occurrence. (Note: Statistical feature correlation, not verified physical causality)."
512a3f6d22,32.57431,72.5625,AGRICULTURAL_FIRE,MODERATE,3.31,314.95,N21,2026-09-10 02:02:00 IST,3,FAC-004,Mathura Refinery (IOCL),industrial,742.007,LOW,LOW,CL-0128,5,1.0,CL-0128 (5 hotspots),0.88,None (Open / Rural Area),,AGRICULTURAL_FIRE,1.0,"Event labeled as AGRICULTURAL_FIRE primarily based on: rural coordinates beyond active industrial buffers; low-intensity thermal signature (3.3 MW); repeated temporal persistence (3 recorded events). (Note: Statistical feature correlation, not verified physical causality)."
2dcdf5f112,32.65152,70.47442,AGRICULTURAL_FIRE,MODERATE,2.28,314.64,N21,2026-09-10 02:02:00 IST,2,FAC-004,Mathura Refinery (IOCL),industrial,893.508,LOW,LOW,CL-0129,2,1.0,CL-0129 (2 hotspots),0.88,None (Open / Rural Area),,AGRICULTURAL_FIRE,1.0,"Event labeled as AGRICULTURAL_FIRE primarily based on: rural coordinates beyond active industrial buffers; low-intensity thermal signature (2.3 MW); isolated/spontaneous thermal occurrence. (Note: Statistical feature correlation, not verified physical causality)."
f4fbce09d5,32.71631,72.77657,AGRICULTURAL_FIRE,MODERATE,1.37,305.63,N21,2026-09-10 02:02:00 IST,3,FAC-004,Mathura Refinery (IOCL),industrial,740.308,LOW,LOW,CL-0130,3,1.0,CL-0130 (3 hotspots),0.88,None (Open / Rural Area),,AGRICULTURAL_FIRE,1.0,"Event labeled as AGRICULTURAL_FIRE primarily based on: rural coordinates beyond active industrial buffers; low-intensity thermal signature (1.4 MW); repeated temporal persistence (3 recorded events). (Note: Statistical feature correlation, not verified physical causality)."
10642b7ccb,32.88884,71.61807,AGRICULTURAL_FIRE,MODERATE,2.7,308.36,N21,2026-09-10 02:02:00 IST,2,FAC-004,Mathura Refinery (IOCL),industrial,829.047,LOW,LOW,CL-0131,3,1.0,CL-0131 (3 hotspots),0.88,None (Open / Rural Area),,AGRICULTURAL_FIRE,1.0,"Event labeled as AGRICULTURAL_FIRE primarily based on: rural coordinates beyond active industrial buffers; low-intensity thermal signature (2.7 MW); isolated/spontaneous thermal occurrence. (Note: Statistical feature correlation, not verified physical causality)."
507304b4fc,33.29591,71.18521,AGRICULTURAL_FIRE,MODERATE,1.32,306.68,N21,2026-09-10 02:02:00 IST,2,FAC-004,Mathura Refinery (IOCL),industrial,889.471,LOW,LOW,CL-0132,2,1.0,CL-0132 (2 hotspots),0.88,None (Open / Rural Area),,AGRICULTURAL_FIRE,1.0,"Event labeled as AGRICULTURAL_FIRE primarily based on: rural coordinates beyond active industrial buffers; low-intensity thermal signature (1.3 MW); isolated/spontaneous thermal occurrence. (Note: Statistical feature correlation, not verified physical causality)."
a2e786f1a1,35.96827,68.68578,AGRICULTURAL_FIRE,MODERATE,1.36,308.53,N21,2026-09-10 02:02:00 IST,2,FAC-004,Mathura Refinery (IOCL),industrial,1260.84,LOW,LOW,CL-0135,2,1.0,CL-0135 (2 hotspots),0.88,None (Open / Rural Area),,AGRICULTURAL_FIRE,1.0,"Event labeled as AGRICULTURAL_FIRE primarily based on: rural coordinates beyond active industrial buffers; low-intensity thermal signature (1.4 MW); isolated/spontaneous thermal occurrence. (Note: Statistical feature correlation, not verified physical causality)."
0010fdec0b,36.93255,80.30405,AGRICULTURAL_FIRE,MODERATE,1.23,301.15,N21,2026-09-10 02:02:00 IST,1,FAC-004,Mathura Refinery (IOCL),industrial,1066.542,LOW,LOW,NOISE,1,1.0,NOISE (1 hotspot),0.88,None (Open / Rural Area),,AGRICULTURAL_FIRE,0.9835,"Event labeled as AGRICULTURAL_FIRE primarily based on: rural coordinates beyond active industrial buffers; low-intensity thermal signature (1.2 MW); isolated/spontaneous thermal occurrence. (Note: Statistical feature correlation, not verified physical causality)."
2fd4421827,24.76222,74.60638,AGRICULTURAL_FIRE,MODERATE,1.7,317.7,N21,2026-09-10 02:04:00 IST,3,FAC-004,Mathura Refinery (IOCL),industrial,441.126,LOW,LOW,CL-0117,3,1.0,CL-0117 (3 hotspots),0.88,None (Open / Rural Area),,AGRICULTURAL_FIRE,1.0,"Event labeled as AGRICULTURAL_FIRE primarily based on: rural coordinates beyond active industrial buffers; low-intensity thermal signature (1.7 MW); repeated temporal persistence (3 recorded events). (Note: Statistical feature correlation, not verified physical causality)."
437f28f388,24.82092,73.09148,AGRICULTURAL_FIRE,MODERATE,1.51,308.04,N21,2026-09-10 02:04:00 IST,2,FAC-003,Jamnagar Petrochemical & Flare Complex,industrial,404.676,LOW,LOW,CL-0118,2,1.0,CL-0118 (2 hotspots),0.88,None (Open / Rural Area),,AGRICULTURAL_FIRE,1.0,"Event labeled as AGRICULTURAL_FIRE primarily based on: rural coordinates beyond active industrial buffers; low-intensity thermal signature (1.5 MW); isolated/spontaneous thermal occurrence. (Note: Statistical feature correlation, not verified physical causality)."
70478869fe,24.93375,74.63393,AGRICULTURAL_FIRE,MODERATE,1.73,310.89,N21,2026-09-10 02:04:00 IST,2,FAC-004,Mathura Refinery (IOCL),industrial,425.575,LOW,LOW,CL-0119,2,1.0,CL-0119 (2 hotspots),0.88,None (Open / Rural Area),,AGRICULTURAL_FIRE,1.0,"Event labeled as AGRICULTURAL_FIRE primarily based on: rural coordinates beyond active industrial buffers; low-intensity thermal signature (1.7 MW); isolated/spontaneous thermal occurrence. (Note: Statistical feature correlation, not verified physical causality)."
c54bbddada,25.38713,68.57884,AGRICULTURAL_FIRE,MODERATE,1.72,308.45,N21,2026-09-10 02:04:00 IST,6,FAC-003,Jamnagar Petrochemical & Flare Complex,industrial,357.422,LOW,LOW,CL-0120,7,1.0,CL-0120 (7 hotspots),0.88,None (Open / Rural Area),,AGRICULTURAL_FIRE,0.9927,"Event labeled as AGRICULTURAL_FIRE primarily based on: rural coordinates beyond active industrial buffers; low-intensity thermal signature (1.7 MW); repeated temporal persistence (6 recorded events). (Note: Statistical feature correlation, not verified physical causality)."
f0a4e30ad8,25.78418,73.69784,AGRICULTURAL_FIRE,MODERATE,3.1,326.09,N21,2026-09-10 02:04:00 IST,3,FAC-004,Mathura Refinery (IOCL),industrial,445.769,LOW,LOW,CL-0214,3,1.0,CL-0214 (3 hotspots),0.88,None (Open / Rural Area),,AGRICULTURAL_FIRE,1.0,"Event labeled as AGRICULTURAL_FIRE primarily based on: rural coordinates beyond active industrial buffers; low-intensity thermal signature (3.1 MW); repeated temporal persistence (3 recorded events). (Note: Statistical feature correlation, not verified physical causality)."
cef1976895,25.86705,68.93176,AGRICULTURAL_FIRE,MODERATE,15.87,340.24,N21,2026-09-10 02:04:00 IST,1,FAC-003,Jamnagar Petrochemical & Flare Complex,industrial,394.545,LOW,LOW,CL-0215,3,1.0,CL-0215 (3 hotspots),0.88,None (Open / Rural Area),,AGRICULTURAL_FIRE,1.0,"Event labeled as AGRICULTURAL_FIRE primarily based on: rural coordinates beyond active industrial buffers; low-intensity thermal signature (15.9 MW); isolated/spontaneous thermal occurrence. (Note: Statistical feature correlation, not verified physical causality)."
05b8c599a7,26.09542,68.87901,AGRICULTURAL_FIRE,MODERATE,1.59,307.88,N21,2026-09-10 02:04:00 IST,2,FAC-003,Jamnagar Petrochemical & Flare Complex,industrial,420.375,LOW,LOW,CL-0148,2,1.0,CL-0148 (2 hotspots),0.88,None (Open / Rural Area),,AGRICULTURAL_FIRE,1.0,"Event labeled as AGRICULTURAL_FIRE primarily based on: rural coordinates beyond active industrial buffers; low-intensity thermal signature (1.6 MW); isolated/spontaneous thermal occurrence. (Note: Statistical feature correlation, not verified physical causality)."
e23c4622d1,26.25774,74.09557,AGRICULTURAL_FIRE,MODERATE,1.41,311.02,N21,2026-09-10 02:04:00 IST,2,FAC-004,Mathura Refinery (IOCL),industrial,387.148,LOW,LOW,CL-0149,2,1.0,CL-0149 (2 hotspots),0.88,None (Open / Rural Area),,AGRICULTURAL_FIRE,1.0,"Event labeled as AGRICULTURAL_FIRE primarily based on: rural coordinates beyond active industrial buffers; low-intensity thermal signature (1.4 MW); isolated/spontaneous thermal occurrence. (Note: Statistical feature correlation, not verified physical causality)."
d42b1d8ad0,26.70252,77.84946,AGRICULTURAL_FIRE,MODERATE,1.1,312.5,N21,2026-09-10 02:04:00 IST,2,FAC-004,Mathura Refinery (IOCL),industrial,100.385,LOW,LOW,CL-0150,2,1.0,CL-0150 (2 hotspots),0.88,None (Open / Rural Area),,AGRICULTURAL_FIRE,1.0,"Event labeled as AGRICULTURAL_FIRE primarily based on: rural coordinates beyond active industrial buffers; low-intensity thermal signature (1.1 MW); isolated/spontaneous thermal occurrence. (Note: Statistical feature correlation, not verified physical causality)."
e646a60c16,26.87631,73.51521,AGRICULTURAL_FIRE,MODERATE,2.1,309.13,N21,2026-09-10 02:04:00 IST,3,FAC-004,Mathura Refinery (IOCL),industrial,421.48,LOW,LOW,CL-0151,3,1.0,CL-0151 (3 hotspots),0.88,None (Open / Rural Area),,AGRICULTURAL_FIRE,1.0,"Event labeled as AGRICULTURAL_FIRE primarily based on: rural coordinates beyond active industrial buffers; low-intensity thermal signature (2.1 MW); repeated temporal persistence (3 recorded events). (Note: Statistical feature correlation, not verified physical causality)."
cc0160d758,27.28864,73.83879,AGRICULTURAL_FIRE,MODERATE,1.22,308.89,N21,2026-09-10 02:04:00 IST,1,FAC-004,Mathura Refinery (IOCL),industrial,382.654,LOW,LOW,NOISE,1,1.0,NOISE (1 hotspot),0.88,None (Open / Rural Area),,AGRICULTURAL_FIRE,1.0,"Event labeled as AGRICULTURAL_FIRE primarily based on: rural coordinates beyond active industrial buffers; low-intensity thermal signature (1.2 MW); isolated/spontaneous thermal occurrence. (Note: Statistical feature correlation, not verified physical causality)."
05e52d4616,27.66615,76.12916,AGRICULTURAL_FIRE,MODERATE,1.7,313.39,N21,2026-09-10 02:04:00 IST,2,FAC-004,Mathura Refinery (IOCL),industrial,155.055,LOW,LOW,CL-0121,2,1.0,CL-0121 (2 hotspots),0.88,None (Open / Rural Area),,AGRICULTURAL_FIRE,1.0,"Event labeled as AGRICULTURAL_FIRE primarily based on: rural coordinates beyond active industrial buffers; low-intensity thermal signature (1.7 MW); isolated/spontaneous thermal occurrence. (Note: Statistical feature correlation, not verified physical causality)."
b5081ffc10,28.27328,77.18404,AGRICULTURAL_FIRE,MODERATE,0.84,308.43,N21,2026-09-10 02:04:00 IST,1,FAC-004,Mathura Refinery (IOCL),industrial,90.876,LOW,LOW,CL-0122,2,1.0,CL-0122 (2 hotspots),0.88,None (Open / Rural Area),,AGRICULTURAL_FIRE,1.0,"Event labeled as AGRICULTURAL_FIRE primarily based on: rural coordinates beyond active industrial buffers; low-intensity thermal signature (0.8 MW); isolated/spontaneous thermal occurrence. (Note: Statistical feature correlation, not verified physical causality)."
5b452db058,28.27658,77.27263,AGRICULTURAL_FIRE,MODERATE,0.67,307.55,N21,2026-09-10 02:04:00 IST,1,FAC-004,Mathura Refinery (IOCL),industrial,86.634,LOW,LOW,NOISE,1,1.0,NOISE (1 hotspot),0.88,None (Open / Rural Area),,AGRICULTURAL_FIRE,1.0,"Event labeled as AGRICULTURAL_FIRE primarily based on: rural coordinates beyond active industrial buffers; low-intensity thermal signature (0.7 MW); isolated/spontaneous thermal occurrence. (Note: Statistical feature correlation, not verified physical causality)."
2b0c27ac34,28.3474,77.23056,AGRICULTURAL_FIRE,MODERATE,0.94,311.03,N21,2026-09-10 02:04:00 IST,3,FAC-004,Mathura Refinery (IOCL),industrial,95.518,LOW,LOW,CL-0123,3,1.0,CL-0123 (3 hotspots),0.88,None (Open / Rural Area),,AGRICULTURAL_FIRE,1.0,"Event labeled as AGRICULTURAL_FIRE primarily based on: rural coordinates beyond active industrial buffers; low-intensity thermal signature (0.9 MW); repeated temporal persistence (3 recorded events). (Note: Statistical feature correlation, not verified physical causality)."
668cb45edf,28.3476,77.27761,AGRICULTURAL_FIRE,MODERATE,0.5,308.61,N21,2026-09-10 02:04:00 IST,1,FAC-004,Mathura Refinery (IOCL),industrial,93.39,LOW,LOW,NOISE,1,1.0,NOISE (1 hotspot),0.88,None (Open / Rural Area),,AGRICULTURAL_FIRE,1.0,"Event labeled as AGRICULTURAL_FIRE primarily based on: rural coordinates beyond active industrial buffers; low-intensity thermal signature (0.5 MW); isolated/spontaneous thermal occurrence. (Note: Statistical feature correlation, not verified physical causality)."
a73f64af28,28.35059,77.25818,AGRICULTURAL_FIRE,MODERATE,0.79,315.85,N21,2026-09-10 02:04:00 IST,2,FAC-004,Mathura Refinery (IOCL),industrial,94.55,LOW,LOW,CL-0124,2,1.0,CL-0124 (2 hotspots),0.88,None (Open / Rural Area),,AGRICULTURAL_FIRE,1.0,"Event labeled as AGRICULTURAL_FIRE primarily based on: rural coordinates beyond active industrial buffers; low-intensity thermal signature (0.8 MW); isolated/spontaneous thermal occurrence. (Note: Statistical feature correlation, not verified physical causality)."
ebe7db1d4f,28.3724,77.22649,AGRICULTURAL_FIRE,MODERATE,2.67,329.26,N21,2026-09-10 02:04:00 IST,1,FAC-004,Mathura Refinery (IOCL),industrial,98.146,LOW,LOW,CL-0216,2,1.0,CL-0216 (2 hotspots),0.88,None (Open / Rural Area),,AGRICULTURAL_FIRE,1.0,"Event labeled as AGRICULTURAL_FIRE primarily based on: rural coordinates beyond active industrial buffers; low-intensity thermal signature (2.7 MW); isolated/spontaneous thermal occurrence. (Note: Statistical feature correlation, not verified physical causality)."
0acac985e9,28.42573,69.7007,AGRICULTURAL_FIRE,MODERATE,2.93,310.64,N21,2026-09-10 02:04:00 IST,3,FAC-003,Jamnagar Petrochemical & Flare Complex,industrial,663.138,LOW,LOW,CL-0125,3,1.0,CL-0125 (3 hotspots),0.88,None (Open / Rural Area),,AGRICULTURAL_FIRE,1.0,"Event labeled as AGRICULTURAL_FIRE primarily based on: rural coordinates beyond active industrial buffers; low-intensity thermal signature (2.9 MW); repeated temporal persistence (3 recorded events). (Note: Statistical feature correlation, not verified physical causality)."
7486628476,28.42579,69.69822,AGRICULTURAL_FIRE,MODERATE,3.01,311.67,N21,2026-09-10 02:04:00 IST,3,FAC-003,Jamnagar Petrochemical & Flare Complex,industrial,663.158,LOW,LOW,CL-0125,3,1.0,CL-0125 (3 hotspots),0.88,None (Open / Rural Area),,AGRICULTURAL_FIRE,1.0,"Event labeled as AGRICULTURAL_FIRE primarily based on: rural coordinates beyond active industrial buffers; low-intensity thermal signature (3.0 MW); repeated temporal persistence (3 recorded events). (Note: Statistical feature correlation, not verified physical causality)."
8eb641f295,28.7076,76.85604,AGRICULTURAL_FIRE,MODERATE,0.23,306.71,N21,2026-09-10 02:04:00 IST,1,FAC-004,Mathura Refinery (IOCL),industrial,148.838,LOW,LOW,NOISE,1,1.0,NOISE (1 hotspot),0.88,None (Open / Rural Area),,AGRICULTURAL_FIRE,1.0,"Event labeled as AGRICULTURAL_FIRE primarily based on: rural coordinates beyond active industrial buffers; low-intensity thermal signature (0.2 MW); isolated/spontaneous thermal occurrence. (Note: Statistical feature correlation, not verified physical causality)."
907d89f16c,28.71445,76.83309,AGRICULTURAL_FIRE,MODERATE,0.8,313.92,N21,2026-09-10 02:04:00 IST,1,FAC-004,Mathura Refinery (IOCL),industrial,150.729,LOW,LOW,NOISE,1,1.0,NOISE (1 hotspot),0.88,None (Open / Rural Area),,AGRICULTURAL_FIRE,1.0,"Event labeled as AGRICULTURAL_FIRE primarily based on: rural coordinates beyond active industrial buffers; low-intensity thermal signature (0.8 MW); isolated/spontaneous thermal occurrence. (Note: Statistical feature correlation, not verified physical causality)."
241c5047c9,28.74343,76.93484,AGRICULTURAL_FIRE,MODERATE,0.84,311.66,N21,2026-09-10 02:04:00 IST,1,FAC-004,Mathura Refinery (IOCL),industrial,148.093,LOW,LOW,NOISE,1,1.0,NOISE (1 hotspot),0.88,None (Open / Rural Area),,AGRICULTURAL_FIRE,1.0,"Event labeled as AGRICULTURAL_FIRE primarily based on: rural coordinates beyond active industrial buffers; low-intensity thermal signature (0.8 MW); isolated/spontaneous thermal occurrence. (Note: Statistical feature correlation, not verified physical causality)."
6ee82a2ff7,28.7955,77.57259,AGRICULTURAL_FIRE,MODERATE,0.67,306.2,N21,2026-09-10 02:04:00 IST,1,FAC-004,Mathura Refinery (IOCL),industrial,134.016,LOW,LOW,NOISE,1,1.0,NOISE (1 hotspot),0.88,None (Open / Rural Area),,AGRICULTURAL_FIRE,1.0,"Event labeled as AGRICULTURAL_FIRE primarily based on: rural coordinates beyond active industrial buffers; low-intensity thermal signature (0.7 MW); isolated/spontaneous thermal occurrence. (Note: Statistical feature correlation, not verified physical causality)."
cac48b6468,28.79756,77.0705,AGRICULTURAL_FIRE,MODERATE,1.42,309.65,N21,2026-09-10 02:04:00 IST,1,FAC-004,Mathura Refinery (IOCL),industrial,147.247,LOW,LOW,NOISE,1,1.0,NOISE (1 hotspot),0.88,None (Open / Rural Area),,AGRICULTURAL_FIRE,1.0,"Event labeled as AGRICULTURAL_FIRE primarily based on: rural coordinates beyond active industrial buffers; low-intensity thermal signature (1.4 MW); isolated/spontaneous thermal occurrence. (Note: Statistical feature correlation, not verified physical causality)."
6428e3c1da,29.02777,73.97745,AGRICULTURAL_FIRE,MODERATE,1.18,308.01,N21,2026-09-10 02:04:00 IST,2,FAC-004,Mathura Refinery (IOCL),industrial,397.761,LOW,LOW,CL-0217,2,1.0,CL-0217 (2 hotspots),0.88,None (Open / Rural Area),,AGRICULTURAL_FIRE,1.0,"Event labeled as AGRICULTURAL_FIRE primarily based on: rural coordinates beyond active industrial buffers; low-intensity thermal signature (1.2 MW); isolated/spontaneous thermal occurrence. (Note: Statistical feature correlation, not verified physical causality)."
ce9cde8de6,29.02843,73.97974,AGRICULTURAL_FIRE,MODERATE,0.97,311.65,N21,2026-09-10 02:04:00 IST,2,FAC-004,Mathura Refinery (IOCL),industrial,397.584,LOW,LOW,CL-0217,2,1.0,CL-0217 (2 hotspots),0.88,None (Open / Rural Area),,AGRICULTURAL_FIRE,0.9918,"Event labeled as AGRICULTURAL_FIRE primarily based on: rural coordinates beyond active industrial buffers; low-intensity thermal signature (1.0 MW); isolated/spontaneous thermal occurrence. (Note: Statistical feature correlation, not verified physical causality)."
b964fafd0a,30.44627,70.56583,AGRICULTURAL_FIRE,MODERATE,0.99,310.24,N21,2026-09-10 02:04:00 IST,2,FAC-004,Mathura Refinery (IOCL),industrial,762.55,LOW,LOW,CL-0126,2,1.0,CL-0126 (2 hotspots),0.88,None (Open / Rural Area),,AGRICULTURAL_FIRE,1.0,"Event labeled as AGRICULTURAL_FIRE primarily based on: rural coordinates beyond active industrial buffers; low-intensity thermal signature (1.0 MW); isolated/spontaneous thermal occurrence. (Note: Statistical feature correlation, not verified physical causality)."
3e22ed3973,31.25045,76.92875,AGRICULTURAL_FIRE,MODERATE,0.86,308.54,N21,2026-09-10 02:04:00 IST,1,FAC-004,Mathura Refinery (IOCL),industrial,413.224,LOW,LOW,CL-0218,2,1.0,CL-0218 (2 hotspots),0.88,None (Open / Rural Area),,AGRICULTURAL_FIRE,1.0,"Event labeled as AGRICULTURAL_FIRE primarily based on: rural coordinates beyond active industrial buffers; low-intensity thermal signature (0.9 MW); isolated/spontaneous thermal occurrence. (Note: Statistical feature correlation, not verified physical causality)."
44bf232315,32.12976,74.17651,AGRICULTURAL_FIRE,MODERATE,1.62,311.63,N21,2026-09-10 02:04:00 IST,1,FAC-004,Mathura Refinery (IOCL),industrial,607.933,LOW,LOW,NOISE,1,1.0,NOISE (1 hotspot),0.88,None (Open / Rural Area),,AGRICULTURAL_FIRE,1.0,"Event labeled as AGRICULTURAL_FIRE primarily based on: rural coordinates beyond active industrial buffers; low-intensity thermal signature (1.6 MW); isolated/spontaneous thermal occurrence. (Note: Statistical feature correlation, not verified physical causality)."
7f6db2aba2,18.5691,74.52812,AGRICULTURAL_FIRE,MODERATE,0.78,309.94,N21,2026-09-10 02:06:00 IST,1,FAC-003,Jamnagar Petrochemical & Flare Complex,industrial,636.254,LOW,LOW,NOISE,1,1.0,NOISE (1 hotspot),0.88,None (Open / Rural Area),,AGRICULTURAL_FIRE,1.0,"Event labeled as AGRICULTURAL_FIRE primarily based on: rural coordinates beyond active industrial buffers; low-intensity thermal signature (0.8 MW); isolated/spontaneous thermal occurrence. (Note: Statistical feature correlation, not verified physical causality)."
13a96be33a,18.57131,74.15503,AGRICULTURAL_FIRE,MODERATE,0.78,300.17,N21,2026-09-10 02:06:00 IST,2,FAC-003,Jamnagar Petrochemical & Flare Complex,industrial,608.243,LOW,LOW,CL-0141,2,1.0,CL-0141 (2 hotspots),0.88,None (Open / Rural Area),,AGRICULTURAL_FIRE,1.0,"Event labeled as AGRICULTURAL_FIRE primarily based on: rural coordinates beyond active industrial buffers; low-intensity thermal signature (0.8 MW); isolated/spontaneous thermal occurrence. (Note: Statistical feature correlation, not verified physical causality)."
79a338f496,18.68232,73.03611,AGRICULTURAL_FIRE,MODERATE,1.89,310.26,N21,2026-09-10 02:06:00 IST,1,FAC-003,Jamnagar Petrochemical & Flare Complex,industrial,523.004,LOW,LOW,CL-0142,3,1.0,CL-0142 (3 hotspots),0.88,None (Open / Rural Area),,AGRICULTURAL_FIRE,1.0,"Event labeled as AGRICULTURAL_FIRE primarily based on: rural coordinates beyond active industrial buffers; low-intensity thermal signature (1.9 MW); isolated/spontaneous thermal occurrence. (Note: Statistical feature correlation, not verified physical causality)."
1bd707d0fd,18.8592,72.92779,AGRICULTURAL_FIRE,MODERATE,6.95,333.14,N21,2026-09-10 02:06:00 IST,1,FAC-003,Jamnagar Petrochemical & Flare Complex,industrial,500.389,LOW,LOW,NOISE,1,1.0,NOISE (1 hotspot),0.88,None (Open / Rural Area),,AGRICULTURAL_FIRE,1.0,"Event labeled as AGRICULTURAL_FIRE primarily based on: rural coordinates beyond active industrial buffers; low-intensity thermal signature (7.0 MW); isolated/spontaneous thermal occurrence. (Note: Statistical feature correlation, not verified physical causality)."
d0ad2e27e3,19.14089,74.70187,AGRICULTURAL_FIRE,MODERATE,0.6,302.59,N21,2026-09-10 02:06:00 IST,1,FAC-003,Jamnagar Petrochemical & Flare Complex,industrial,608.287,LOW,LOW,NOISE,1,1.0,NOISE (1 hotspot),0.88,None (Open / Rural Area),,AGRICULTURAL_FIRE,1.0,"Event labeled as AGRICULTURAL_FIRE primarily based on: rural coordinates beyond active industrial buffers; low-intensity thermal signature (0.6 MW); isolated/spontaneous thermal occurrence. (Note: Statistical feature correlation, not verified physical causality)."
a775dbd6df,19.17634,70.94287,AGRICULTURAL_FIRE,MODERATE,3.76,307.62,N21,2026-09-10 02:06:00 IST,2,FAC-003,Jamnagar Petrochemical & Flare Complex,industrial,377.688,LOW,LOW,CL-0143,2,1.0,CL-0143 (2 hotspots),0.88,None (Open / Rural Area),,AGRICULTURAL_FIRE,1.0,"Event labeled as AGRICULTURAL_FIRE primarily based on: rural coordinates beyond active industrial buffers; low-intensity thermal signature (3.8 MW); isolated/spontaneous thermal occurrence. (Note: Statistical feature correlation, not verified physical causality)."
f37250876e,19.33292,72.01788,AGRICULTURAL_FIRE,MODERATE,2.07,304.74,N21,2026-09-10 02:06:00 IST,2,FAC-003,Jamnagar Petrochemical & Flare Complex,industrial,403.956,LOW,LOW,CL-0102,2,1.0,CL-0102 (2 hotspots),0.88,None (Open / Rural Area),,AGRICULTURAL_FIRE,1.0,"Event labeled as AGRICULTURAL_FIRE primarily based on: rural coordinates beyond active industrial buffers; low-intensity thermal signature (2.1 MW); isolated/spontaneous thermal occurrence. (Note: Statistical feature correlation, not verified physical causality)."
c627276599,19.4157,71.38811,AGRICULTURAL_FIRE,MODERATE,4.64,312.49,N21,2026-09-10 02:06:00 IST,2,FAC-003,Jamnagar Petrochemical & Flare Complex,industrial,366.714,LOW,LOW,CL-0219,2,1.0,CL-0219 (2 hotspots),0.88,None (Open / Rural Area),,AGRICULTURAL_FIRE,1.0,"Event labeled as AGRICULTURAL_FIRE primarily based on: rural coordinates beyond active industrial buffers; low-intensity thermal signature (4.6 MW); isolated/spontaneous thermal occurrence. (Note: Statistical feature correlation, not verified physical causality)."
368e7e45a1,19.41655,71.39067,AGRICULTURAL_FIRE,MODERATE,4.06,308.02,N21,2026-09-10 02:06:00 IST,2,FAC-003,Jamnagar Petrochemical & Flare Complex,industrial,366.726,LOW,LOW,CL-0219,2,1.0,CL-0219 (2 hotspots),0.88,None (Open / Rural Area),,AGRICULTURAL_FIRE,1.0,"Event labeled as AGRICULTURAL_FIRE primarily based on: rural coordinates beyond active industrial buffers; low-intensity thermal signature (4.1 MW); isolated/spontaneous thermal occurrence. (Note: Statistical feature correlation, not verified physical causality)."
c26f1c2502,19.56959,71.35637,AGRICULTURAL_FIRE,MODERATE,8.49,329.76,N21,2026-09-10 02:06:00 IST,3,FAC-003,Jamnagar Petrochemical & Flare Complex,industrial,349.611,LOW,LOW,CL-0220,4,1.0,CL-0220 (4 hotspots),0.88,None (Open / Rural Area),,AGRICULTURAL_FIRE,1.0,"Event labeled as AGRICULTURAL_FIRE primarily based on: rural coordinates beyond active industrial buffers; low-intensity thermal signature (8.5 MW); repeated temporal persistence (3 recorded events). (Note: Statistical feature correlation, not verified physical causality)."
c734e322e4,19.57268,71.3616,AGRICULTURAL_FIRE,MODERATE,3.65,318.98,N21,2026-09-10 02:06:00 IST,3,FAC-003,Jamnagar Petrochemical & Flare Complex,industrial,349.504,LOW,LOW,CL-0220,4,1.0,CL-0220 (4 hotspots),0.88,None (Open / Rural Area),,AGRICULTURAL_FIRE,1.0,"Event labeled as AGRICULTURAL_FIRE primarily based on: rural coordinates beyond active industrial buffers; low-intensity thermal signature (3.6 MW); repeated temporal persistence (3 recorded events). (Note: Statistical feature correlation, not verified physical causality)."
76e6feb26f,19.9362,73.71065,AGRICULTURAL_FIRE,MODERATE,1.65,310.84,N21,2026-09-10 02:06:00 IST,3,FAC-003,Jamnagar Petrochemical & Flare Complex,industrial,472.008,LOW,LOW,CL-0144,3,1.0,CL-0144 (3 hotspots),0.88,None (Open / Rural Area),,AGRICULTURAL_FIRE,1.0,"Event labeled as AGRICULTURAL_FIRE primarily based on: rural coordinates beyond active industrial buffers; low-intensity thermal signature (1.6 MW); repeated temporal persistence (3 recorded events). (Note: Statistical feature correlation, not verified physical causality)."
b8340e61c7,20.91109,71.4589,AGRICULTURAL_FIRE,MODERATE,2.43,315.52,N21,2026-09-10 02:06:00 IST,4,FAC-003,Jamnagar Petrochemical & Flare Complex,industrial,225.903,LOW,LOW,CL-0145,4,1.0,CL-0145 (4 hotspots),0.88,None (Open / Rural Area),,AGRICULTURAL_FIRE,0.9927,"Event labeled as AGRICULTURAL_FIRE primarily based on: rural coordinates beyond active industrial buffers; low-intensity thermal signature (2.4 MW); repeated temporal persistence (4 recorded events). (Note: Statistical feature correlation, not verified physical causality)."
91731de3d2,20.95217,86.04386,AGRICULTURAL_FIRE,MODERATE,0.42,296.74,N21,2026-09-10 02:06:00 IST,1,FAC-006,Kalinganagar Industrial Corridor,industrial,8.283,LOW,LOW,NOISE,1,1.0,NOISE (1 hotspot),0.88,None (Open / Rural Area),,AGRICULTURAL_FIRE,0.9918,"Event labeled as AGRICULTURAL_FIRE primarily based on: rural coordinates beyond active industrial buffers; low-intensity thermal signature (0.4 MW); isolated/spontaneous thermal occurrence. (Note: Statistical feature correlation, not verified physical causality)."
543c41bf7c,20.96053,86.00558,AGRICULTURAL_FIRE,MODERATE,1.14,302.8,N21,2026-09-10 02:06:00 IST,1,FAC-006,Kalinganagar Industrial Corridor,industrial,5.047,LOW,LOW,CL-0006,7,1.0,CL-0006 (7 hotspots),0.88,None (Open / Rural Area),,AGRICULTURAL_FIRE,0.9917,"Event labeled as AGRICULTURAL_FIRE primarily based on: rural coordinates beyond active industrial buffers; low-intensity thermal signature (1.1 MW); isolated/spontaneous thermal occurrence. (Note: Statistical feature correlation, not verified physical causality)."
0495d18127,20.9651,86.01086,AGRICULTURAL_FIRE,MODERATE,1.14,304.01,N21,2026-09-10 02:06:00 IST,5,FAC-006,Kalinganagar Industrial Corridor,industrial,5.791,LOW,LOW,CL-0006,7,1.0,CL-0006 (7 hotspots),0.88,None (Open / Rural Area),,AGRICULTURAL_FIRE,0.9927,"Event labeled as AGRICULTURAL_FIRE primarily based on: rural coordinates beyond active industrial buffers; low-intensity thermal signature (1.1 MW); repeated temporal persistence (5 recorded events). (Note: Statistical feature correlation, not verified physical causality)."
4d62a1f76b,20.96677,86.00318,AGRICULTURAL_FIRE,MODERATE,1.02,298.31,N21,2026-09-10 02:06:00 IST,5,FAC-006,Kalinganagar Industrial Corridor,industrial,5.311,LOW,LOW,CL-0006,7,1.0,CL-0006 (7 hotspots),0.88,None (Open / Rural Area),,AGRICULTURAL_FIRE,0.9845,"Event labeled as AGRICULTURAL_FIRE primarily based on: rural coordinates beyond active industrial buffers; low-intensity thermal signature (1.0 MW); repeated temporal persistence (5 recorded events). (Note: Statistical feature correlation, not verified physical causality)."
fe92d7353f,20.96883,86.01999,AGRICULTURAL_FIRE,MODERATE,1.43,301.25,N21,2026-09-10 02:06:00 IST,1,FAC-006,Kalinganagar Industrial Corridor,industrial,6.799,LOW,LOW,CL-0006,7,1.0,CL-0006 (7 hotspots),0.88,None (Open / Rural Area),,AGRICULTURAL_FIRE,0.9835,"Event labeled as AGRICULTURAL_FIRE primarily based on: rural coordinates beyond active industrial buffers; low-intensity thermal signature (1.4 MW); isolated/spontaneous thermal occurrence. (Note: Statistical feature correlation, not verified physical causality)."
5421862ad5,20.96967,86.01614,AGRICULTURAL_FIRE,MODERATE,1.43,298.06,N21,2026-09-10 02:06:00 IST,5,FAC-006,Kalinganagar Industrial Corridor,industrial,6.536,LOW,LOW,CL-0006,7,1.0,CL-0006 (7 hotspots),0.88,None (Open / Rural Area),,AGRICULTURAL_FIRE,0.9845,"Event labeled as AGRICULTURAL_FIRE primarily based on: rural coordinates beyond active industrial buffers; low-intensity thermal signature (1.4 MW); repeated temporal persistence (5 recorded events). (Note: Statistical feature correlation, not verified physical causality)."
2a48306cc8,20.97049,86.01234,AGRICULTURAL_FIRE,MODERATE,2.89,311.64,N21,2026-09-10 02:06:00 IST,5,FAC-006,Kalinganagar Industrial Corridor,industrial,6.29,LOW,LOW,CL-0006,7,1.0,CL-0006 (7 hotspots),0.88,None (Open / Rural Area),,AGRICULTURAL_FIRE,0.9927,"Event labeled as AGRICULTURAL_FIRE primarily based on: rural coordinates beyond active industrial buffers; low-intensity thermal signature (2.9 MW); repeated temporal persistence (5 recorded events). (Note: Statistical feature correlation, not verified physical causality)."
15b65ccaf1,21.1813,81.38794,INDUSTRIAL_FLARE,LOW,0.97,302.62,N21,2026-09-10 02:06:00 IST,4,FAC-007,Bhilai Steel Complex,industrial,1.27,HIGH,HIGH,CL-0040,5,1.0,CL-0040 (5 hotspots),0.92,Bhilai Steel Complex,1.27,INDUSTRIAL_FLARE,0.9697,"Event labeled as INDUSTRIAL_FLARE primarily based on: spatial proximity to an industrial facility (1.27 km); low-intensity thermal signature (1.0 MW); repeated temporal persistence (4 recorded events). (Note: Statistical feature correlation, not verified physical causality)."
d9e2281089,21.18205,81.38406,INDUSTRIAL_FLARE,LOW,0.97,301.54,N21,2026-09-10 02:06:00 IST,4,FAC-007,Bhilai Steel Complex,industrial,0.979,CRITICAL,CRITICAL,CL-0040,5,1.0,CL-0040 (5 hotspots),0.92,Bhilai Steel Complex,0.98,INDUSTRIAL_FLARE,0.9072,"Event labeled as INDUSTRIAL_FLARE primarily based on: spatial proximity to an industrial facility (0.98 km); low-intensity thermal signature (1.0 MW); repeated temporal persistence (4 recorded events). (Note: Statistical feature correlation, not verified physical causality)."
b6768452fd,21.18536,81.38883,INDUSTRIAL_FLARE,LOW,1.26,303.04,N21,2026-09-10 02:06:00 IST,4,FAC-007,Bhilai Steel Complex,industrial,1.051,HIGH,HIGH,CL-0040,5,1.0,CL-0040 (5 hotspots),0.92,Bhilai Steel Complex,1.05,INDUSTRIAL_FLARE,0.9154,"Event labeled as INDUSTRIAL_FLARE primarily based on: spatial proximity to an industrial facility (1.05 km); low-intensity thermal signature (1.3 MW); repeated temporal persistence (4 recorded events). (Note: Statistical feature correlation, not verified physical causality)."
ff5dc555d1,21.24435,79.22292,AGRICULTURAL_FIRE,MODERATE,0.93,299.97,N21,2026-09-10 02:06:00 IST,1,FAC-007,Bhilai Steel Complex,industrial,223.678,LOW,LOW,NOISE,1,1.0,NOISE (1 hotspot),0.88,None (Open / Rural Area),,AGRICULTURAL_FIRE,0.9837,"Event labeled as AGRICULTURAL_FIRE primarily based on: rural coordinates beyond active industrial buffers; low-intensity thermal signature (0.9 MW); isolated/spontaneous thermal occurrence. (Note: Statistical feature correlation, not verified physical causality)."
6daca81501,21.24669,79.20949,AGRICULTURAL_FIRE,MODERATE,0.47,298.56,N21,2026-09-10 02:06:00 IST,1,FAC-007,Bhilai Steel Complex,industrial,225.075,LOW,LOW,CL-0112,4,1.0,CL-0112 (4 hotspots),0.88,None (Open / Rural Area),,AGRICULTURAL_FIRE,1.0,"Event labeled as AGRICULTURAL_FIRE primarily based on: rural coordinates beyond active industrial buffers; low-intensity thermal signature (0.5 MW); isolated/spontaneous thermal occurrence. (Note: Statistical feature correlation, not verified physical causality)."
91351b4e6c,21.24836,79.20725,AGRICULTURAL_FIRE,MODERATE,1.44,302.72,N21,2026-09-10 02:06:00 IST,2,FAC-007,Bhilai Steel Complex,industrial,225.311,LOW,LOW,CL-0112,4,1.0,CL-0112 (4 hotspots),0.88,None (Open / Rural Area),,AGRICULTURAL_FIRE,0.9917,"Event labeled as AGRICULTURAL_FIRE primarily based on: rural coordinates beyond active industrial buffers; low-intensity thermal signature (1.4 MW); isolated/spontaneous thermal occurrence. (Note: Statistical feature correlation, not verified physical causality)."
4704516bf0,21.25029,79.21022,AGRICULTURAL_FIRE,MODERATE,0.68,298.98,N21,2026-09-10 02:06:00 IST,1,FAC-007,Bhilai Steel Complex,industrial,225.008,LOW,LOW,CL-0112,4,1.0,CL-0112 (4 hotspots),0.88,None (Open / Rural Area),,AGRICULTURAL_FIRE,1.0,"Event labeled as AGRICULTURAL_FIRE primarily based on: rural coordinates beyond active industrial buffers; low-intensity thermal signature (0.7 MW); isolated/spontaneous thermal occurrence. (Note: Statistical feature correlation, not verified physical causality)."
923913abdd,21.3112,81.592,AGRICULTURAL_FIRE,MODERATE,1.64,305.52,N21,2026-09-10 02:06:00 IST,2,FAC-007,Bhilai Steel Complex,industrial,25.775,LOW,LOW,CL-0041,2,1.0,CL-0041 (2 hotspots),0.88,None (Open / Rural Area),,AGRICULTURAL_FIRE,1.0,"Event labeled as AGRICULTURAL_FIRE primarily based on: rural coordinates beyond active industrial buffers; low-intensity thermal signature (1.6 MW); isolated/spontaneous thermal occurrence. (Note: Statistical feature correlation, not verified physical causality)."
ca831086d1,21.33527,78.96882,AGRICULTURAL_FIRE,MODERATE,1.31,304.59,N21,2026-09-10 02:06:00 IST,2,FAC-007,Bhilai Steel Complex,industrial,250.38,LOW,LOW,CL-0042,5,1.0,CL-0042 (5 hotspots),0.88,None (Open / Rural Area),,AGRICULTURAL_FIRE,1.0,"Event labeled as AGRICULTURAL_FIRE primarily based on: rural coordinates beyond active industrial buffers; low-intensity thermal signature (1.3 MW); isolated/spontaneous thermal occurrence. (Note: Statistical feature correlation, not verified physical causality)."
be08274c55,21.34633,81.66607,AGRICULTURAL_FIRE,MODERATE,2.72,320.23,N21,2026-09-10 02:06:00 IST,2,FAC-007,Bhilai Steel Complex,industrial,34.364,LOW,LOW,CL-0221,2,1.0,CL-0221 (2 hotspots),0.88,None (Open / Rural Area),,AGRICULTURAL_FIRE,1.0,"Event labeled as AGRICULTURAL_FIRE primarily based on: rural coordinates beyond active industrial buffers; low-intensity thermal signature (2.7 MW); isolated/spontaneous thermal occurrence. (Note: Statistical feature correlation, not verified physical causality)."
85981dd524,21.34837,81.6671,AGRICULTURAL_FIRE,MODERATE,2.15,311.87,N21,2026-09-10 02:06:00 IST,2,FAC-007,Bhilai Steel Complex,industrial,34.571,LOW,LOW,CL-0221,2,1.0,CL-0221 (2 hotspots),0.88,None (Open / Rural Area),,AGRICULTURAL_FIRE,1.0,"Event labeled as AGRICULTURAL_FIRE primarily based on: rural coordinates beyond active industrial buffers; low-intensity thermal signature (2.1 MW); isolated/spontaneous thermal occurrence. (Note: Statistical feature correlation, not verified physical causality)."
bd0d53aa39,21.3777,81.68142,AGRICULTURAL_FIRE,MODERATE,2.55,309.45,N21,2026-09-10 02:06:00 IST,3,FAC-007,Bhilai Steel Complex,industrial,37.563,LOW,LOW,CL-0043,3,1.0,CL-0043 (3 hotspots),0.88,None (Open / Rural Area),,AGRICULTURAL_FIRE,1.0,"Event labeled as AGRICULTURAL_FIRE primarily based on: rural coordinates beyond active industrial buffers; low-intensity thermal signature (2.5 MW); repeated temporal persistence (3 recorded events). (Note: Statistical feature correlation, not verified physical causality)."
a2cf971a73,21.38877,81.64631,AGRICULTURAL_FIRE,MODERATE,0.9,304.2,N21,2026-09-10 02:06:00 IST,2,FAC-007,Bhilai Steel Complex,industrial,35.353,LOW,LOW,CL-0044,2,1.0,CL-0044 (2 hotspots),0.88,None (Open / Rural Area),,AGRICULTURAL_FIRE,0.9917,"Event labeled as AGRICULTURAL_FIRE primarily based on: rural coordinates beyond active industrial buffers; low-intensity thermal signature (0.9 MW); isolated/spontaneous thermal occurrence. (Note: Statistical feature correlation, not verified physical causality)."
9e96cb3230,21.69824,72.54119,AGRICULTURAL_FIRE,MODERATE,0.34,309.48,N21,2026-09-10 02:06:00 IST,1,FAC-003,Jamnagar Petrochemical & Flare Complex,industrial,269.916,LOW,LOW,NOISE,1,1.0,NOISE (1 hotspot),0.88,None (Open / Rural Area),,AGRICULTURAL_FIRE,1.0,"Event labeled as AGRICULTURAL_FIRE primarily based on: rural coordinates beyond active industrial buffers; low-intensity thermal signature (0.3 MW); isolated/spontaneous thermal occurrence. (Note: Statistical feature correlation, not verified physical causality)."
e5d0d703fc,22.33609,69.86825,AGRICULTURAL_FIRE,MODERATE,3.88,306.67,N21,2026-09-10 02:06:00 IST,1,FAC-003,Jamnagar Petrochemical & Flare Complex,industrial,24.563,LOW,LOW,NOISE,1,1.0,NOISE (1 hotspot),0.88,None (Open / Rural Area),,AGRICULTURAL_FIRE,1.0,"Event labeled as AGRICULTURAL_FIRE primarily based on: rural coordinates beyond active industrial buffers; low-intensity thermal signature (3.9 MW); isolated/spontaneous thermal occurrence. (Note: Statistical feature correlation, not verified physical causality)."
68f57d3549,22.33755,69.85572,AGRICULTURAL_FIRE,MODERATE,3.92,307.43,N21,2026-09-10 02:06:00 IST,1,FAC-003,Jamnagar Petrochemical & Flare Complex,industrial,25.502,LOW,LOW,NOISE,1,1.0,NOISE (1 hotspot),0.88,None (Open / Rural Area),,AGRICULTURAL_FIRE,1.0,"Event labeled as AGRICULTURAL_FIRE primarily based on: rural coordinates beyond active industrial buffers; low-intensity thermal signature (3.9 MW); isolated/spontaneous thermal occurrence. (Note: Statistical feature correlation, not verified physical causality)."
2df6c3551d,22.35613,82.3051,AGRICULTURAL_FIRE,MODERATE,1.53,295.53,N21,2026-09-10 02:06:00 IST,4,FAC-007,Bhilai Steel Complex,industrial,161.056,LOW,LOW,CL-0114,7,1.0,CL-0114 (7 hotspots),0.88,None (Open / Rural Area),,AGRICULTURAL_FIRE,0.9844,"Event labeled as AGRICULTURAL_FIRE primarily based on: rural coordinates beyond active industrial buffers; low-intensity thermal signature (1.5 MW); repeated temporal persistence (4 recorded events). (Note: Statistical feature correlation, not verified physical causality)."
50d1b42d4e,22.35696,82.30088,AGRICULTURAL_FIRE,MODERATE,1.53,307.54,N21,2026-09-10 02:06:00 IST,4,FAC-007,Bhilai Steel Complex,industrial,160.872,LOW,LOW,CL-0114,7,1.0,CL-0114 (7 hotspots),0.88,None (Open / Rural Area),,AGRICULTURAL_FIRE,0.9927,"Event labeled as AGRICULTURAL_FIRE primarily based on: rural coordinates beyond active industrial buffers; low-intensity thermal signature (1.5 MW); repeated temporal persistence (4 recorded events). (Note: Statistical feature correlation, not verified physical causality)."
52154ec8a3,22.4166,69.04057,AGRICULTURAL_FIRE,MODERATE,3.8,311.53,N21,2026-09-10 02:06:00 IST,1,FAC-003,Jamnagar Petrochemical & Flare Complex,industrial,104.706,LOW,LOW,NOISE,1,1.0,NOISE (1 hotspot),0.88,None (Open / Rural Area),,AGRICULTURAL_FIRE,1.0,"Event labeled as AGRICULTURAL_FIRE primarily based on: rural coordinates beyond active industrial buffers; low-intensity thermal signature (3.8 MW); isolated/spontaneous thermal occurrence. (Note: Statistical feature correlation, not verified physical causality)."
e0385f1d25,22.9316,69.70322,AGRICULTURAL_FIRE,MODERATE,1.18,306.17,N21,2026-09-10 02:06:00 IST,5,FAC-003,Jamnagar Petrochemical & Flare Complex,industrial,62.839,LOW,LOW,CL-0105,8,1.0,CL-0105 (8 hotspots),0.88,None (Open / Rural Area),,AGRICULTURAL_FIRE,0.9927,"Event labeled as AGRICULTURAL_FIRE primarily based on: rural coordinates beyond active industrial buffers; low-intensity thermal signature (1.2 MW); repeated temporal persistence (5 recorded events). (Note: Statistical feature correlation, not verified physical causality)."
acaf8966e9,22.93211,69.69884,AGRICULTURAL_FIRE,MODERATE,1.75,313.33,N21,2026-09-10 02:06:00 IST,5,FAC-003,Jamnagar Petrochemical & Flare Complex,industrial,63.146,LOW,LOW,CL-0105,8,1.0,CL-0105 (8 hotspots),0.88,None (Open / Rural Area),,AGRICULTURAL_FIRE,0.9927,"Event labeled as AGRICULTURAL_FIRE primarily based on: rural coordinates beyond active industrial buffers; low-intensity thermal signature (1.8 MW); repeated temporal persistence (5 recorded events). (Note: Statistical feature correlation, not verified physical causality)."
12203238ab,22.93262,69.69446,AGRICULTURAL_FIRE,MODERATE,1.75,306.52,N21,2026-09-10 02:06:00 IST,3,FAC-003,Jamnagar Petrochemical & Flare Complex,industrial,63.455,LOW,LOW,CL-0105,8,1.0,CL-0105 (8 hotspots),0.88,None (Open / Rural Area),,AGRICULTURAL_FIRE,1.0,"Event labeled as AGRICULTURAL_FIRE primarily based on: rural coordinates beyond active industrial buffers; low-intensity thermal signature (1.8 MW); repeated temporal persistence (3 recorded events). (Note: Statistical feature correlation, not verified physical causality)."
ed58214cb5,23.31435,70.48582,AGRICULTURAL_FIRE,MODERATE,1.72,308.67,N21,2026-09-10 02:06:00 IST,2,FAC-003,Jamnagar Petrochemical & Flare Complex,industrial,103.554,LOW,LOW,CL-0115,2,1.0,CL-0115 (2 hotspots),0.88,None (Open / Rural Area),,AGRICULTURAL_FIRE,1.0,"Event labeled as AGRICULTURAL_FIRE primarily based on: rural coordinates beyond active industrial buffers; low-intensity thermal signature (1.7 MW); isolated/spontaneous thermal occurrence. (Note: Statistical feature correlation, not verified physical causality)."
fb25acc08c,24.44698,72.75267,AGRICULTURAL_FIRE,MODERATE,1.14,306.87,N21,2026-09-10 02:06:00 IST,1,FAC-003,Jamnagar Petrochemical & Flare Complex,industrial,351.918,LOW,LOW,NOISE,1,1.0,NOISE (1 hotspot),0.88,None (Open / Rural Area),,AGRICULTURAL_FIRE,1.0,"Event labeled as AGRICULTURAL_FIRE primarily based on: rural coordinates beyond active industrial buffers; low-intensity thermal signature (1.1 MW); isolated/spontaneous thermal occurrence. (Note: Statistical feature correlation, not verified physical causality)."
dbb6381a11,10.61617,77.42035,AGRICULTURAL_FIRE,MODERATE,1.51,305.44,N21,2026-09-10 02:08:00 IST,3,FAC-007,Bhilai Steel Complex,industrial,1249.428,LOW,LOW,CL-0152,3,1.0,CL-0152 (3 hotspots),0.88,None (Open / Rural Area),,AGRICULTURAL_FIRE,1.0,"Event labeled as AGRICULTURAL_FIRE primarily based on: rural coordinates beyond active industrial buffers; low-intensity thermal signature (1.5 MW); repeated temporal persistence (3 recorded events). (Note: Statistical feature correlation, not verified physical causality)."
e69a85b1d5,11.18337,79.10139,AGRICULTURAL_FIRE,MODERATE,0.75,296.98,N21,2026-09-10 02:08:00 IST,1,FAC-007,Bhilai Steel Complex,industrial,1138.9,LOW,LOW,CL-0153,4,1.0,CL-0153 (4 hotspots),0.88,None (Open / Rural Area),,AGRICULTURAL_FIRE,0.9918,"Event labeled as AGRICULTURAL_FIRE primarily based on: rural coordinates beyond active industrial buffers; low-intensity thermal signature (0.8 MW); isolated/spontaneous thermal occurrence. (Note: Statistical feature correlation, not verified physical causality)."
17c417988d,11.75512,77.01227,AGRICULTURAL_FIRE,MODERATE,0.43,303.35,N21,2026-09-10 02:08:00 IST,1,FAC-007,Bhilai Steel Complex,industrial,1147.571,LOW,LOW,NOISE,1,1.0,NOISE (1 hotspot),0.88,None (Open / Rural Area),,AGRICULTURAL_FIRE,1.0,"Event labeled as AGRICULTURAL_FIRE primarily based on: rural coordinates beyond active industrial buffers; low-intensity thermal signature (0.4 MW); isolated/spontaneous thermal occurrence. (Note: Statistical feature correlation, not verified physical causality)."
416baffc52,12.27269,77.37935,AGRICULTURAL_FIRE,MODERATE,3.41,322.92,N21,2026-09-10 02:08:00 IST,1,FAC-007,Bhilai Steel Complex,industrial,1078.987,LOW,LOW,NOISE,1,1.0,NOISE (1 hotspot),0.88,None (Open / Rural Area),,AGRICULTURAL_FIRE,1.0,"Event labeled as AGRICULTURAL_FIRE primarily based on: rural coordinates beyond active industrial buffers; low-intensity thermal signature (3.4 MW); isolated/spontaneous thermal occurrence. (Note: Statistical feature correlation, not verified physical causality)."
8d3244d921,12.74632,77.62019,AGRICULTURAL_FIRE,MODERATE,0.65,302.49,N21,2026-09-10 02:08:00 IST,2,FAC-007,Bhilai Steel Complex,industrial,1020.317,LOW,LOW,CL-0065,2,1.0,CL-0065 (2 hotspots),0.88,None (Open / Rural Area),,AGRICULTURAL_FIRE,1.0,"Event labeled as AGRICULTURAL_FIRE primarily based on: rural coordinates beyond active industrial buffers; low-intensity thermal signature (0.7 MW); isolated/spontaneous thermal occurrence. (Note: Statistical feature correlation, not verified physical causality)."
2fc1ecaba5,12.85013,77.58395,AGRICULTURAL_FIRE,MODERATE,0.41,302.4,N21,2026-09-10 02:08:00 IST,1,FAC-007,Bhilai Steel Complex,industrial,1011.194,LOW,LOW,NOISE,1,1.0,NOISE (1 hotspot),0.88,None (Open / Rural Area),,AGRICULTURAL_FIRE,1.0,"Event labeled as AGRICULTURAL_FIRE primarily based on: rural coordinates beyond active industrial buffers; low-intensity thermal signature (0.4 MW); isolated/spontaneous thermal occurrence. (Note: Statistical feature correlation, not verified physical causality)."
9f754ad032,13.50614,78.64854,AGRICULTURAL_FIRE,MODERATE,1.72,306.17,N21,2026-09-10 02:08:00 IST,1,FAC-007,Bhilai Steel Complex,industrial,902.161,LOW,LOW,NOISE,1,1.0,NOISE (1 hotspot),0.88,None (Open / Rural Area),,AGRICULTURAL_FIRE,1.0,"Event labeled as AGRICULTURAL_FIRE primarily based on: rural coordinates beyond active industrial buffers; low-intensity thermal signature (1.7 MW); isolated/spontaneous thermal occurrence. (Note: Statistical feature correlation, not verified physical causality)."
9f693e39cc,13.71074,79.61864,AGRICULTURAL_FIRE,MODERATE,5.99,309.33,N21,2026-09-10 02:08:00 IST,1,FAC-007,Bhilai Steel Complex,industrial,852.349,LOW,LOW,NOISE,1,1.0,NOISE (1 hotspot),0.88,None (Open / Rural Area),,AGRICULTURAL_FIRE,1.0,"Event labeled as AGRICULTURAL_FIRE primarily based on: rural coordinates beyond active industrial buffers; low-intensity thermal signature (6.0 MW); isolated/spontaneous thermal occurrence. (Note: Statistical feature correlation, not verified physical causality)."
22f80c5053,14.58761,78.58028,AGRICULTURAL_FIRE,MODERATE,2.93,304.51,N21,2026-09-10 02:08:00 IST,1,FAC-007,Bhilai Steel Complex,industrial,791.596,LOW,LOW,NOISE,1,1.0,NOISE (1 hotspot),0.88,None (Open / Rural Area),,AGRICULTURAL_FIRE,1.0,"Event labeled as AGRICULTURAL_FIRE primarily based on: rural coordinates beyond active industrial buffers; low-intensity thermal signature (2.9 MW); isolated/spontaneous thermal occurrence. (Note: Statistical feature correlation, not verified physical causality)."
02377a9aaf,15.10985,76.80682,AGRICULTURAL_FIRE,MODERATE,0.49,299.82,N21,2026-09-10 02:08:00 IST,1,FAC-007,Bhilai Steel Complex,industrial,830.832,LOW,LOW,NOISE,1,1.0,NOISE (1 hotspot),0.88,None (Open / Rural Area),,AGRICULTURAL_FIRE,1.0,"Event labeled as AGRICULTURAL_FIRE primarily based on: rural coordinates beyond active industrial buffers; low-intensity thermal signature (0.5 MW); isolated/spontaneous thermal occurrence. (Note: Statistical feature correlation, not verified physical causality)."
71615a28f1,15.13707,76.70947,AGRICULTURAL_FIRE,MODERATE,0.9,305.14,N21,2026-09-10 02:08:00 IST,1,FAC-007,Bhilai Steel Complex,industrial,834.384,LOW,LOW,NOISE,1,1.0,NOISE (1 hotspot),0.88,None (Open / Rural Area),,AGRICULTURAL_FIRE,0.9917,"Event labeled as AGRICULTURAL_FIRE primarily based on: rural coordinates beyond active industrial buffers; low-intensity thermal signature (0.9 MW); isolated/spontaneous thermal occurrence. (Note: Statistical feature correlation, not verified physical causality)."
9cb17cbf28,15.16795,76.67424,AGRICULTURAL_FIRE,MODERATE,1.49,305.09,N21,2026-09-10 02:08:00 IST,1,FAC-007,Bhilai Steel Complex,industrial,833.803,LOW,LOW,CL-0101,27,1.0,CL-0101 (27 hotspots),0.88,None (Open / Rural Area),,AGRICULTURAL_FIRE,1.0,"Event labeled as AGRICULTURAL_FIRE primarily based on: rural coordinates beyond active industrial buffers; low-intensity thermal signature (1.5 MW); isolated/spontaneous thermal occurrence. (Note: Statistical feature correlation, not verified physical causality)."
bdc736abf2,15.16802,76.37833,AGRICULTURAL_FIRE,MODERATE,0.48,297.09,N21,2026-09-10 02:08:00 IST,7,FAC-007,Bhilai Steel Complex,industrial,852.78,LOW,LOW,CL-0137,7,1.0,CL-0137 (7 hotspots),0.88,None (Open / Rural Area),,AGRICULTURAL_FIRE,0.9927,"Event labeled as AGRICULTURAL_FIRE primarily based on: rural coordinates beyond active industrial buffers; low-intensity thermal signature (0.5 MW); repeated temporal persistence (7 recorded events). (Note: Statistical feature correlation, not verified physical causality)."
3caca47fc6,15.17143,76.37894,AGRICULTURAL_FIRE,MODERATE,0.69,299.47,N21,2026-09-10 02:08:00 IST,7,FAC-007,Bhilai Steel Complex,industrial,852.439,LOW,LOW,CL-0137,7,1.0,CL-0137 (7 hotspots),0.88,None (Open / Rural Area),,AGRICULTURAL_FIRE,0.9927,"Event labeled as AGRICULTURAL_FIRE primarily based on: rural coordinates beyond active industrial buffers; low-intensity thermal signature (0.7 MW); repeated temporal persistence (7 recorded events). (Note: Statistical feature correlation, not verified physical causality)."
d0cd5a847c,15.17222,76.6913,AGRICULTURAL_FIRE,MODERATE,1.18,309.22,N21,2026-09-10 02:08:00 IST,1,FAC-007,Bhilai Steel Complex,industrial,832.346,LOW,LOW,NOISE,1,1.0,NOISE (1 hotspot),0.88,None (Open / Rural Area),,AGRICULTURAL_FIRE,1.0,"Event labeled as AGRICULTURAL_FIRE primarily based on: rural coordinates beyond active industrial buffers; low-intensity thermal signature (1.2 MW); isolated/spontaneous thermal occurrence. (Note: Statistical feature correlation, not verified physical causality)."
98a990bd06,15.17404,76.65913,AGRICULTURAL_FIRE,MODERATE,1.11,304.68,N21,2026-09-10 02:08:00 IST,11,FAC-007,Bhilai Steel Complex,industrial,834.206,LOW,LOW,CL-0101,27,1.0,CL-0101 (27 hotspots),0.88,None (Open / Rural Area),,AGRICULTURAL_FIRE,0.9927,"Event labeled as AGRICULTURAL_FIRE primarily based on: rural coordinates beyond active industrial buffers; low-intensity thermal signature (1.1 MW); repeated temporal persistence (11 recorded events). (Note: Statistical feature correlation, not verified physical causality)."
85a0f1f9c3,15.17428,76.78569,AGRICULTURAL_FIRE,MODERATE,0.5,295.68,N21,2026-09-10 02:08:00 IST,1,FAC-007,Bhilai Steel Complex,industrial,826.271,LOW,LOW,NOISE,1,1.0,NOISE (1 hotspot),0.88,None (Open / Rural Area),,AGRICULTURAL_FIRE,0.9918,"Event labeled as AGRICULTURAL_FIRE primarily based on: rural coordinates beyond active industrial buffers; low-intensity thermal signature (0.5 MW); isolated/spontaneous thermal occurrence. (Note: Statistical feature correlation, not verified physical causality)."
ff86a5839a,15.1747,76.65519,AGRICULTURAL_FIRE,MODERATE,1.11,310.92,N21,2026-09-10 02:08:00 IST,7,FAC-007,Bhilai Steel Complex,industrial,834.396,LOW,LOW,CL-0101,27,1.0,CL-0101 (27 hotspots),0.88,None (Open / Rural Area),,AGRICULTURAL_FIRE,0.9927,"Event labeled as AGRICULTURAL_FIRE primarily based on: rural coordinates beyond active industrial buffers; low-intensity thermal signature (1.1 MW); repeated temporal persistence (7 recorded events). (Note: Statistical feature correlation, not verified physical causality)."
b0b1c75f8d,15.17486,76.67554,AGRICULTURAL_FIRE,MODERATE,2.21,313.92,N21,2026-09-10 02:08:00 IST,8,FAC-007,Bhilai Steel Complex,industrial,833.099,LOW,LOW,CL-0101,27,1.0,CL-0101 (27 hotspots),0.88,None (Open / Rural Area),,AGRICULTURAL_FIRE,0.9927,"Event labeled as AGRICULTURAL_FIRE primarily based on: rural coordinates beyond active industrial buffers; low-intensity thermal signature (2.2 MW); repeated temporal persistence (8 recorded events). (Note: Statistical feature correlation, not verified physical causality)."
3aa7392f55,15.17582,77.10212,AGRICULTURAL_FIRE,MODERATE,0.49,299.97,N21,2026-09-10 02:08:00 IST,5,FAC-007,Bhilai Steel Complex,industrial,806.971,LOW,LOW,CL-0057,5,1.0,CL-0057 (5 hotspots),0.88,None (Open / Rural Area),,AGRICULTURAL_FIRE,0.9927,"Event labeled as AGRICULTURAL_FIRE primarily based on: rural coordinates beyond active industrial buffers; low-intensity thermal signature (0.5 MW); repeated temporal persistence (5 recorded events). (Note: Statistical feature correlation, not verified physical causality)."
ba50916c0d,15.17749,76.65976,AGRICULTURAL_FIRE,MODERATE,1.13,305.0,N21,2026-09-10 02:08:00 IST,11,FAC-007,Bhilai Steel Complex,industrial,833.856,LOW,LOW,CL-0101,27,1.0,CL-0101 (27 hotspots),0.88,None (Open / Rural Area),,AGRICULTURAL_FIRE,0.9927,"Event labeled as AGRICULTURAL_FIRE primarily based on: rural coordinates beyond active industrial buffers; low-intensity thermal signature (1.1 MW); repeated temporal persistence (11 recorded events). (Note: Statistical feature correlation, not verified physical causality)."
7174551f2e,15.17815,76.65582,AGRICULTURAL_FIRE,MODERATE,1.13,309.9,N21,2026-09-10 02:08:00 IST,7,FAC-007,Bhilai Steel Complex,industrial,834.046,LOW,LOW,CL-0101,27,1.0,CL-0101 (27 hotspots),0.88,None (Open / Rural Area),,AGRICULTURAL_FIRE,0.9927,"Event labeled as AGRICULTURAL_FIRE primarily based on: rural coordinates beyond active industrial buffers; low-intensity thermal signature (1.1 MW); repeated temporal persistence (7 recorded events). (Note: Statistical feature correlation, not verified physical causality)."
36e8e84da7,15.17831,76.67618,AGRICULTURAL_FIRE,MODERATE,2.21,321.15,N21,2026-09-10 02:08:00 IST,8,FAC-007,Bhilai Steel Complex,industrial,832.748,LOW,LOW,CL-0101,27,1.0,CL-0101 (27 hotspots),0.88,None (Open / Rural Area),,AGRICULTURAL_FIRE,0.9927,"Event labeled as AGRICULTURAL_FIRE primarily based on: rural coordinates beyond active industrial buffers; low-intensity thermal signature (2.2 MW); repeated temporal persistence (8 recorded events). (Note: Statistical feature correlation, not verified physical causality)."
1605a70b8f,15.17934,77.10276,AGRICULTURAL_FIRE,MODERATE,0.49,299.91,N21,2026-09-10 02:08:00 IST,5,FAC-007,Bhilai Steel Complex,industrial,806.607,LOW,LOW,CL-0057,5,1.0,CL-0057 (5 hotspots),0.88,None (Open / Rural Area),,AGRICULTURAL_FIRE,0.9927,"Event labeled as AGRICULTURAL_FIRE primarily based on: rural coordinates beyond active industrial buffers; low-intensity thermal signature (0.5 MW); repeated temporal persistence (5 recorded events). (Note: Statistical feature correlation, not verified physical causality)."
5dac11ec54,15.18308,76.66891,AGRICULTURAL_FIRE,MODERATE,2.27,316.49,N21,2026-09-10 02:08:00 IST,11,FAC-007,Bhilai Steel Complex,industrial,832.776,LOW,LOW,CL-0101,27,1.0,CL-0101 (27 hotspots),0.88,None (Open / Rural Area),,AGRICULTURAL_FIRE,0.9927,"Event labeled as AGRICULTURAL_FIRE primarily based on: rural coordinates beyond active industrial buffers; low-intensity thermal signature (2.3 MW); repeated temporal persistence (11 recorded events). (Note: Statistical feature correlation, not verified physical causality)."
35c930784d,15.22403,76.76599,AGRICULTURAL_FIRE,MODERATE,0.91,304.43,N21,2026-09-10 02:08:00 IST,4,FAC-007,Bhilai Steel Complex,industrial,822.99,LOW,LOW,CL-0138,6,1.0,CL-0138 (6 hotspots),0.88,None (Open / Rural Area),,AGRICULTURAL_FIRE,0.9927,"Event labeled as AGRICULTURAL_FIRE primarily based on: rural coordinates beyond active industrial buffers; low-intensity thermal signature (0.9 MW); repeated temporal persistence (4 recorded events). (Note: Statistical feature correlation, not verified physical causality)."
14fdc9fbc1,15.22469,76.76201,AGRICULTURAL_FIRE,MODERATE,0.91,307.78,N21,2026-09-10 02:08:00 IST,2,FAC-007,Bhilai Steel Complex,industrial,823.179,LOW,LOW,CL-0138,6,1.0,CL-0138 (6 hotspots),0.88,None (Open / Rural Area),,AGRICULTURAL_FIRE,0.9836,"Event labeled as AGRICULTURAL_FIRE primarily based on: rural coordinates beyond active industrial buffers; low-intensity thermal signature (0.9 MW); isolated/spontaneous thermal occurrence. (Note: Statistical feature correlation, not verified physical causality)."
bb80255e14,15.22588,76.76585,AGRICULTURAL_FIRE,MODERATE,0.93,308.09,N21,2026-09-10 02:08:00 IST,4,FAC-007,Bhilai Steel Complex,industrial,822.832,LOW,LOW,CL-0138,6,1.0,CL-0138 (6 hotspots),0.88,None (Open / Rural Area),,AGRICULTURAL_FIRE,0.9927,"Event labeled as AGRICULTURAL_FIRE primarily based on: rural coordinates beyond active industrial buffers; low-intensity thermal signature (0.9 MW); repeated temporal persistence (4 recorded events). (Note: Statistical feature correlation, not verified physical causality)."
a279450455,15.22656,76.76188,AGRICULTURAL_FIRE,MODERATE,0.93,306.18,N21,2026-09-10 02:08:00 IST,2,FAC-007,Bhilai Steel Complex,industrial,823.018,LOW,LOW,CL-0138,6,1.0,CL-0138 (6 hotspots),0.88,None (Open / Rural Area),,AGRICULTURAL_FIRE,0.9919,"Event labeled as AGRICULTURAL_FIRE primarily based on: rural coordinates beyond active industrial buffers; low-intensity thermal signature (0.9 MW); isolated/spontaneous thermal occurrence. (Note: Statistical feature correlation, not verified physical causality)."
f72b04a8d9,15.29969,76.21921,AGRICULTURAL_FIRE,MODERATE,0.38,300.04,N21,2026-09-10 02:08:00 IST,1,FAC-007,Bhilai Steel Complex,industrial,851.853,LOW,LOW,NOISE,1,1.0,NOISE (1 hotspot),0.88,None (Open / Rural Area),,AGRICULTURAL_FIRE,1.0,"Event labeled as AGRICULTURAL_FIRE primarily based on: rural coordinates beyond active industrial buffers; low-intensity thermal signature (0.4 MW); isolated/spontaneous thermal occurrence. (Note: Statistical feature correlation, not verified physical causality)."
c6c8047b58,15.3345,76.24483,AGRICULTURAL_FIRE,MODERATE,1.01,304.05,N21,2026-09-10 02:08:00 IST,1,FAC-007,Bhilai Steel Complex,industrial,847.116,LOW,LOW,CL-0139,2,1.0,CL-0139 (2 hotspots),0.88,None (Open / Rural Area),,AGRICULTURAL_FIRE,1.0,"Event labeled as AGRICULTURAL_FIRE primarily based on: rural coordinates beyond active industrial buffers; low-intensity thermal signature (1.0 MW); isolated/spontaneous thermal occurrence. (Note: Statistical feature correlation, not verified physical causality)."
33b91be403,15.65771,73.99008,AGRICULTURAL_FIRE,MODERATE,1.11,311.64,N21,2026-09-10 02:08:00 IST,2,FAC-003,Jamnagar Petrochemical & Flare Complex,industrial,862.805,LOW,LOW,CL-0140,2,1.0,CL-0140 (2 hotspots),0.88,None (Open / Rural Area),,AGRICULTURAL_FIRE,1.0,"Event labeled as AGRICULTURAL_FIRE primarily based on: rural coordinates beyond active industrial buffers; low-intensity thermal signature (1.1 MW); isolated/spontaneous thermal occurrence. (Note: Statistical feature correlation, not verified physical causality)."
f7590b119a,16.20535,75.2086,AGRICULTURAL_FIRE,MODERATE,0.5,301.51,N21,2026-09-10 02:08:00 IST,1,FAC-007,Bhilai Steel Complex,industrial,854.008,LOW,LOW,NOISE,1,1.0,NOISE (1 hotspot),0.88,None (Open / Rural Area),,AGRICULTURAL_FIRE,1.0,"Event labeled as AGRICULTURAL_FIRE primarily based on: rural coordinates beyond active industrial buffers; low-intensity thermal signature (0.5 MW); isolated/spontaneous thermal occurrence. (Note: Statistical feature correlation, not verified physical causality)."
4bd6026041,16.64612,74.3112,AGRICULTURAL_FIRE,MODERATE,1.12,311.23,N21,2026-09-10 02:08:00 IST,1,FAC-003,Jamnagar Petrochemical & Flare Complex,industrial,786.036,LOW,LOW,NOISE,1,1.0,NOISE (1 hotspot),0.88,None (Open / Rural Area),,AGRICULTURAL_FIRE,1.0,"Event labeled as AGRICULTURAL_FIRE primarily based on: rural coordinates beyond active industrial buffers; low-intensity thermal signature (1.1 MW); isolated/spontaneous thermal occurrence. (Note: Statistical feature correlation, not verified physical causality)."
4830dd5493,17.13936,77.17619,AGRICULTURAL_FIRE,MODERATE,0.2,296.48,N21,2026-09-10 02:08:00 IST,1,FAC-007,Bhilai Steel Complex,industrial,630.639,LOW,LOW,CL-0222,2,1.0,CL-0222 (2 hotspots),0.88,None (Open / Rural Area),,AGRICULTURAL_FIRE,0.9918,"Event labeled as AGRICULTURAL_FIRE primarily based on: rural coordinates beyond active industrial buffers; low-intensity thermal signature (0.2 MW); isolated/spontaneous thermal occurrence. (Note: Statistical feature correlation, not verified physical causality)."
19a10355e3,17.14147,77.18481,AGRICULTURAL_FIRE,MODERATE,0.75,298.98,N21,2026-09-10 02:08:00 IST,1,FAC-007,Bhilai Steel Complex,industrial,629.836,LOW,LOW,CL-0222,2,1.0,CL-0222 (2 hotspots),0.88,None (Open / Rural Area),,AGRICULTURAL_FIRE,1.0,"Event labeled as AGRICULTURAL_FIRE primarily based on: rural coordinates beyond active industrial buffers; low-intensity thermal signature (0.8 MW); isolated/spontaneous thermal occurrence. (Note: Statistical feature correlation, not verified physical causality)."
899576ff37,17.36966,77.44419,AGRICULTURAL_FIRE,MODERATE,1.27,307.87,N21,2026-09-10 02:08:00 IST,1,FAC-007,Bhilai Steel Complex,industrial,592.465,LOW,LOW,NOISE,1,1.0,NOISE (1 hotspot),0.88,None (Open / Rural Area),,AGRICULTURAL_FIRE,1.0,"Event labeled as AGRICULTURAL_FIRE primarily based on: rural coordinates beyond active industrial buffers; low-intensity thermal signature (1.3 MW); isolated/spontaneous thermal occurrence. (Note: Statistical feature correlation, not verified physical causality)."
0648d054b1,7.68202,80.70406,AGRICULTURAL_FIRE,MODERATE,0.93,311.65,N21,2026-09-10 02:10:00 IST,3,FAC-007,Bhilai Steel Complex,industrial,1503.774,LOW,LOW,CL-0172,4,1.0,CL-0172 (4 hotspots),0.88,None (Open / Rural Area),,AGRICULTURAL_FIRE,0.9919,"Event labeled as AGRICULTURAL_FIRE primarily based on: rural coordinates beyond active industrial buffers; low-intensity thermal signature (0.9 MW); repeated temporal persistence (3 recorded events). (Note: Statistical feature correlation, not verified physical causality)."
49d850d356,7.68589,80.70474,AGRICULTURAL_FIRE,MODERATE,1.73,317.43,N21,2026-09-10 02:10:00 IST,3,FAC-007,Bhilai Steel Complex,industrial,1503.34,LOW,LOW,CL-0172,4,1.0,CL-0172 (4 hotspots),0.88,None (Open / Rural Area),,AGRICULTURAL_FIRE,1.0,"Event labeled as AGRICULTURAL_FIRE primarily based on: rural coordinates beyond active industrial buffers; low-intensity thermal signature (1.7 MW); repeated temporal persistence (3 recorded events). (Note: Statistical feature correlation, not verified physical causality)."
88ba401f58,7.68702,80.70467,AGRICULTURAL_FIRE,MODERATE,0.93,303.39,N21,2026-09-10 02:10:00 IST,3,FAC-007,Bhilai Steel Complex,industrial,1503.215,LOW,LOW,CL-0172,4,1.0,CL-0172 (4 hotspots),0.88,None (Open / Rural Area),,AGRICULTURAL_FIRE,0.9919,"Event labeled as AGRICULTURAL_FIRE primarily based on: rural coordinates beyond active industrial buffers; low-intensity thermal signature (0.9 MW); repeated temporal persistence (3 recorded events). (Note: Statistical feature correlation, not verified physical causality)."
733ec0347e,7.83908,81.18146,AGRICULTURAL_FIRE,MODERATE,0.46,302.94,N21,2026-09-10 02:10:00 IST,1,FAC-007,Bhilai Steel Complex,industrial,1484.71,LOW,LOW,NOISE,1,1.0,NOISE (1 hotspot),0.88,None (Open / Rural Area),,AGRICULTURAL_FIRE,1.0,"Event labeled as AGRICULTURAL_FIRE primarily based on: rural coordinates beyond active industrial buffers; low-intensity thermal signature (0.5 MW); isolated/spontaneous thermal occurrence. (Note: Statistical feature correlation, not verified physical causality)."
2eeb059ca7,8.05898,80.61339,AGRICULTURAL_FIRE,MODERATE,1.18,303.42,N21,2026-09-10 02:10:00 IST,1,FAC-007,Bhilai Steel Complex,industrial,1462.42,LOW,LOW,NOISE,1,1.0,NOISE (1 hotspot),0.88,None (Open / Rural Area),,AGRICULTURAL_FIRE,1.0,"Event labeled as AGRICULTURAL_FIRE primarily based on: rural coordinates beyond active industrial buffers; low-intensity thermal signature (1.2 MW); isolated/spontaneous thermal occurrence. (Note: Statistical feature correlation, not verified physical causality)."
15bdeded62,28.02405,96.64853,AGRICULTURAL_FIRE,MODERATE,6.33,329.18,N21,2026-09-10 11:38:00 IST,2,FAC-005,"Tata Steel Plant, Jamshedpur",industrial,1199.706,LOW,LOW,CL-0067,3,1.0,CL-0067 (3 hotspots),0.88,None (Open / Rural Area),,AGRICULTURAL_FIRE,0.9978,"Event labeled as AGRICULTURAL_FIRE primarily based on: rural coordinates beyond active industrial buffers; low-intensity thermal signature (6.3 MW); isolated/spontaneous thermal occurrence. (Note: Statistical feature correlation, not verified physical causality)."
ffa7e25051,6.2632,80.97652,AGRICULTURAL_FIRE,MODERATE,2.63,334.97,N21,2026-09-10 13:14:00 IST,1,FAC-007,Bhilai Steel Complex,industrial,1660.355,LOW,LOW,NOISE,1,1.0,NOISE (1 hotspot),0.88,None (Open / Rural Area),,AGRICULTURAL_FIRE,0.9879,"Event labeled as AGRICULTURAL_FIRE primarily based on: rural coordinates beyond active industrial buffers; low-intensity thermal signature (2.6 MW); isolated/spontaneous thermal occurrence. (Note: Statistical feature correlation, not verified physical causality)."
21e342eacc,6.40709,81.31159,AGRICULTURAL_FIRE,MODERATE,5.59,332.25,N21,2026-09-10 13:14:00 IST,1,FAC-007,Bhilai Steel Complex,industrial,1643.803,LOW,LOW,NOISE,1,1.0,NOISE (1 hotspot),0.88,None (Open / Rural Area),,AGRICULTURAL_FIRE,0.9813,"Event labeled as AGRICULTURAL_FIRE primarily based on: rural coordinates beyond active industrial buffers; low-intensity thermal signature (5.6 MW); isolated/spontaneous thermal occurrence. (Note: Statistical feature correlation, not verified physical causality)."
c8e4d3905e,6.41888,81.08362,AGRICULTURAL_FIRE,MODERATE,24.62,334.42,N21,2026-09-10 13:14:00 IST,1,FAC-007,Bhilai Steel Complex,industrial,1642.786,LOW,LOW,NOISE,1,1.0,NOISE (1 hotspot),0.88,None (Open / Rural Area),,AGRICULTURAL_FIRE,0.8746,"Event labeled as AGRICULTURAL_FIRE primarily based on: rural coordinates beyond active industrial buffers; low-intensity thermal signature (24.6 MW); isolated/spontaneous thermal occurrence. (Note: Statistical feature correlation, not verified physical causality)."
1d937343c1,6.42442,81.04807,AGRICULTURAL_FIRE,MODERATE,4.94,331.32,N21,2026-09-10 13:14:00 IST,1,FAC-007,Bhilai Steel Complex,industrial,1642.248,LOW,LOW,NOISE,1,1.0,NOISE (1 hotspot),0.88,None (Open / Rural Area),,AGRICULTURAL_FIRE,0.9813,"Event labeled as AGRICULTURAL_FIRE primarily based on: rural coordinates beyond active industrial buffers; low-intensity thermal signature (4.9 MW); isolated/spontaneous thermal occurrence. (Note: Statistical feature correlation, not verified physical causality)."
15d568ce68,6.44335,81.08987,AGRICULTURAL_FIRE,MODERATE,9.4,340.02,N21,2026-09-10 13:14:00 IST,1,FAC-007,Bhilai Steel Complex,industrial,1640.052,LOW,LOW,NOISE,1,1.0,NOISE (1 hotspot),0.88,None (Open / Rural Area),,AGRICULTURAL_FIRE,0.987,"Event labeled as AGRICULTURAL_FIRE primarily based on: rural coordinates beyond active industrial buffers; low-intensity thermal signature (9.4 MW); isolated/spontaneous thermal occurrence. (Note: Statistical feature correlation, not verified physical causality)."
26fa2959d1,6.4849,81.11776,AGRICULTURAL_FIRE,MODERATE,4.96,334.16,N21,2026-09-10 13:14:00 IST,1,FAC-007,Bhilai Steel Complex,industrial,1635.378,LOW,LOW,NOISE,1,1.0,NOISE (1 hotspot),0.88,None (Open / Rural Area),,AGRICULTURAL_FIRE,0.9879,"Event labeled as AGRICULTURAL_FIRE primarily based on: rural coordinates beyond active industrial buffers; low-intensity thermal signature (5.0 MW); isolated/spontaneous thermal occurrence. (Note: Statistical feature correlation, not verified physical causality)."
74801cebd3,6.55179,80.92549,AGRICULTURAL_FIRE,MODERATE,5.38,336.67,N21,2026-09-10 13:14:00 IST,1,FAC-007,Bhilai Steel Complex,industrial,1628.432,LOW,LOW,NOISE,1,1.0,NOISE (1 hotspot),0.88,None (Open / Rural Area),,AGRICULTURAL_FIRE,0.9927,"Event labeled as AGRICULTURAL_FIRE primarily based on: rural coordinates beyond active industrial buffers; low-intensity thermal signature (5.4 MW); isolated/spontaneous thermal occurrence. (Note: Statistical feature correlation, not verified physical causality)."
11161538ca,6.56214,81.05875,AGRICULTURAL_FIRE,MODERATE,6.5,336.79,N21,2026-09-10 13:14:00 IST,1,FAC-007,Bhilai Steel Complex,industrial,1626.913,LOW,LOW,CL-0223,3,1.0,CL-0223 (3 hotspots),0.88,None (Open / Rural Area),,AGRICULTURAL_FIRE,0.9927,"Event labeled as AGRICULTURAL_FIRE primarily based on: rural coordinates beyond active industrial buffers; low-intensity thermal signature (6.5 MW); isolated/spontaneous thermal occurrence. (Note: Statistical feature correlation, not verified physical causality)."
2d4e9f3b38,6.56282,81.06295,AGRICULTURAL_FIRE,MODERATE,6.5,337.02,N21,2026-09-10 13:14:00 IST,2,FAC-007,Bhilai Steel Complex,industrial,1626.828,LOW,LOW,CL-0223,3,1.0,CL-0223 (3 hotspots),0.88,None (Open / Rural Area),,AGRICULTURAL_FIRE,0.9937,"Event labeled as AGRICULTURAL_FIRE primarily based on: rural coordinates beyond active industrial buffers; low-intensity thermal signature (6.5 MW); isolated/spontaneous thermal occurrence. (Note: Statistical feature correlation, not verified physical causality)."
4cc014050f,6.56508,81.05399,AGRICULTURAL_FIRE,MODERATE,3.98,334.69,N21,2026-09-10 13:14:00 IST,2,FAC-007,Bhilai Steel Complex,industrial,1626.597,LOW,LOW,CL-0223,3,1.0,CL-0223 (3 hotspots),0.88,None (Open / Rural Area),,AGRICULTURAL_FIRE,0.9889,"Event labeled as AGRICULTURAL_FIRE primarily based on: rural coordinates beyond active industrial buffers; low-intensity thermal signature (4.0 MW); isolated/spontaneous thermal occurrence. (Note: Statistical feature correlation, not verified physical causality)."
26409cf0b1,6.69198,81.07414,AGRICULTURAL_FIRE,MODERATE,13.92,336.44,N21,2026-09-10 13:14:00 IST,1,FAC-007,Bhilai Steel Complex,industrial,1612.444,LOW,LOW,NOISE,1,1.0,NOISE (1 hotspot),0.88,None (Open / Rural Area),,AGRICULTURAL_FIRE,0.9822,"Event labeled as AGRICULTURAL_FIRE primarily based on: rural coordinates beyond active industrial buffers; low-intensity thermal signature (13.9 MW); isolated/spontaneous thermal occurrence. (Note: Statistical feature correlation, not verified physical causality)."
01afa8327d,6.79362,81.27934,AGRICULTURAL_FIRE,MODERATE,4.22,335.47,N21,2026-09-10 13:14:00 IST,2,FAC-007,Bhilai Steel Complex,industrial,1600.843,LOW,LOW,CL-0224,2,1.0,CL-0224 (2 hotspots),0.88,None (Open / Rural Area),,AGRICULTURAL_FIRE,0.9889,"Event labeled as AGRICULTURAL_FIRE primarily based on: rural coordinates beyond active industrial buffers; low-intensity thermal signature (4.2 MW); isolated/spontaneous thermal occurrence. (Note: Statistical feature correlation, not verified physical causality)."
5d9ad06bbb,6.79421,81.27834,AGRICULTURAL_FIRE,MODERATE,4.86,335.73,N21,2026-09-10 13:14:00 IST,2,FAC-007,Bhilai Steel Complex,industrial,1600.778,LOW,LOW,CL-0224,2,1.0,CL-0224 (2 hotspots),0.88,None (Open / Rural Area),,AGRICULTURAL_FIRE,0.9889,"Event labeled as AGRICULTURAL_FIRE primarily based on: rural coordinates beyond active industrial buffers; low-intensity thermal signature (4.9 MW); isolated/spontaneous thermal occurrence. (Note: Statistical feature correlation, not verified physical causality)."
310c520f8e,6.84055,81.55181,AGRICULTURAL_FIRE,MODERATE,6.23,336.38,N21,2026-09-10 13:14:00 IST,2,FAC-007,Bhilai Steel Complex,industrial,1595.695,LOW,LOW,CL-0225,2,1.0,CL-0225 (2 hotspots),0.88,None (Open / Rural Area),,AGRICULTURAL_FIRE,0.9889,"Event labeled as AGRICULTURAL_FIRE primarily based on: rural coordinates beyond active industrial buffers; low-intensity thermal signature (6.2 MW); isolated/spontaneous thermal occurrence. (Note: Statistical feature correlation, not verified physical causality)."
4d8ca76e9b,6.84137,81.55236,AGRICULTURAL_FIRE,MODERATE,6.64,337.79,N21,2026-09-10 13:14:00 IST,2,FAC-007,Bhilai Steel Complex,industrial,1595.605,LOW,LOW,CL-0225,2,1.0,CL-0225 (2 hotspots),0.88,None (Open / Rural Area),,AGRICULTURAL_FIRE,0.9937,"Event labeled as AGRICULTURAL_FIRE primarily based on: rural coordinates beyond active industrial buffers; low-intensity thermal signature (6.6 MW); isolated/spontaneous thermal occurrence. (Note: Statistical feature correlation, not verified physical causality)."
a03d203795,7.27058,81.12646,AGRICULTURAL_FIRE,MODERATE,8.2,334.67,N21,2026-09-10 13:14:00 IST,1,FAC-007,Bhilai Steel Complex,industrial,1548.011,LOW,LOW,NOISE,1,1.0,NOISE (1 hotspot),0.88,None (Open / Rural Area),,AGRICULTURAL_FIRE,0.9822,"Event labeled as AGRICULTURAL_FIRE primarily based on: rural coordinates beyond active industrial buffers; low-intensity thermal signature (8.2 MW); isolated/spontaneous thermal occurrence. (Note: Statistical feature correlation, not verified physical causality)."
c5ad6a53af,7.97727,80.36172,AGRICULTURAL_FIRE,MODERATE,5.67,338.8,N21,2026-09-10 13:14:00 IST,1,FAC-007,Bhilai Steel Complex,industrial,1473.25,LOW,LOW,NOISE,1,1.0,NOISE (1 hotspot),0.88,None (Open / Rural Area),,AGRICULTURAL_FIRE,0.9927,"Event labeled as AGRICULTURAL_FIRE primarily based on: rural coordinates beyond active industrial buffers; low-intensity thermal signature (5.7 MW); isolated/spontaneous thermal occurrence. (Note: Statistical feature correlation, not verified physical causality)."
e7d6e53f00,7.99352,80.1341,AGRICULTURAL_FIRE,MODERATE,2.96,333.76,N21,2026-09-10 13:14:00 IST,1,FAC-007,Bhilai Steel Complex,industrial,1473.463,LOW,LOW,NOISE,1,1.0,NOISE (1 hotspot),0.88,None (Open / Rural Area),,AGRICULTURAL_FIRE,0.9879,"Event labeled as AGRICULTURAL_FIRE primarily based on: rural coordinates beyond active industrial buffers; low-intensity thermal signature (3.0 MW); isolated/spontaneous thermal occurrence. (Note: Statistical feature correlation, not verified physical causality)."
f99ca66237,8.0018,80.11408,AGRICULTURAL_FIRE,MODERATE,4.33,331.42,N21,2026-09-10 13:14:00 IST,1,FAC-007,Bhilai Steel Complex,industrial,1472.743,LOW,LOW,NOISE,1,1.0,NOISE (1 hotspot),0.88,None (Open / Rural Area),,AGRICULTURAL_FIRE,0.9813,"Event labeled as AGRICULTURAL_FIRE primarily based on: rural coordinates beyond active industrial buffers; low-intensity thermal signature (4.3 MW); isolated/spontaneous thermal occurrence. (Note: Statistical feature correlation, not verified physical causality)."
ab005a09fe,8.16179,80.40961,AGRICULTURAL_FIRE,MODERATE,6.11,336.7,N21,2026-09-10 13:14:00 IST,1,FAC-007,Bhilai Steel Complex,industrial,1452.409,LOW,LOW,NOISE,1,1.0,NOISE (1 hotspot),0.88,None (Open / Rural Area),,AGRICULTURAL_FIRE,0.9927,"Event labeled as AGRICULTURAL_FIRE primarily based on: rural coordinates beyond active industrial buffers; low-intensity thermal signature (6.1 MW); isolated/spontaneous thermal occurrence. (Note: Statistical feature correlation, not verified physical causality)."
4cad08f449,8.30825,81.03323,AGRICULTURAL_FIRE,MODERATE,5.18,336.39,N21,2026-09-10 13:14:00 IST,1,FAC-007,Bhilai Steel Complex,industrial,1432.87,LOW,LOW,NOISE,1,1.0,NOISE (1 hotspot),0.88,None (Open / Rural Area),,AGRICULTURAL_FIRE,0.9879,"Event labeled as AGRICULTURAL_FIRE primarily based on: rural coordinates beyond active industrial buffers; low-intensity thermal signature (5.2 MW); isolated/spontaneous thermal occurrence. (Note: Statistical feature correlation, not verified physical causality)."
eeac3f6fdf,8.32863,81.36947,AGRICULTURAL_FIRE,MODERATE,4.88,333.67,N21,2026-09-10 13:14:00 IST,1,FAC-007,Bhilai Steel Complex,industrial,1430.122,LOW,LOW,NOISE,1,1.0,NOISE (1 hotspot),0.88,None (Open / Rural Area),,AGRICULTURAL_FIRE,0.9879,"Event labeled as AGRICULTURAL_FIRE primarily based on: rural coordinates beyond active industrial buffers; low-intensity thermal signature (4.9 MW); isolated/spontaneous thermal occurrence. (Note: Statistical feature correlation, not verified physical causality)."
9ae4e43004,8.36626,80.27986,AGRICULTURAL_FIRE,MODERATE,6.9,340.57,N21,2026-09-10 13:14:00 IST,1,FAC-007,Bhilai Steel Complex,industrial,1430.81,LOW,LOW,NOISE,1,1.0,NOISE (1 hotspot),0.88,None (Open / Rural Area),,AGRICULTURAL_FIRE,0.9927,"Event labeled as AGRICULTURAL_FIRE primarily based on: rural coordinates beyond active industrial buffers; low-intensity thermal signature (6.9 MW); isolated/spontaneous thermal occurrence. (Note: Statistical feature correlation, not verified physical causality)."
0f0c8f000a,8.41569,77.66499,AGRICULTURAL_FIRE,MODERATE,3.43,335.52,N21,2026-09-10 13:14:00 IST,1,FAC-007,Bhilai Steel Complex,industrial,1475.246,LOW,LOW,NOISE,1,1.0,NOISE (1 hotspot),0.88,None (Open / Rural Area),,AGRICULTURAL_FIRE,0.9879,"Event labeled as AGRICULTURAL_FIRE primarily based on: rural coordinates beyond active industrial buffers; low-intensity thermal signature (3.4 MW); isolated/spontaneous thermal occurrence. (Note: Statistical feature correlation, not verified physical causality)."
2f895ab197,8.43529,77.6227,AGRICULTURAL_FIRE,MODERATE,1.21,336.99,N21,2026-09-10 13:14:00 IST,2,FAC-007,Bhilai Steel Complex,industrial,1474.377,LOW,LOW,CL-0063,2,1.0,CL-0063 (2 hotspots),0.88,None (Open / Rural Area),,AGRICULTURAL_FIRE,0.9937,"Event labeled as AGRICULTURAL_FIRE primarily based on: rural coordinates beyond active industrial buffers; low-intensity thermal signature (1.2 MW); isolated/spontaneous thermal occurrence. (Note: Statistical feature correlation, not verified physical causality)."
bf9deee2bb,8.44602,80.63084,AGRICULTURAL_FIRE,MODERATE,5.46,335.48,N21,2026-09-10 13:14:00 IST,1,FAC-007,Bhilai Steel Complex,industrial,1419.343,LOW,LOW,NOISE,1,1.0,NOISE (1 hotspot),0.88,None (Open / Rural Area),,AGRICULTURAL_FIRE,0.9879,"Event labeled as AGRICULTURAL_FIRE primarily based on: rural coordinates beyond active industrial buffers; low-intensity thermal signature (5.5 MW); isolated/spontaneous thermal occurrence. (Note: Statistical feature correlation, not verified physical causality)."
58978915b1,8.47801,80.75889,AGRICULTURAL_FIRE,MODERATE,11.45,346.95,N21,2026-09-10 13:14:00 IST,1,FAC-007,Bhilai Steel Complex,industrial,1415.079,LOW,LOW,CL-0086,2,1.0,CL-0086 (2 hotspots),0.88,None (Open / Rural Area),,AGRICULTURAL_FIRE,0.973,"Event labeled as AGRICULTURAL_FIRE primarily based on: rural coordinates beyond active industrial buffers; low-intensity thermal signature (11.4 MW); isolated/spontaneous thermal occurrence. (Note: Statistical feature correlation, not verified physical causality)."
5018706051,8.49768,80.283,AGRICULTURAL_FIRE,MODERATE,4.91,332.12,N21,2026-09-10 13:14:00 IST,2,FAC-007,Bhilai Steel Complex,industrial,1416.216,LOW,LOW,NOISE,1,1.0,NOISE (1 hotspot),0.88,None (Open / Rural Area),,AGRICULTURAL_FIRE,0.9889,"Event labeled as AGRICULTURAL_FIRE primarily based on: rural coordinates beyond active industrial buffers; low-intensity thermal signature (4.9 MW); isolated/spontaneous thermal occurrence. (Note: Statistical feature correlation, not verified physical causality)."
382c176bf0,8.50359,80.27306,AGRICULTURAL_FIRE,MODERATE,12.38,341.02,N21,2026-09-10 13:14:00 IST,2,FAC-007,Bhilai Steel Complex,industrial,1415.65,LOW,LOW,NOISE,1,1.0,NOISE (1 hotspot),0.88,None (Open / Rural Area),,AGRICULTURAL_FIRE,0.9937,"Event labeled as AGRICULTURAL_FIRE primarily based on: rural coordinates beyond active industrial buffers; low-intensity thermal signature (12.4 MW); isolated/spontaneous thermal occurrence. (Note: Statistical feature correlation, not verified physical causality)."
fbab7533f4,8.57501,80.36468,AGRICULTURAL_FIRE,MODERATE,5.48,335.92,N21,2026-09-10 13:14:00 IST,3,FAC-007,Bhilai Steel Complex,industrial,1406.941,LOW,LOW,CL-0226,3,1.0,CL-0226 (3 hotspots),0.88,None (Open / Rural Area),,AGRICULTURAL_FIRE,0.9978,"Event labeled as AGRICULTURAL_FIRE primarily based on: rural coordinates beyond active industrial buffers; low-intensity thermal signature (5.5 MW); repeated temporal persistence (3 recorded events). (Note: Statistical feature correlation, not verified physical causality)."
93d9c8d46d,8.57867,80.36407,AGRICULTURAL_FIRE,MODERATE,6.15,334.37,N21,2026-09-10 13:14:00 IST,3,FAC-007,Bhilai Steel Complex,industrial,1406.541,LOW,LOW,CL-0226,3,1.0,CL-0226 (3 hotspots),0.88,None (Open / Rural Area),,AGRICULTURAL_FIRE,0.9978,"Event labeled as AGRICULTURAL_FIRE primarily based on: rural coordinates beyond active industrial buffers; low-intensity thermal signature (6.2 MW); repeated temporal persistence (3 recorded events). (Note: Statistical feature correlation, not verified physical causality)."
1d1a6816c4,8.57937,80.36842,AGRICULTURAL_FIRE,MODERATE,3.83,332.6,N21,2026-09-10 13:14:00 IST,3,FAC-007,Bhilai Steel Complex,industrial,1406.427,LOW,LOW,CL-0226,3,1.0,CL-0226 (3 hotspots),0.88,None (Open / Rural Area),,AGRICULTURAL_FIRE,0.9978,"Event labeled as AGRICULTURAL_FIRE primarily based on: rural coordinates beyond active industrial buffers; low-intensity thermal signature (3.8 MW); repeated temporal persistence (3 recorded events). (Note: Statistical feature correlation, not verified physical causality)."
eb4b9d6ad1,8.61568,78.09698,AGRICULTURAL_FIRE,MODERATE,4.47,336.26,N21,2026-09-10 13:14:00 IST,1,FAC-007,Bhilai Steel Complex,industrial,1441.809,LOW,LOW,NOISE,1,1.0,NOISE (1 hotspot),0.88,None (Open / Rural Area),,AGRICULTURAL_FIRE,0.9879,"Event labeled as AGRICULTURAL_FIRE primarily based on: rural coordinates beyond active industrial buffers; low-intensity thermal signature (4.5 MW); isolated/spontaneous thermal occurrence. (Note: Statistical feature correlation, not verified physical causality)."
6a4cf4db25,8.70023,80.37247,AGRICULTURAL_FIRE,MODERATE,7.4,334.56,N21,2026-09-10 13:14:00 IST,1,FAC-007,Bhilai Steel Complex,industrial,1392.993,LOW,LOW,NOISE,1,1.0,NOISE (1 hotspot),0.88,None (Open / Rural Area),,AGRICULTURAL_FIRE,0.9822,"Event labeled as AGRICULTURAL_FIRE primarily based on: rural coordinates beyond active industrial buffers; low-intensity thermal signature (7.4 MW); isolated/spontaneous thermal occurrence. (Note: Statistical feature correlation, not verified physical causality)."
767dd90782,8.72976,80.8091,AGRICULTURAL_FIRE,MODERATE,5.51,338.08,N21,2026-09-10 13:14:00 IST,1,FAC-007,Bhilai Steel Complex,industrial,1386.868,LOW,LOW,NOISE,1,1.0,NOISE (1 hotspot),0.88,None (Open / Rural Area),,AGRICULTURAL_FIRE,0.9927,"Event labeled as AGRICULTURAL_FIRE primarily based on: rural coordinates beyond active industrial buffers; low-intensity thermal signature (5.5 MW); isolated/spontaneous thermal occurrence. (Note: Statistical feature correlation, not verified physical causality)."
20635ef532,8.8314,80.98924,AGRICULTURAL_FIRE,MODERATE,10.54,344.59,N21,2026-09-10 13:14:00 IST,4,FAC-007,Bhilai Steel Complex,industrial,1374.853,LOW,LOW,CL-0227,5,1.0,CL-0227 (5 hotspots),0.88,None (Open / Rural Area),,AGRICULTURAL_FIRE,0.986,"Event labeled as AGRICULTURAL_FIRE primarily based on: rural coordinates beyond active industrial buffers; low-intensity thermal signature (10.5 MW); repeated temporal persistence (4 recorded events). (Note: Statistical feature correlation, not verified physical causality)."
b64a3f3f73,8.83493,80.98868,AGRICULTURAL_FIRE,MODERATE,10.54,346.94,N21,2026-09-10 13:14:00 IST,4,FAC-007,Bhilai Steel Complex,industrial,1374.463,LOW,LOW,CL-0227,5,1.0,CL-0227 (5 hotspots),0.88,None (Open / Rural Area),,AGRICULTURAL_FIRE,0.9835,"Event labeled as AGRICULTURAL_FIRE primarily based on: rural coordinates beyond active industrial buffers; low-intensity thermal signature (10.5 MW); repeated temporal persistence (4 recorded events). (Note: Statistical feature correlation, not verified physical causality)."
9d81c71e03,8.83694,80.33418,AGRICULTURAL_FIRE,MODERATE,3.47,333.87,N21,2026-09-10 13:14:00 IST,1,FAC-007,Bhilai Steel Complex,industrial,1378.163,LOW,LOW,NOISE,1,1.0,NOISE (1 hotspot),0.88,None (Open / Rural Area),,AGRICULTURAL_FIRE,0.9879,"Event labeled as AGRICULTURAL_FIRE primarily based on: rural coordinates beyond active industrial buffers; low-intensity thermal signature (3.5 MW); isolated/spontaneous thermal occurrence. (Note: Statistical feature correlation, not verified physical causality)."
a928cd1718,8.83912,80.99213,AGRICULTURAL_FIRE,MODERATE,6.01,330.97,N21,2026-09-10 13:14:00 IST,4,FAC-007,Bhilai Steel Complex,industrial,1373.986,LOW,LOW,CL-0227,5,1.0,CL-0227 (5 hotspots),0.88,None (Open / Rural Area),,AGRICULTURAL_FIRE,0.9905,"Event labeled as AGRICULTURAL_FIRE primarily based on: rural coordinates beyond active industrial buffers; low-intensity thermal signature (6.0 MW); repeated temporal persistence (4 recorded events). (Note: Statistical feature correlation, not verified physical causality)."
8bca3bfa87,8.90438,77.60378,AGRICULTURAL_FIRE,MODERATE,4.95,333.52,N21,2026-09-10 13:14:00 IST,2,FAC-007,Bhilai Steel Complex,industrial,1424.742,LOW,LOW,CL-0228,2,1.0,CL-0228 (2 hotspots),0.88,None (Open / Rural Area),,AGRICULTURAL_FIRE,0.9889,"Event labeled as AGRICULTURAL_FIRE primarily based on: rural coordinates beyond active industrial buffers; low-intensity thermal signature (5.0 MW); isolated/spontaneous thermal occurrence. (Note: Statistical feature correlation, not verified physical causality)."
e1bb01430a,8.90687,77.60324,AGRICULTURAL_FIRE,MODERATE,3.33,339.94,N21,2026-09-10 13:14:00 IST,2,FAC-007,Bhilai Steel Complex,industrial,1424.492,LOW,LOW,CL-0228,2,1.0,CL-0228 (2 hotspots),0.88,None (Open / Rural Area),,AGRICULTURAL_FIRE,0.9937,"Event labeled as AGRICULTURAL_FIRE primarily based on: rural coordinates beyond active industrial buffers; low-intensity thermal signature (3.3 MW); isolated/spontaneous thermal occurrence. (Note: Statistical feature correlation, not verified physical causality)."
675420b71f,8.93589,80.57632,AGRICULTURAL_FIRE,MODERATE,16.47,349.52,N21,2026-09-10 13:14:00 IST,1,FAC-007,Bhilai Steel Complex,industrial,1365.314,LOW,LOW,NOISE,1,1.0,NOISE (1 hotspot),0.88,None (Open / Rural Area),,AGRICULTURAL_FIRE,0.9658,"Event labeled as AGRICULTURAL_FIRE primarily based on: rural coordinates beyond active industrial buffers; low-intensity thermal signature (16.5 MW); isolated/spontaneous thermal occurrence. (Note: Statistical feature correlation, not verified physical causality)."
28cc16956c,8.94718,80.46166,AGRICULTURAL_FIRE,MODERATE,15.06,344.44,N21,2026-09-10 13:14:00 IST,1,FAC-007,Bhilai Steel Complex,industrial,1364.891,LOW,LOW,CL-0229,2,1.0,CL-0229 (2 hotspots),0.88,None (Open / Rural Area),,AGRICULTURAL_FIRE,0.9825,"Event labeled as AGRICULTURAL_FIRE primarily based on: rural coordinates beyond active industrial buffers; low-intensity thermal signature (15.1 MW); isolated/spontaneous thermal occurrence. (Note: Statistical feature correlation, not verified physical causality)."
31f10a6f3e,8.94782,80.90019,AGRICULTURAL_FIRE,MODERATE,3.64,336.32,N21,2026-09-10 13:14:00 IST,1,FAC-007,Bhilai Steel Complex,industrial,1362.24,LOW,LOW,NOISE,1,1.0,NOISE (1 hotspot),0.88,None (Open / Rural Area),,AGRICULTURAL_FIRE,0.9879,"Event labeled as AGRICULTURAL_FIRE primarily based on: rural coordinates beyond active industrial buffers; low-intensity thermal signature (3.6 MW); isolated/spontaneous thermal occurrence. (Note: Statistical feature correlation, not verified physical causality)."
66f4c339bd,8.94848,80.46294,AGRICULTURAL_FIRE,MODERATE,10.22,333.45,N21,2026-09-10 13:14:00 IST,1,FAC-007,Bhilai Steel Complex,industrial,1364.737,LOW,LOW,CL-0229,2,1.0,CL-0229 (2 hotspots),0.88,None (Open / Rural Area),,AGRICULTURAL_FIRE,0.9822,"Event labeled as AGRICULTURAL_FIRE primarily based on: rural coordinates beyond active industrial buffers; low-intensity thermal signature (10.2 MW); isolated/spontaneous thermal occurrence. (Note: Statistical feature correlation, not verified physical causality)."
ad6ab9446f,8.95331,80.68477,AGRICULTURAL_FIRE,MODERATE,10.13,336.52,N21,2026-09-10 13:14:00 IST,1,FAC-007,Bhilai Steel Complex,industrial,1362.696,LOW,LOW,CL-0203,2,1.0,CL-0203 (2 hotspots),0.88,None (Open / Rural Area),,AGRICULTURAL_FIRE,0.9822,"Event labeled as AGRICULTURAL_FIRE primarily based on: rural coordinates beyond active industrial buffers; low-intensity thermal signature (10.1 MW); isolated/spontaneous thermal occurrence. (Note: Statistical feature correlation, not verified physical causality)."
72c6f4c1c9,8.96667,77.85931,AGRICULTURAL_FIRE,MODERATE,14.16,348.35,N21,2026-09-10 13:14:00 IST,1,FAC-007,Bhilai Steel Complex,industrial,1410.524,LOW,LOW,NOISE,1,1.0,NOISE (1 hotspot),0.88,None (Open / Rural Area),,AGRICULTURAL_FIRE,0.9658,"Event labeled as AGRICULTURAL_FIRE primarily based on: rural coordinates beyond active industrial buffers; low-intensity thermal signature (14.2 MW); isolated/spontaneous thermal occurrence. (Note: Statistical feature correlation, not verified physical causality)."
7f13c79ae7,9.02846,80.2422,AGRICULTURAL_FIRE,MODERATE,7.41,350.65,N21,2026-09-10 13:14:00 IST,1,FAC-007,Bhilai Steel Complex,industrial,1357.783,LOW,LOW,CL-0230,2,1.0,CL-0230 (2 hotspots),0.88,None (Open / Rural Area),,AGRICULTURAL_FIRE,0.9393,"Event labeled as AGRICULTURAL_FIRE primarily based on: rural coordinates beyond active industrial buffers; low-intensity thermal signature (7.4 MW); isolated/spontaneous thermal occurrence. (Note: Statistical feature correlation, not verified physical causality)."
bdf1f6bf85,9.02856,80.24287,AGRICULTURAL_FIRE,MODERATE,8.78,342.15,N21,2026-09-10 13:14:00 IST,1,FAC-007,Bhilai Steel Complex,industrial,1357.766,LOW,LOW,CL-0230,2,1.0,CL-0230 (2 hotspots),0.88,None (Open / Rural Area),,AGRICULTURAL_FIRE,0.9825,"Event labeled as AGRICULTURAL_FIRE primarily based on: rural coordinates beyond active industrial buffers; low-intensity thermal signature (8.8 MW); isolated/spontaneous thermal occurrence. (Note: Statistical feature correlation, not verified physical causality)."
18f93665b8,9.24767,77.89903,AGRICULTURAL_FIRE,MODERATE,12.1,342.41,N21,2026-09-10 13:14:00 IST,1,FAC-007,Bhilai Steel Complex,industrial,1379.228,LOW,LOW,NOISE,1,1.0,NOISE (1 hotspot),0.88,None (Open / Rural Area),,AGRICULTURAL_FIRE,0.9825,"Event labeled as AGRICULTURAL_FIRE primarily based on: rural coordinates beyond active industrial buffers; low-intensity thermal signature (12.1 MW); isolated/spontaneous thermal occurrence. (Note: Statistical feature correlation, not verified physical causality)."
4439d7b72d,9.2705,78.60549,AGRICULTURAL_FIRE,MODERATE,2.3,343.63,N21,2026-09-10 13:14:00 IST,1,FAC-007,Bhilai Steel Complex,industrial,1358.262,LOW,LOW,NOISE,1,1.0,NOISE (1 hotspot),0.88,None (Open / Rural Area),,AGRICULTURAL_FIRE,0.9882,"Event labeled as AGRICULTURAL_FIRE primarily based on: rural coordinates beyond active industrial buffers; low-intensity thermal signature (2.3 MW); isolated/spontaneous thermal occurrence. (Note: Statistical feature correlation, not verified physical causality)."
89beb90efe,9.36015,78.76106,AGRICULTURAL_FIRE,MODERATE,1.88,339.16,N21,2026-09-10 13:14:00 IST,1,FAC-007,Bhilai Steel Complex,industrial,1344.956,LOW,LOW,NOISE,1,1.0,NOISE (1 hotspot),0.88,None (Open / Rural Area),,AGRICULTURAL_FIRE,0.9927,"Event labeled as AGRICULTURAL_FIRE primarily based on: rural coordinates beyond active industrial buffers; low-intensity thermal signature (1.9 MW); isolated/spontaneous thermal occurrence. (Note: Statistical feature correlation, not verified physical causality)."
f6d5d69df0,9.40057,80.47038,AGRICULTURAL_FIRE,MODERATE,10.59,341.83,N21,2026-09-10 13:14:00 IST,1,FAC-007,Bhilai Steel Complex,industrial,1314.536,LOW,LOW,NOISE,1,1.0,NOISE (1 hotspot),0.88,None (Open / Rural Area),,AGRICULTURAL_FIRE,0.9825,"Event labeled as AGRICULTURAL_FIRE primarily based on: rural coordinates beyond active industrial buffers; low-intensity thermal signature (10.6 MW); isolated/spontaneous thermal occurrence. (Note: Statistical feature correlation, not verified physical causality)."
63ca0dba6a,9.4199,80.3849,AGRICULTURAL_FIRE,MODERATE,24.67,353.94,N21,2026-09-10 13:14:00 IST,2,FAC-007,Bhilai Steel Complex,industrial,1313.103,LOW,LOW,CL-0211,2,1.0,CL-0211 (2 hotspots),0.88,None (Open / Rural Area),,AGRICULTURAL_FIRE,0.9725,"Event labeled as AGRICULTURAL_FIRE primarily based on: rural coordinates beyond active industrial buffers; low-intensity thermal signature (24.7 MW); isolated/spontaneous thermal occurrence. (Note: Statistical feature correlation, not verified physical causality)."
c869671dd5,9.43006,80.37888,AGRICULTURAL_FIRE,MODERATE,10.01,339.92,N21,2026-09-10 13:14:00 IST,1,FAC-007,Bhilai Steel Complex,industrial,1312.029,LOW,LOW,NOISE,1,1.0,NOISE (1 hotspot),0.88,None (Open / Rural Area),,AGRICULTURAL_FIRE,0.987,"Event labeled as AGRICULTURAL_FIRE primarily based on: rural coordinates beyond active industrial buffers; low-intensity thermal signature (10.0 MW); isolated/spontaneous thermal occurrence. (Note: Statistical feature correlation, not verified physical causality)."
f9531f0b1c,9.44271,80.50226,AGRICULTURAL_FIRE,MODERATE,10.15,335.25,N21,2026-09-10 13:14:00 IST,1,FAC-007,Bhilai Steel Complex,industrial,1309.614,LOW,LOW,NOISE,1,1.0,NOISE (1 hotspot),0.88,None (Open / Rural Area),,AGRICULTURAL_FIRE,0.9822,"Event labeled as AGRICULTURAL_FIRE primarily based on: rural coordinates beyond active industrial buffers; low-intensity thermal signature (10.2 MW); isolated/spontaneous thermal occurrence. (Note: Statistical feature correlation, not verified physical causality)."
7929a3c382,14.50943,77.50732,AGRICULTURAL_FIRE,MODERATE,6.11,345.89,N21,2026-09-10 13:16:00 IST,1,FAC-007,Bhilai Steel Complex,industrial,848.28,LOW,LOW,NOISE,1,1.0,NOISE (1 hotspot),0.88,None (Open / Rural Area),,AGRICULTURAL_FIRE,0.9811,"Event labeled as AGRICULTURAL_FIRE primarily based on: rural coordinates beyond active industrial buffers; low-intensity thermal signature (6.1 MW); isolated/spontaneous thermal occurrence. (Note: Statistical feature correlation, not verified physical causality)."
d875275178,15.17447,76.8308,AGRICULTURAL_FIRE,MODERATE,3.73,341.83,N21,2026-09-10 13:16:00 IST,1,FAC-007,Bhilai Steel Complex,industrial,823.467,LOW,LOW,NOISE,1,1.0,NOISE (1 hotspot),0.88,None (Open / Rural Area),,AGRICULTURAL_FIRE,0.9882,"Event labeled as AGRICULTURAL_FIRE primarily based on: rural coordinates beyond active industrial buffers; low-intensity thermal signature (3.7 MW); isolated/spontaneous thermal occurrence. (Note: Statistical feature correlation, not verified physical causality)."
fe2e0a2ded,17.3086,77.62019,AGRICULTURAL_FIRE,MODERATE,8.89,333.06,N21,2026-09-10 13:16:00 IST,2,FAC-007,Bhilai Steel Complex,industrial,584.784,LOW,LOW,CL-0231,2,1.0,CL-0231 (2 hotspots),0.88,None (Open / Rural Area),,AGRICULTURAL_FIRE,0.9889,"Event labeled as AGRICULTURAL_FIRE primarily based on: rural coordinates beyond active industrial buffers; low-intensity thermal signature (8.9 MW); isolated/spontaneous thermal occurrence. (Note: Statistical feature correlation, not verified physical causality)."
83a10abfd1,17.30932,77.6216,AGRICULTURAL_FIRE,MODERATE,8.81,330.95,N21,2026-09-10 13:16:00 IST,2,FAC-007,Bhilai Steel Complex,industrial,584.624,LOW,LOW,CL-0231,2,1.0,CL-0231 (2 hotspots),0.88,None (Open / Rural Area),,AGRICULTURAL_FIRE,0.9889,"Event labeled as AGRICULTURAL_FIRE primarily based on: rural coordinates beyond active industrial buffers; low-intensity thermal signature (8.8 MW); isolated/spontaneous thermal occurrence. (Note: Statistical feature correlation, not verified physical causality)."
98f87c347e,17.70016,75.35762,AGRICULTURAL_FIRE,MODERATE,3.82,335.22,N21,2026-09-10 13:16:00 IST,1,FAC-007,Bhilai Steel Complex,industrial,741.026,LOW,LOW,NOISE,1,1.0,NOISE (1 hotspot),0.88,None (Open / Rural Area),,AGRICULTURAL_FIRE,0.9879,"Event labeled as AGRICULTURAL_FIRE primarily based on: rural coordinates beyond active industrial buffers; low-intensity thermal signature (3.8 MW); isolated/spontaneous thermal occurrence. (Note: Statistical feature correlation, not verified physical causality)."
16e00b2daa,18.63248,74.05639,AGRICULTURAL_FIRE,MODERATE,4.94,331.15,N21,2026-09-10 13:18:00 IST,1,FAC-003,Jamnagar Petrochemical & Flare Complex,industrial,596.143,LOW,LOW,NOISE,1,1.0,NOISE (1 hotspot),0.88,None (Open / Rural Area),,AGRICULTURAL_FIRE,0.9813,"Event labeled as AGRICULTURAL_FIRE primarily based on: rural coordinates beyond active industrial buffers; low-intensity thermal signature (4.9 MW); isolated/spontaneous thermal occurrence. (Note: Statistical feature correlation, not verified physical causality)."
f71cec784e,19.92554,79.11815,AGRICULTURAL_FIRE,MODERATE,8.46,332.8,N21,2026-09-10 13:18:00 IST,1,FAC-007,Bhilai Steel Complex,industrial,274.263,LOW,LOW,CL-0060,2,1.0,CL-0060 (2 hotspots),0.88,None (Open / Rural Area),,AGRICULTURAL_FIRE,0.9822,"Event labeled as AGRICULTURAL_FIRE primarily based on: rural coordinates beyond active industrial buffers; low-intensity thermal signature (8.5 MW); isolated/spontaneous thermal occurrence. (Note: Statistical feature correlation, not verified physical causality)."
be4939f7e6,21.10014,72.63404,WILDFIRE_BIOMASS,HIGH,36.33,336.61,N21,2026-09-10 13:18:00 IST,8,FAC-003,Jamnagar Petrochemical & Flare Complex,industrial,306.568,LOW,LOW,CL-0103,27,1.0,CL-0103 (27 hotspots),0.85,None (Open / Rural Area),,WILDFIRE_BIOMASS,0.9056,"Event labeled as WILDFIRE_BIOMASS primarily based on: rural coordinates beyond active industrial buffers; moderate thermal radiative power (36.3 MW); repeated temporal persistence (8 recorded events). (Note: Statistical feature correlation, not verified physical causality)."
b128b9aebc,21.10247,72.64529,AGRICULTURAL_FIRE,MODERATE,9.05,342.82,N21,2026-09-10 13:18:00 IST,17,FAC-003,Jamnagar Petrochemical & Flare Complex,industrial,307.446,LOW,LOW,CL-0103,27,1.0,CL-0103 (27 hotspots),0.88,None (Open / Rural Area),,AGRICULTURAL_FIRE,0.978,"Event labeled as AGRICULTURAL_FIRE primarily based on: rural coordinates beyond active industrial buffers; low-intensity thermal signature (9.1 MW); repeated temporal persistence (17 recorded events). (Note: Statistical feature correlation, not verified physical causality)."
677f761a2a,21.10725,72.6442,AGRICULTURAL_FIRE,MODERATE,9.05,331.63,N21,2026-09-10 13:18:00 IST,17,FAC-003,Jamnagar Petrochemical & Flare Complex,industrial,307.081,LOW,LOW,CL-0103,27,1.0,CL-0103 (27 hotspots),0.88,None (Open / Rural Area),,AGRICULTURAL_FIRE,0.9745,"Event labeled as AGRICULTURAL_FIRE primarily based on: rural coordinates beyond active industrial buffers; low-intensity thermal signature (9.1 MW); repeated temporal persistence (17 recorded events). (Note: Statistical feature correlation, not verified physical causality)."
5793911988,22.21149,84.86465,AGRICULTURAL_FIRE,MODERATE,5.09,334.91,N21,2026-09-10 13:18:00 IST,4,FAC-005,"Tata Steel Plant, Jamshedpur",industrial,150.853,LOW,LOW,CL-0052,4,1.0,CL-0052 (4 hotspots),0.88,None (Open / Rural Area),,AGRICULTURAL_FIRE,0.9905,"Event labeled as AGRICULTURAL_FIRE primarily based on: rural coordinates beyond active industrial buffers; low-intensity thermal signature (5.1 MW); repeated temporal persistence (4 recorded events). (Note: Statistical feature correlation, not verified physical causality)."
ef84656da8,22.21438,84.866,AGRICULTURAL_FIRE,MODERATE,5.73,333.48,N21,2026-09-10 13:18:00 IST,4,FAC-005,"Tata Steel Plant, Jamshedpur",industrial,150.586,LOW,LOW,CL-0052,4,1.0,CL-0052 (4 hotspots),0.88,None (Open / Rural Area),,AGRICULTURAL_FIRE,0.9905,"Event labeled as AGRICULTURAL_FIRE primarily based on: rural coordinates beyond active industrial buffers; low-intensity thermal signature (5.7 MW); repeated temporal persistence (4 recorded events). (Note: Statistical feature correlation, not verified physical causality)."
f49cb43039,22.7853,86.20583,INDUSTRIAL_FLARE,LOW,7.11,337.65,N21,2026-09-10 13:18:00 IST,1,FAC-005,"Tata Steel Plant, Jamshedpur",industrial,2.999,HIGH,HIGH,NOISE,1,1.0,NOISE (1 hotspot),0.92,"Tata Steel Plant, Jamshedpur",3.0,INDUSTRIAL_FLARE,0.7602,"Event labeled as INDUSTRIAL_FLARE primarily based on: spatial proximity to an industrial facility (3.00 km); low-intensity thermal signature (7.1 MW); isolated/spontaneous thermal occurrence. (Note: Statistical feature correlation, not verified physical causality)."
70e44b6408,23.68556,86.39387,AGRICULTURAL_FIRE,MODERATE,5.88,336.97,N21,2026-09-10 13:18:00 IST,2,FAC-005,"Tata Steel Plant, Jamshedpur",industrial,100.247,LOW,LOW,CL-0007,4,1.0,CL-0007 (4 hotspots),0.88,None (Open / Rural Area),,AGRICULTURAL_FIRE,0.9937,"Event labeled as AGRICULTURAL_FIRE primarily based on: rural coordinates beyond active industrial buffers; low-intensity thermal signature (5.9 MW); isolated/spontaneous thermal occurrence. (Note: Statistical feature correlation, not verified physical causality)."
6dc7ac7d96,23.71437,86.45137,AGRICULTURAL_FIRE,MODERATE,6.09,333.64,N21,2026-09-10 13:18:00 IST,1,FAC-005,"Tata Steel Plant, Jamshedpur",industrial,104.747,LOW,LOW,NOISE,1,1.0,NOISE (1 hotspot),0.88,None (Open / Rural Area),,AGRICULTURAL_FIRE,0.9879,"Event labeled as AGRICULTURAL_FIRE primarily based on: rural coordinates beyond active industrial buffers; low-intensity thermal signature (6.1 MW); isolated/spontaneous thermal occurrence. (Note: Statistical feature correlation, not verified physical causality)."
88e5ebbbea,23.73816,86.43526,AGRICULTURAL_FIRE,MODERATE,6.49,336.08,N21,2026-09-10 13:18:00 IST,1,FAC-005,"Tata Steel Plant, Jamshedpur",industrial,106.899,LOW,LOW,NOISE,1,1.0,NOISE (1 hotspot),0.88,None (Open / Rural Area),,AGRICULTURAL_FIRE,0.9879,"Event labeled as AGRICULTURAL_FIRE primarily based on: rural coordinates beyond active industrial buffers; low-intensity thermal signature (6.5 MW); isolated/spontaneous thermal occurrence. (Note: Statistical feature correlation, not verified physical causality)."
fca1f1178a,23.77832,86.21114,AGRICULTURAL_FIRE,MODERATE,8.84,335.85,N21,2026-09-10 13:18:00 IST,5,FAC-005,"Tata Steel Plant, Jamshedpur",industrial,108.305,LOW,LOW,CL-0109,5,1.0,CL-0109 (5 hotspots),0.88,None (Open / Rural Area),,AGRICULTURAL_FIRE,0.9905,"Event labeled as AGRICULTURAL_FIRE primarily based on: rural coordinates beyond active industrial buffers; low-intensity thermal signature (8.8 MW); repeated temporal persistence (5 recorded events). (Note: Statistical feature correlation, not verified physical causality)."
ae92c66ce4,23.77997,86.21016,AGRICULTURAL_FIRE,MODERATE,8.13,342.33,N21,2026-09-10 13:18:00 IST,5,FAC-005,"Tata Steel Plant, Jamshedpur",industrial,108.486,LOW,LOW,CL-0109,5,1.0,CL-0109 (5 hotspots),0.88,None (Open / Rural Area),,AGRICULTURAL_FIRE,0.986,"Event labeled as AGRICULTURAL_FIRE primarily based on: rural coordinates beyond active industrial buffers; low-intensity thermal signature (8.1 MW); repeated temporal persistence (5 recorded events). (Note: Statistical feature correlation, not verified physical causality)."
221c044272,23.22733,69.83443,AGRICULTURAL_FIRE,MODERATE,6.36,353.5,N21,2026-09-10 13:20:00 IST,2,FAC-003,Jamnagar Petrochemical & Flare Complex,industrial,87.189,LOW,LOW,CL-0028,3,1.0,CL-0028 (3 hotspots),0.88,None (Open / Rural Area),,AGRICULTURAL_FIRE,0.9642,"Event labeled as AGRICULTURAL_FIRE primarily based on: rural coordinates beyond active industrial buffers; low-intensity thermal signature (6.4 MW); isolated/spontaneous thermal occurrence. (Note: Statistical feature correlation, not verified physical causality)."
9f248ecd50,23.22823,69.83833,AGRICULTURAL_FIRE,MODERATE,6.36,335.21,N21,2026-09-10 13:20:00 IST,1,FAC-003,Jamnagar Petrochemical & Flare Complex,industrial,87.181,LOW,LOW,CL-0028,3,1.0,CL-0028 (3 hotspots),0.88,None (Open / Rural Area),,AGRICULTURAL_FIRE,0.9879,"Event labeled as AGRICULTURAL_FIRE primarily based on: rural coordinates beyond active industrial buffers; low-intensity thermal signature (6.4 MW); isolated/spontaneous thermal occurrence. (Note: Statistical feature correlation, not verified physical causality)."
6e2b14bb48,25.56557,72.19657,AGRICULTURAL_FIRE,MODERATE,3.32,334.68,N21,2026-09-10 13:20:00 IST,1,FAC-003,Jamnagar Petrochemical & Flare Complex,industrial,406.943,LOW,LOW,NOISE,1,1.0,NOISE (1 hotspot),0.88,None (Open / Rural Area),,AGRICULTURAL_FIRE,0.9879,"Event labeled as AGRICULTURAL_FIRE primarily based on: rural coordinates beyond active industrial buffers; low-intensity thermal signature (3.3 MW); isolated/spontaneous thermal occurrence. (Note: Statistical feature correlation, not verified physical causality)."
36ae90d1f9,25.78074,73.69642,AGRICULTURAL_FIRE,MODERATE,1.44,330.59,N21,2026-09-10 13:20:00 IST,3,FAC-004,Mathura Refinery (IOCL),industrial,446.073,LOW,LOW,CL-0214,3,1.0,CL-0214 (3 hotspots),0.88,None (Open / Rural Area),,AGRICULTURAL_FIRE,0.9978,"Event labeled as AGRICULTURAL_FIRE primarily based on: rural coordinates beyond active industrial buffers; low-intensity thermal signature (1.4 MW); repeated temporal persistence (3 recorded events). (Note: Statistical feature correlation, not verified physical causality)."
9eb93a30fb,25.85574,68.94447,AGRICULTURAL_FIRE,MODERATE,3.08,331.09,N21,2026-09-10 13:20:00 IST,1,FAC-003,Jamnagar Petrochemical & Flare Complex,industrial,392.971,LOW,LOW,NOISE,1,1.0,NOISE (1 hotspot),0.88,None (Open / Rural Area),,AGRICULTURAL_FIRE,0.9813,"Event labeled as AGRICULTURAL_FIRE primarily based on: rural coordinates beyond active industrial buffers; low-intensity thermal signature (3.1 MW); isolated/spontaneous thermal occurrence. (Note: Statistical feature correlation, not verified physical causality)."
85c8c66c20,28.7746,71.00861,AGRICULTURAL_FIRE,MODERATE,15.55,353.66,N21,2026-09-10 13:20:00 IST,1,FAC-004,Mathura Refinery (IOCL),industrial,668.803,LOW,LOW,NOISE,1,1.0,NOISE (1 hotspot),0.88,None (Open / Rural Area),,AGRICULTURAL_FIRE,0.9578,"Event labeled as AGRICULTURAL_FIRE primarily based on: rural coordinates beyond active industrial buffers; low-intensity thermal signature (15.6 MW); isolated/spontaneous thermal occurrence. (Note: Statistical feature correlation, not verified physical causality)."
7bc42d8d06,31.40946,72.38369,AGRICULTURAL_FIRE,MODERATE,1.68,331.31,N21,2026-09-10 13:20:00 IST,1,FAC-004,Mathura Refinery (IOCL),industrial,666.651,LOW,LOW,NOISE,1,1.0,NOISE (1 hotspot),0.88,None (Open / Rural Area),,AGRICULTURAL_FIRE,0.9813,"Event labeled as AGRICULTURAL_FIRE primarily based on: rural coordinates beyond active industrial buffers; low-intensity thermal signature (1.7 MW); isolated/spontaneous thermal occurrence. (Note: Statistical feature correlation, not verified physical causality)."
2d3cbb9e8f,31.52411,73.387,AGRICULTURAL_FIRE,MODERATE,3.65,343.3,N21,2026-09-10 13:20:00 IST,1,FAC-004,Mathura Refinery (IOCL),industrial,603.97,LOW,LOW,NOISE,1,1.0,NOISE (1 hotspot),0.88,None (Open / Rural Area),,AGRICULTURAL_FIRE,0.9882,"Event labeled as AGRICULTURAL_FIRE primarily based on: rural coordinates beyond active industrial buffers; low-intensity thermal signature (3.6 MW); isolated/spontaneous thermal occurrence. (Note: Statistical feature correlation, not verified physical causality)."
83e8432ad6,31.48832,70.32721,AGRICULTURAL_FIRE,MODERATE,4.02,331.98,N21,2026-09-10 13:22:00 IST,1,FAC-004,Mathura Refinery (IOCL),industrial,834.065,LOW,LOW,NOISE,1,1.0,NOISE (1 hotspot),0.88,None (Open / Rural Area),,AGRICULTURAL_FIRE,0.9813,"Event labeled as AGRICULTURAL_FIRE primarily based on: rural coordinates beyond active industrial buffers; low-intensity thermal signature (4.0 MW); isolated/spontaneous thermal occurrence. (Note: Statistical feature correlation, not verified physical causality)."
3daca72e4e,31.94805,73.20129,AGRICULTURAL_FIRE,MODERATE,4.43,334.13,N21,2026-09-10 13:22:00 IST,1,FAC-004,Mathura Refinery (IOCL),industrial,650.118,LOW,LOW,NOISE,1,1.0,NOISE (1 hotspot),0.88,None (Open / Rural Area),,AGRICULTURAL_FIRE,0.9879,"Event labeled as AGRICULTURAL_FIRE primarily based on: rural coordinates beyond active industrial buffers; low-intensity thermal signature (4.4 MW); isolated/spontaneous thermal occurrence. (Note: Statistical feature correlation, not verified physical causality)."
fb52998283,30.06927,96.97865,AGRICULTURAL_FIRE,MODERATE,1.61,302.95,N21,2026-09-11 00:04:00 IST,1,FAC-005,"Tata Steel Plant, Jamshedpur",industrial,1343.141,LOW,LOW,NOISE,1,1.0,NOISE (1 hotspot),0.88,None (Open / Rural Area),,AGRICULTURAL_FIRE,0.9752,"Event labeled as AGRICULTURAL_FIRE primarily based on: rural coordinates beyond active industrial buffers; low-intensity thermal signature (1.6 MW); isolated/spontaneous thermal occurrence. (Note: Statistical feature correlation, not verified physical causality)."
bd87962caf,22.35299,96.70353,AGRICULTURAL_FIRE,MODERATE,0.93,300.27,N21,2026-09-11 00:06:00 IST,1,FAC-005,"Tata Steel Plant, Jamshedpur",industrial,1080.859,LOW,LOW,NOISE,1,1.0,NOISE (1 hotspot),0.88,None (Open / Rural Area),,AGRICULTURAL_FIRE,0.9671,"Event labeled as AGRICULTURAL_FIRE primarily based on: rural coordinates beyond active industrial buffers; low-intensity thermal signature (0.9 MW); isolated/spontaneous thermal occurrence. (Note: Statistical feature correlation, not verified physical causality)."
869799f9ad,35.98932,94.83054,AGRICULTURAL_FIRE,MODERATE,1.24,306.1,N21,2026-09-11 01:42:00 IST,2,FAC-001,Talkatora Industrial Estate,industrial,1666.612,LOW,LOW,CL-0232,2,1.0,CL-0232 (2 hotspots),0.88,None (Open / Rural Area),,AGRICULTURAL_FIRE,1.0,"Event labeled as AGRICULTURAL_FIRE primarily based on: rural coordinates beyond active industrial buffers; low-intensity thermal signature (1.2 MW); isolated/spontaneous thermal occurrence. (Note: Statistical feature correlation, not verified physical causality)."
781347f7e1,35.98952,94.83158,AGRICULTURAL_FIRE,MODERATE,1.29,299.25,N21,2026-09-11 01:42:00 IST,2,FAC-001,Talkatora Industrial Estate,industrial,1666.702,LOW,LOW,CL-0232,2,1.0,CL-0232 (2 hotspots),0.88,None (Open / Rural Area),,AGRICULTURAL_FIRE,0.9918,"Event labeled as AGRICULTURAL_FIRE primarily based on: rural coordinates beyond active industrial buffers; low-intensity thermal signature (1.3 MW); isolated/spontaneous thermal occurrence. (Note: Statistical feature correlation, not verified physical causality)."
b627c697f3,36.99888,80.19262,AGRICULTURAL_FIRE,MODERATE,1.12,299.57,N21,2026-09-11 01:42:00 IST,1,FAC-004,Mathura Refinery (IOCL),industrial,1071.375,LOW,LOW,NOISE,1,1.0,NOISE (1 hotspot),0.88,None (Open / Rural Area),,AGRICULTURAL_FIRE,0.9918,"Event labeled as AGRICULTURAL_FIRE primarily based on: rural coordinates beyond active industrial buffers; low-intensity thermal signature (1.1 MW); isolated/spontaneous thermal occurrence. (Note: Statistical feature correlation, not verified physical causality)."
398fe21eb1,27.22271,95.34615,AGRICULTURAL_FIRE,MODERATE,0.66,303.07,N21,2026-09-11 01:44:00 IST,1,FAC-005,"Tata Steel Plant, Jamshedpur",industrial,1045.189,LOW,LOW,NOISE,1,1.0,NOISE (1 hotspot),0.88,None (Open / Rural Area),,AGRICULTURAL_FIRE,1.0,"Event labeled as AGRICULTURAL_FIRE primarily based on: rural coordinates beyond active industrial buffers; low-intensity thermal signature (0.7 MW); isolated/spontaneous thermal occurrence. (Note: Statistical feature correlation, not verified physical causality)."
74bcd09c94,28.77348,76.70058,AGRICULTURAL_FIRE,MODERATE,1.37,310.63,N21,2026-09-11 01:44:00 IST,1,FAC-004,Mathura Refinery (IOCL),industrial,163.615,LOW,LOW,NOISE,1,1.0,NOISE (1 hotspot),0.88,None (Open / Rural Area),,AGRICULTURAL_FIRE,1.0,"Event labeled as AGRICULTURAL_FIRE primarily based on: rural coordinates beyond active industrial buffers; low-intensity thermal signature (1.4 MW); isolated/spontaneous thermal occurrence. (Note: Statistical feature correlation, not verified physical causality)."
b3d100acc9,31.24952,76.92664,AGRICULTURAL_FIRE,MODERATE,0.45,301.0,N21,2026-09-11 01:44:00 IST,1,FAC-004,Mathura Refinery (IOCL),industrial,413.159,LOW,LOW,CL-0218,2,1.0,CL-0218 (2 hotspots),0.88,None (Open / Rural Area),,AGRICULTURAL_FIRE,1.0,"Event labeled as AGRICULTURAL_FIRE primarily based on: rural coordinates beyond active industrial buffers; low-intensity thermal signature (0.5 MW); isolated/spontaneous thermal occurrence. (Note: Statistical feature correlation, not verified physical causality)."
3b67e3a30c,31.2582,76.92317,AGRICULTURAL_FIRE,MODERATE,0.56,302.06,N21,2026-09-11 01:44:00 IST,1,FAC-004,Mathura Refinery (IOCL),industrial,414.169,LOW,LOW,NOISE,1,1.0,NOISE (1 hotspot),0.88,None (Open / Rural Area),,AGRICULTURAL_FIRE,1.0,"Event labeled as AGRICULTURAL_FIRE primarily based on: rural coordinates beyond active industrial buffers; low-intensity thermal signature (0.6 MW); isolated/spontaneous thermal occurrence. (Note: Statistical feature correlation, not verified physical causality)."
719f9265af,32.5728,72.56274,AGRICULTURAL_FIRE,MODERATE,2.87,306.18,N21,2026-09-11 01:44:00 IST,3,FAC-004,Mathura Refinery (IOCL),industrial,741.869,LOW,LOW,CL-0128,5,1.0,CL-0128 (5 hotspots),0.88,None (Open / Rural Area),,AGRICULTURAL_FIRE,1.0,"Event labeled as AGRICULTURAL_FIRE primarily based on: rural coordinates beyond active industrial buffers; low-intensity thermal signature (2.9 MW); repeated temporal persistence (3 recorded events). (Note: Statistical feature correlation, not verified physical causality)."
3ccfbdb921,32.57594,72.56072,AGRICULTURAL_FIRE,MODERATE,2.66,309.97,N21,2026-09-11 01:44:00 IST,2,FAC-004,Mathura Refinery (IOCL),industrial,742.253,LOW,LOW,CL-0128,5,1.0,CL-0128 (5 hotspots),0.88,None (Open / Rural Area),,AGRICULTURAL_FIRE,1.0,"Event labeled as AGRICULTURAL_FIRE primarily based on: rural coordinates beyond active industrial buffers; low-intensity thermal signature (2.7 MW); isolated/spontaneous thermal occurrence. (Note: Statistical feature correlation, not verified physical causality)."
339f00a531,32.71813,72.77424,AGRICULTURAL_FIRE,MODERATE,0.77,305.15,N21,2026-09-11 01:44:00 IST,3,FAC-004,Mathura Refinery (IOCL),industrial,740.604,LOW,LOW,CL-0130,3,1.0,CL-0130 (3 hotspots),0.88,None (Open / Rural Area),,AGRICULTURAL_FIRE,1.0,"Event labeled as AGRICULTURAL_FIRE primarily based on: rural coordinates beyond active industrial buffers; low-intensity thermal signature (0.8 MW); repeated temporal persistence (3 recorded events). (Note: Statistical feature correlation, not verified physical causality)."
ae9cf91244,32.88787,71.61549,AGRICULTURAL_FIRE,MODERATE,2.79,306.45,N21,2026-09-11 01:44:00 IST,1,FAC-004,Mathura Refinery (IOCL),industrial,829.147,LOW,LOW,CL-0131,3,1.0,CL-0131 (3 hotspots),0.88,None (Open / Rural Area),,AGRICULTURAL_FIRE,1.0,"Event labeled as AGRICULTURAL_FIRE primarily based on: rural coordinates beyond active industrial buffers; low-intensity thermal signature (2.8 MW); isolated/spontaneous thermal occurrence. (Note: Statistical feature correlation, not verified physical causality)."
15502477e7,33.69026,72.7108,AGRICULTURAL_FIRE,MODERATE,1.45,306.77,N21,2026-09-11 01:44:00 IST,2,FAC-004,Mathura Refinery (IOCL),industrial,828.683,LOW,LOW,CL-0134,2,1.0,CL-0134 (2 hotspots),0.88,None (Open / Rural Area),,AGRICULTURAL_FIRE,1.0,"Event labeled as AGRICULTURAL_FIRE primarily based on: rural coordinates beyond active industrial buffers; low-intensity thermal signature (1.4 MW); isolated/spontaneous thermal occurrence. (Note: Statistical feature correlation, not verified physical causality)."
e954055ec9,15.16834,76.37976,AGRICULTURAL_FIRE,MODERATE,1.41,299.18,N21,2026-09-11 01:47:00 IST,7,FAC-007,Bhilai Steel Complex,industrial,852.658,LOW,LOW,CL-0137,7,1.0,CL-0137 (7 hotspots),0.88,None (Open / Rural Area),,AGRICULTURAL_FIRE,0.9927,"Event labeled as AGRICULTURAL_FIRE primarily based on: rural coordinates beyond active industrial buffers; low-intensity thermal signature (1.4 MW); repeated temporal persistence (7 recorded events). (Note: Statistical feature correlation, not verified physical causality)."
311b340613,15.17242,76.37626,AGRICULTURAL_FIRE,MODERATE,0.79,295.13,N21,2026-09-11 01:47:00 IST,7,FAC-007,Bhilai Steel Complex,industrial,852.527,LOW,LOW,CL-0137,7,1.0,CL-0137 (7 hotspots),0.88,None (Open / Rural Area),,AGRICULTURAL_FIRE,0.9927,"Event labeled as AGRICULTURAL_FIRE primarily based on: rural coordinates beyond active industrial buffers; low-intensity thermal signature (0.8 MW); repeated temporal persistence (7 recorded events). (Note: Statistical feature correlation, not verified physical causality)."
af15cb900c,15.17324,76.6552,AGRICULTURAL_FIRE,MODERATE,0.62,300.7,N21,2026-09-11 01:47:00 IST,7,FAC-007,Bhilai Steel Complex,industrial,834.526,LOW,LOW,CL-0101,27,1.0,CL-0101 (27 hotspots),0.88,None (Open / Rural Area),,AGRICULTURAL_FIRE,0.9927,"Event labeled as AGRICULTURAL_FIRE primarily based on: rural coordinates beyond active industrial buffers; low-intensity thermal signature (0.6 MW); repeated temporal persistence (7 recorded events). (Note: Statistical feature correlation, not verified physical causality)."
bb702ed6d7,15.17332,76.67924,AGRICULTURAL_FIRE,MODERATE,1.45,311.98,N21,2026-09-11 01:47:00 IST,8,FAC-007,Bhilai Steel Complex,industrial,833.005,LOW,LOW,CL-0101,27,1.0,CL-0101 (27 hotspots),0.88,None (Open / Rural Area),,AGRICULTURAL_FIRE,0.9927,"Event labeled as AGRICULTURAL_FIRE primarily based on: rural coordinates beyond active industrial buffers; low-intensity thermal signature (1.4 MW); repeated temporal persistence (8 recorded events). (Note: Statistical feature correlation, not verified physical causality)."
ff1fcb7956,15.17476,77.10052,AGRICULTURAL_FIRE,MODERATE,1.38,308.85,N21,2026-09-11 01:47:00 IST,5,FAC-007,Bhilai Steel Complex,industrial,807.164,LOW,LOW,CL-0057,5,1.0,CL-0057 (5 hotspots),0.88,None (Open / Rural Area),,AGRICULTURAL_FIRE,0.9927,"Event labeled as AGRICULTURAL_FIRE primarily based on: rural coordinates beyond active industrial buffers; low-intensity thermal signature (1.4 MW); repeated temporal persistence (5 recorded events). (Note: Statistical feature correlation, not verified physical causality)."
c350f607c1,15.17614,76.65965,AGRICULTURAL_FIRE,MODERATE,2.24,313.93,N21,2026-09-11 01:47:00 IST,11,FAC-007,Bhilai Steel Complex,industrial,833.985,LOW,LOW,CL-0101,27,1.0,CL-0101 (27 hotspots),0.88,None (Open / Rural Area),,AGRICULTURAL_FIRE,0.9927,"Event labeled as AGRICULTURAL_FIRE primarily based on: rural coordinates beyond active industrial buffers; low-intensity thermal signature (2.2 MW); repeated temporal persistence (11 recorded events). (Note: Statistical feature correlation, not verified physical causality)."
62170a50c2,15.1767,76.65572,AGRICULTURAL_FIRE,MODERATE,4.18,325.35,N21,2026-09-11 01:47:00 IST,7,FAC-007,Bhilai Steel Complex,industrial,834.182,LOW,LOW,CL-0101,27,1.0,CL-0101 (27 hotspots),0.88,None (Open / Rural Area),,AGRICULTURAL_FIRE,0.9856,"Event labeled as AGRICULTURAL_FIRE primarily based on: rural coordinates beyond active industrial buffers; low-intensity thermal signature (4.2 MW); repeated temporal persistence (7 recorded events). (Note: Statistical feature correlation, not verified physical causality)."
a88314a7e5,15.17677,76.67976,AGRICULTURAL_FIRE,MODERATE,1.45,323.76,N21,2026-09-11 01:47:00 IST,8,FAC-007,Bhilai Steel Complex,industrial,832.661,LOW,LOW,CL-0101,27,1.0,CL-0101 (27 hotspots),0.88,None (Open / Rural Area),,AGRICULTURAL_FIRE,0.9927,"Event labeled as AGRICULTURAL_FIRE primarily based on: rural coordinates beyond active industrial buffers; low-intensity thermal signature (1.4 MW); repeated temporal persistence (8 recorded events). (Note: Statistical feature correlation, not verified physical causality)."
7881026399,15.17734,76.67583,AGRICULTURAL_FIRE,MODERATE,1.45,308.41,N21,2026-09-11 01:47:00 IST,8,FAC-007,Bhilai Steel Complex,industrial,832.857,LOW,LOW,CL-0101,27,1.0,CL-0101 (27 hotspots),0.88,None (Open / Rural Area),,AGRICULTURAL_FIRE,0.9927,"Event labeled as AGRICULTURAL_FIRE primarily based on: rural coordinates beyond active industrial buffers; low-intensity thermal signature (1.4 MW); repeated temporal persistence (8 recorded events). (Note: Statistical feature correlation, not verified physical causality)."
6021eaa139,15.1776,77.10484,AGRICULTURAL_FIRE,MODERATE,1.38,306.7,N21,2026-09-11 01:47:00 IST,5,FAC-007,Bhilai Steel Complex,industrial,806.645,LOW,LOW,CL-0057,5,1.0,CL-0057 (5 hotspots),0.88,None (Open / Rural Area),,AGRICULTURAL_FIRE,0.9927,"Event labeled as AGRICULTURAL_FIRE primarily based on: rural coordinates beyond active industrial buffers; low-intensity thermal signature (1.4 MW); repeated temporal persistence (5 recorded events). (Note: Statistical feature correlation, not verified physical causality)."
5bc670f936,15.18079,76.67635,AGRICULTURAL_FIRE,MODERATE,1.76,308.84,N21,2026-09-11 01:47:00 IST,8,FAC-007,Bhilai Steel Complex,industrial,832.514,LOW,LOW,CL-0101,27,1.0,CL-0101 (27 hotspots),0.88,None (Open / Rural Area),,AGRICULTURAL_FIRE,0.9927,"Event labeled as AGRICULTURAL_FIRE primarily based on: rural coordinates beyond active industrial buffers; low-intensity thermal signature (1.8 MW); repeated temporal persistence (8 recorded events). (Note: Statistical feature correlation, not verified physical causality)."
b059918d1f,15.18135,76.67244,AGRICULTURAL_FIRE,MODERATE,1.24,302.51,N21,2026-09-11 01:47:00 IST,11,FAC-007,Bhilai Steel Complex,industrial,832.71,LOW,LOW,CL-0101,27,1.0,CL-0101 (27 hotspots),0.88,None (Open / Rural Area),,AGRICULTURAL_FIRE,0.9927,"Event labeled as AGRICULTURAL_FIRE primarily based on: rural coordinates beyond active industrial buffers; low-intensity thermal signature (1.2 MW); repeated temporal persistence (11 recorded events). (Note: Statistical feature correlation, not verified physical causality)."
13b8c43ee5,15.18192,76.66852,AGRICULTURAL_FIRE,MODERATE,1.24,316.12,N21,2026-09-11 01:47:00 IST,11,FAC-007,Bhilai Steel Complex,industrial,832.905,LOW,LOW,CL-0101,27,1.0,CL-0101 (27 hotspots),0.88,None (Open / Rural Area),,AGRICULTURAL_FIRE,0.9927,"Event labeled as AGRICULTURAL_FIRE primarily based on: rural coordinates beyond active industrial buffers; low-intensity thermal signature (1.2 MW); repeated temporal persistence (11 recorded events). (Note: Statistical feature correlation, not verified physical causality)."
d4afb60c5c,15.22459,76.76285,AGRICULTURAL_FIRE,MODERATE,2.43,317.18,N21,2026-09-11 01:47:00 IST,4,FAC-007,Bhilai Steel Complex,industrial,823.136,LOW,LOW,CL-0138,6,1.0,CL-0138 (6 hotspots),0.88,None (Open / Rural Area),,AGRICULTURAL_FIRE,0.9927,"Event labeled as AGRICULTURAL_FIRE primarily based on: rural coordinates beyond active industrial buffers; low-intensity thermal signature (2.4 MW); repeated temporal persistence (4 recorded events). (Note: Statistical feature correlation, not verified physical causality)."
90bb4789aa,15.3341,76.28777,AGRICULTURAL_FIRE,MODERATE,1.69,307.32,N21,2026-09-11 01:47:00 IST,1,FAC-007,Bhilai Steel Complex,industrial,844.259,LOW,LOW,NOISE,1,1.0,NOISE (1 hotspot),0.88,None (Open / Rural Area),,AGRICULTURAL_FIRE,1.0,"Event labeled as AGRICULTURAL_FIRE primarily based on: rural coordinates beyond active industrial buffers; low-intensity thermal signature (1.7 MW); isolated/spontaneous thermal occurrence. (Note: Statistical feature correlation, not verified physical causality)."
4931a829e6,18.80434,74.2586,AGRICULTURAL_FIRE,MODERATE,0.77,310.09,N21,2026-09-11 01:47:00 IST,1,FAC-003,Jamnagar Petrochemical & Flare Complex,industrial,597.658,LOW,LOW,NOISE,1,1.0,NOISE (1 hotspot),0.88,None (Open / Rural Area),,AGRICULTURAL_FIRE,1.0,"Event labeled as AGRICULTURAL_FIRE primarily based on: rural coordinates beyond active industrial buffers; low-intensity thermal signature (0.8 MW); isolated/spontaneous thermal occurrence. (Note: Statistical feature correlation, not verified physical causality)."
af621c501c,20.79309,85.25423,AGRICULTURAL_FIRE,MODERATE,5.61,323.4,N21,2026-09-11 01:47:00 IST,6,FAC-006,Kalinganagar Industrial Corridor,industrial,75.653,LOW,LOW,CL-0003,5,1.0,CL-0003 (5 hotspots),0.88,None (Open / Rural Area),,AGRICULTURAL_FIRE,0.9773,"Event labeled as AGRICULTURAL_FIRE primarily based on: rural coordinates beyond active industrial buffers; low-intensity thermal signature (5.6 MW); repeated temporal persistence (6 recorded events). (Note: Statistical feature correlation, not verified physical causality)."
2ba48fd06e,20.80473,85.25675,AGRICULTURAL_FIRE,MODERATE,1.35,304.03,N21,2026-09-11 01:47:00 IST,3,FAC-006,Kalinganagar Industrial Corridor,industrial,75.137,LOW,LOW,CL-0036,3,1.0,CL-0036 (3 hotspots),0.88,None (Open / Rural Area),,AGRICULTURAL_FIRE,1.0,"Event labeled as AGRICULTURAL_FIRE primarily based on: rural coordinates beyond active industrial buffers; low-intensity thermal signature (1.4 MW); repeated temporal persistence (3 recorded events). (Note: Statistical feature correlation, not verified physical causality)."
7a3587180c,20.8086,85.2576,AGRICULTURAL_FIRE,MODERATE,1.3,304.82,N21,2026-09-11 01:47:00 IST,3,FAC-006,Kalinganagar Industrial Corridor,industrial,74.968,LOW,LOW,CL-0036,3,1.0,CL-0036 (3 hotspots),0.88,None (Open / Rural Area),,AGRICULTURAL_FIRE,1.0,"Event labeled as AGRICULTURAL_FIRE primarily based on: rural coordinates beyond active industrial buffers; low-intensity thermal signature (1.3 MW); repeated temporal persistence (3 recorded events). (Note: Statistical feature correlation, not verified physical causality)."
fd0b0958f1,20.96069,85.18478,AGRICULTURAL_FIRE,MODERATE,1.44,302.21,N21,2026-09-11 01:47:00 IST,3,FAC-006,Kalinganagar Industrial Corridor,industrial,81.257,LOW,LOW,CL-0005,33,1.0,CL-0005 (33 hotspots),0.88,None (Open / Rural Area),,AGRICULTURAL_FIRE,1.0,"Event labeled as AGRICULTURAL_FIRE primarily based on: rural coordinates beyond active industrial buffers; low-intensity thermal signature (1.4 MW); repeated temporal persistence (3 recorded events). (Note: Statistical feature correlation, not verified physical causality)."
b0dc696395,20.96152,85.17278,AGRICULTURAL_FIRE,MODERATE,1.31,302.35,N21,2026-09-11 01:47:00 IST,4,FAC-006,Kalinganagar Industrial Corridor,industrial,82.505,LOW,LOW,CL-0005,33,1.0,CL-0005 (33 hotspots),0.88,None (Open / Rural Area),,AGRICULTURAL_FIRE,0.9844,"Event labeled as AGRICULTURAL_FIRE primarily based on: rural coordinates beyond active industrial buffers; low-intensity thermal signature (1.3 MW); repeated temporal persistence (4 recorded events). (Note: Statistical feature correlation, not verified physical causality)."
5686001af7,20.96246,85.16761,AGRICULTURAL_FIRE,MODERATE,1.31,302.45,N21,2026-09-11 01:47:00 IST,4,FAC-006,Kalinganagar Industrial Corridor,industrial,83.045,LOW,LOW,CL-0005,33,1.0,CL-0005 (33 hotspots),0.88,None (Open / Rural Area),,AGRICULTURAL_FIRE,0.9844,"Event labeled as AGRICULTURAL_FIRE primarily based on: rural coordinates beyond active industrial buffers; low-intensity thermal signature (1.3 MW); repeated temporal persistence (4 recorded events). (Note: Statistical feature correlation, not verified physical causality)."
a0f218bc55,20.96254,85.18925,AGRICULTURAL_FIRE,MODERATE,2.46,315.65,N21,2026-09-11 01:47:00 IST,7,FAC-006,Kalinganagar Industrial Corridor,industrial,80.8,LOW,LOW,CL-0005,33,1.0,CL-0005 (33 hotspots),0.88,None (Open / Rural Area),,AGRICULTURAL_FIRE,0.9927,"Event labeled as AGRICULTURAL_FIRE primarily based on: rural coordinates beyond active industrial buffers; low-intensity thermal signature (2.5 MW); repeated temporal persistence (7 recorded events). (Note: Statistical feature correlation, not verified physical causality)."
61ba018911,20.96264,85.17442,AGRICULTURAL_FIRE,MODERATE,1.41,303.85,N21,2026-09-11 01:47:00 IST,18,FAC-006,Kalinganagar Industrial Corridor,industrial,82.339,LOW,LOW,CL-0005,33,1.0,CL-0005 (33 hotspots),0.88,None (Open / Rural Area),,AGRICULTURAL_FIRE,0.9927,"Event labeled as AGRICULTURAL_FIRE primarily based on: rural coordinates beyond active industrial buffers; low-intensity thermal signature (1.4 MW); repeated temporal persistence (18 recorded events). (Note: Statistical feature correlation, not verified physical causality)."
b31fb57af5,20.96348,85.18401,AGRICULTURAL_FIRE,MODERATE,2.36,302.17,N21,2026-09-11 01:47:00 IST,7,FAC-006,Kalinganagar Industrial Corridor,industrial,81.348,LOW,LOW,CL-0005,33,1.0,CL-0005 (33 hotspots),0.88,None (Open / Rural Area),,AGRICULTURAL_FIRE,0.9775,"Event labeled as AGRICULTURAL_FIRE primarily based on: rural coordinates beyond active industrial buffers; low-intensity thermal signature (2.4 MW); repeated temporal persistence (7 recorded events). (Note: Statistical feature correlation, not verified physical causality)."
19c9e4ff61,20.96355,85.19088,AGRICULTURAL_FIRE,MODERATE,1.44,302.51,N21,2026-09-11 01:47:00 IST,7,FAC-006,Kalinganagar Industrial Corridor,industrial,80.635,LOW,LOW,CL-0005,33,1.0,CL-0005 (33 hotspots),0.88,None (Open / Rural Area),,AGRICULTURAL_FIRE,0.9927,"Event labeled as AGRICULTURAL_FIRE primarily based on: rural coordinates beyond active industrial buffers; low-intensity thermal signature (1.4 MW); repeated temporal persistence (7 recorded events). (Note: Statistical feature correlation, not verified physical causality)."
ab7ff3cf88,20.96361,85.16926,AGRICULTURAL_FIRE,MODERATE,1.2,303.57,N21,2026-09-11 01:47:00 IST,18,FAC-006,Kalinganagar Industrial Corridor,industrial,82.879,LOW,LOW,CL-0005,33,1.0,CL-0005 (33 hotspots),0.88,None (Open / Rural Area),,AGRICULTURAL_FIRE,0.9927,"Event labeled as AGRICULTURAL_FIRE primarily based on: rural coordinates beyond active industrial buffers; low-intensity thermal signature (1.2 MW); repeated temporal persistence (18 recorded events). (Note: Statistical feature correlation, not verified physical causality)."
ef2aba48f1,20.96454,85.18561,AGRICULTURAL_FIRE,MODERATE,1.44,307.13,N21,2026-09-11 01:47:00 IST,7,FAC-006,Kalinganagar Industrial Corridor,industrial,81.187,LOW,LOW,CL-0005,33,1.0,CL-0005 (33 hotspots),0.88,None (Open / Rural Area),,AGRICULTURAL_FIRE,0.9927,"Event labeled as AGRICULTURAL_FIRE primarily based on: rural coordinates beyond active industrial buffers; low-intensity thermal signature (1.4 MW); repeated temporal persistence (7 recorded events). (Note: Statistical feature correlation, not verified physical causality)."
55047fc00c,20.96458,85.16412,AGRICULTURAL_FIRE,MODERATE,1.2,298.55,N21,2026-09-11 01:47:00 IST,18,FAC-006,Kalinganagar Industrial Corridor,industrial,83.416,LOW,LOW,CL-0005,33,1.0,CL-0005 (33 hotspots),0.88,None (Open / Rural Area),,AGRICULTURAL_FIRE,0.9927,"Event labeled as AGRICULTURAL_FIRE primarily based on: rural coordinates beyond active industrial buffers; low-intensity thermal signature (1.2 MW); repeated temporal persistence (18 recorded events). (Note: Statistical feature correlation, not verified physical causality)."
9f5894306c,20.9663,85.16846,AGRICULTURAL_FIRE,MODERATE,2.57,299.45,N21,2026-09-11 01:47:00 IST,18,FAC-006,Kalinganagar Industrial Corridor,industrial,82.974,LOW,LOW,CL-0005,33,1.0,CL-0005 (33 hotspots),0.88,None (Open / Rural Area),,AGRICULTURAL_FIRE,0.9773,"Event labeled as AGRICULTURAL_FIRE primarily based on: rural coordinates beyond active industrial buffers; low-intensity thermal signature (2.6 MW); repeated temporal persistence (18 recorded events). (Note: Statistical feature correlation, not verified physical causality)."
81269dfaf8,20.96649,85.17525,AGRICULTURAL_FIRE,MODERATE,1.41,302.71,N21,2026-09-11 01:47:00 IST,18,FAC-006,Kalinganagar Industrial Corridor,industrial,82.27,LOW,LOW,CL-0005,33,1.0,CL-0005 (33 hotspots),0.88,None (Open / Rural Area),,AGRICULTURAL_FIRE,0.9927,"Event labeled as AGRICULTURAL_FIRE primarily based on: rural coordinates beyond active industrial buffers; low-intensity thermal signature (1.4 MW); repeated temporal persistence (18 recorded events). (Note: Statistical feature correlation, not verified physical causality)."
b63f307680,20.96652,85.15382,AGRICULTURAL_FIRE,MODERATE,1.0,301.39,N21,2026-09-11 01:47:00 IST,4,FAC-006,Kalinganagar Industrial Corridor,industrial,84.494,LOW,LOW,CL-0038,4,1.0,CL-0038 (4 hotspots),0.88,None (Open / Rural Area),,AGRICULTURAL_FIRE,0.9762,"Event labeled as AGRICULTURAL_FIRE primarily based on: rural coordinates beyond active industrial buffers; low-intensity thermal signature (1.0 MW); repeated temporal persistence (4 recorded events). (Note: Statistical feature correlation, not verified physical causality)."
9427aaf504,20.96746,85.17009,AGRICULTURAL_FIRE,MODERATE,1.2,300.13,N21,2026-09-11 01:47:00 IST,18,FAC-006,Kalinganagar Industrial Corridor,industrial,82.81,LOW,LOW,CL-0005,33,1.0,CL-0005 (33 hotspots),0.88,None (Open / Rural Area),,AGRICULTURAL_FIRE,0.9927,"Event labeled as AGRICULTURAL_FIRE primarily based on: rural coordinates beyond active industrial buffers; low-intensity thermal signature (1.2 MW); repeated temporal persistence (18 recorded events). (Note: Statistical feature correlation, not verified physical causality)."
c4d53a83cc,20.96911,85.15297,AGRICULTURAL_FIRE,MODERATE,1.59,308.54,N21,2026-09-11 01:47:00 IST,4,FAC-006,Kalinganagar Industrial Corridor,industrial,84.594,LOW,LOW,CL-0038,4,1.0,CL-0038 (4 hotspots),0.88,None (Open / Rural Area),,AGRICULTURAL_FIRE,0.9927,"Event labeled as AGRICULTURAL_FIRE primarily based on: rural coordinates beyond active industrial buffers; low-intensity thermal signature (1.6 MW); repeated temporal persistence (4 recorded events). (Note: Statistical feature correlation, not verified physical causality)."
13f8223a53,20.96922,85.17447,AGRICULTURAL_FIRE,MODERATE,2.57,320.87,N21,2026-09-11 01:47:00 IST,18,FAC-006,Kalinganagar Industrial Corridor,industrial,82.365,LOW,LOW,CL-0005,33,1.0,CL-0005 (33 hotspots),0.88,None (Open / Rural Area),,AGRICULTURAL_FIRE,0.9927,"Event labeled as AGRICULTURAL_FIRE primarily based on: rural coordinates beyond active industrial buffers; low-intensity thermal signature (2.6 MW); repeated temporal persistence (18 recorded events). (Note: Statistical feature correlation, not verified physical causality)."
ab38d165d4,20.97034,85.17608,AGRICULTURAL_FIRE,MODERATE,2.82,315.75,N21,2026-09-11 01:47:00 IST,18,FAC-006,Kalinganagar Industrial Corridor,industrial,82.204,LOW,LOW,CL-0005,33,1.0,CL-0005 (33 hotspots),0.88,None (Open / Rural Area),,AGRICULTURAL_FIRE,0.9927,"Event labeled as AGRICULTURAL_FIRE primarily based on: rural coordinates beyond active industrial buffers; low-intensity thermal signature (2.8 MW); repeated temporal persistence (18 recorded events). (Note: Statistical feature correlation, not verified physical causality)."
87fdfd3295,20.97036,85.15466,AGRICULTURAL_FIRE,MODERATE,1.0,298.84,N21,2026-09-11 01:47:00 IST,4,FAC-006,Kalinganagar Industrial Corridor,industrial,84.425,LOW,LOW,CL-0038,4,1.0,CL-0038 (4 hotspots),0.88,None (Open / Rural Area),,AGRICULTURAL_FIRE,0.9762,"Event labeled as AGRICULTURAL_FIRE primarily based on: rural coordinates beyond active industrial buffers; low-intensity thermal signature (1.0 MW); repeated temporal persistence (4 recorded events). (Note: Statistical feature correlation, not verified physical causality)."
16b12a3a5e,20.97306,85.17531,AGRICULTURAL_FIRE,MODERATE,1.08,299.21,N21,2026-09-11 01:47:00 IST,18,FAC-006,Kalinganagar Industrial Corridor,industrial,82.298,LOW,LOW,CL-0005,33,1.0,CL-0005 (33 hotspots),0.88,None (Open / Rural Area),,AGRICULTURAL_FIRE,0.9927,"Event labeled as AGRICULTURAL_FIRE primarily based on: rural coordinates beyond active industrial buffers; low-intensity thermal signature (1.1 MW); repeated temporal persistence (18 recorded events). (Note: Statistical feature correlation, not verified physical causality)."
8461235afb,20.97515,85.17178,AGRICULTURAL_FIRE,MODERATE,1.47,304.77,N21,2026-09-11 01:47:00 IST,18,FAC-006,Kalinganagar Industrial Corridor,industrial,82.677,LOW,LOW,CL-0005,33,1.0,CL-0005 (33 hotspots),0.88,None (Open / Rural Area),,AGRICULTURAL_FIRE,0.9927,"Event labeled as AGRICULTURAL_FIRE primarily based on: rural coordinates beyond active industrial buffers; low-intensity thermal signature (1.5 MW); repeated temporal persistence (18 recorded events). (Note: Statistical feature correlation, not verified physical causality)."
294ac1166e,20.97612,85.16662,AGRICULTURAL_FIRE,MODERATE,1.47,297.35,N21,2026-09-11 01:47:00 IST,18,FAC-006,Kalinganagar Industrial Corridor,industrial,83.217,LOW,LOW,CL-0005,33,1.0,CL-0005 (33 hotspots),0.88,None (Open / Rural Area),,AGRICULTURAL_FIRE,0.9927,"Event labeled as AGRICULTURAL_FIRE primarily based on: rural coordinates beyond active industrial buffers; low-intensity thermal signature (1.5 MW); repeated temporal persistence (18 recorded events). (Note: Statistical feature correlation, not verified physical causality)."
0cbb9cfc91,20.97784,85.17099,AGRICULTURAL_FIRE,MODERATE,1.08,302.58,N21,2026-09-11 01:47:00 IST,1,FAC-006,Kalinganagar Industrial Corridor,industrial,82.775,LOW,LOW,CL-0005,33,1.0,CL-0005 (33 hotspots),0.88,None (Open / Rural Area),,AGRICULTURAL_FIRE,1.0,"Event labeled as AGRICULTURAL_FIRE primarily based on: rural coordinates beyond active industrial buffers; low-intensity thermal signature (1.1 MW); isolated/spontaneous thermal occurrence. (Note: Statistical feature correlation, not verified physical causality)."
c833befcd6,21.37694,81.64027,AGRICULTURAL_FIRE,MODERATE,0.76,302.86,N21,2026-09-11 01:47:00 IST,1,FAC-007,Bhilai Steel Complex,industrial,34.049,LOW,LOW,NOISE,1,1.0,NOISE (1 hotspot),0.88,None (Open / Rural Area),,AGRICULTURAL_FIRE,1.0,"Event labeled as AGRICULTURAL_FIRE primarily based on: rural coordinates beyond active industrial buffers; low-intensity thermal signature (0.8 MW); isolated/spontaneous thermal occurrence. (Note: Statistical feature correlation, not verified physical causality)."
6e0a1c7aef,21.48548,81.76911,AGRICULTURAL_FIRE,MODERATE,0.41,295.14,N21,2026-09-11 01:47:00 IST,2,FAC-007,Bhilai Steel Complex,industrial,51.997,LOW,LOW,CL-0045,3,1.0,CL-0045 (3 hotspots),0.88,None (Open / Rural Area),,AGRICULTURAL_FIRE,0.9918,"Event labeled as AGRICULTURAL_FIRE primarily based on: rural coordinates beyond active industrial buffers; low-intensity thermal signature (0.4 MW); isolated/spontaneous thermal occurrence. (Note: Statistical feature correlation, not verified physical causality)."
d341560eec,22.26423,75.13145,AGRICULTURAL_FIRE,MODERATE,0.96,299.8,N21,2026-09-11 01:47:00 IST,2,FAC-003,Jamnagar Petrochemical & Flare Complex,industrial,522.209,LOW,LOW,CL-0113,2,1.0,CL-0113 (2 hotspots),0.88,None (Open / Rural Area),,AGRICULTURAL_FIRE,0.9836,"Event labeled as AGRICULTURAL_FIRE primarily based on: rural coordinates beyond active industrial buffers; low-intensity thermal signature (1.0 MW); isolated/spontaneous thermal occurrence. (Note: Statistical feature correlation, not verified physical causality)."
0ef6424a57,22.93333,69.69787,AGRICULTURAL_FIRE,MODERATE,2.41,307.85,N21,2026-09-11 01:47:00 IST,5,FAC-003,Jamnagar Petrochemical & Flare Complex,industrial,63.315,LOW,LOW,CL-0105,8,1.0,CL-0105 (8 hotspots),0.88,None (Open / Rural Area),,AGRICULTURAL_FIRE,0.9856,"Event labeled as AGRICULTURAL_FIRE primarily based on: rural coordinates beyond active industrial buffers; low-intensity thermal signature (2.4 MW); repeated temporal persistence (5 recorded events). (Note: Statistical feature correlation, not verified physical causality)."
a1a3a12582,23.32822,70.2144,AGRICULTURAL_FIRE,MODERATE,0.77,303.81,N21,2026-09-11 01:47:00 IST,1,FAC-003,Jamnagar Petrochemical & Flare Complex,industrial,96.694,LOW,LOW,NOISE,1,1.0,NOISE (1 hotspot),0.88,None (Open / Rural Area),,AGRICULTURAL_FIRE,1.0,"Event labeled as AGRICULTURAL_FIRE primarily based on: rural coordinates beyond active industrial buffers; low-intensity thermal signature (0.8 MW); isolated/spontaneous thermal occurrence. (Note: Statistical feature correlation, not verified physical causality)."
e859e53fd4,24.1596,82.56532,AGRICULTURAL_FIRE,MODERATE,1.01,304.86,N21,2026-09-11 01:47:00 IST,3,FAC-002,Amausi Industrial Area,industrial,335.911,LOW,LOW,CL-0147,3,1.0,CL-0147 (3 hotspots),0.88,None (Open / Rural Area),,AGRICULTURAL_FIRE,1.0,"Event labeled as AGRICULTURAL_FIRE primarily based on: rural coordinates beyond active industrial buffers; low-intensity thermal signature (1.0 MW); repeated temporal persistence (3 recorded events). (Note: Statistical feature correlation, not verified physical causality)."
fb8c99f5fd,24.20646,82.52596,AGRICULTURAL_FIRE,MODERATE,0.73,298.17,N21,2026-09-11 01:47:00 IST,1,FAC-002,Amausi Industrial Area,industrial,329.4,LOW,LOW,NOISE,1,1.0,NOISE (1 hotspot),0.88,None (Open / Rural Area),,AGRICULTURAL_FIRE,1.0,"Event labeled as AGRICULTURAL_FIRE primarily based on: rural coordinates beyond active industrial buffers; low-intensity thermal signature (0.7 MW); isolated/spontaneous thermal occurrence. (Note: Statistical feature correlation, not verified physical causality)."
ffca0bf2da,24.6628,74.63235,AGRICULTURAL_FIRE,MODERATE,2.33,305.65,N21,2026-09-11 01:47:00 IST,2,FAC-004,Mathura Refinery (IOCL),industrial,447.398,LOW,LOW,CL-0116,2,1.0,CL-0116 (2 hotspots),0.88,None (Open / Rural Area),,AGRICULTURAL_FIRE,1.0,"Event labeled as AGRICULTURAL_FIRE primarily based on: rural coordinates beyond active industrial buffers; low-intensity thermal signature (2.3 MW); isolated/spontaneous thermal occurrence. (Note: Statistical feature correlation, not verified physical causality)."
7c5a539ee7,24.76426,74.60631,AGRICULTURAL_FIRE,MODERATE,2.58,310.84,N21,2026-09-11 01:47:00 IST,3,FAC-004,Mathura Refinery (IOCL),industrial,440.967,LOW,LOW,CL-0117,3,1.0,CL-0117 (3 hotspots),0.88,None (Open / Rural Area),,AGRICULTURAL_FIRE,1.0,"Event labeled as AGRICULTURAL_FIRE primarily based on: rural coordinates beyond active industrial buffers; low-intensity thermal signature (2.6 MW); repeated temporal persistence (3 recorded events). (Note: Statistical feature correlation, not verified physical causality)."
13ca5063a0,25.38452,68.58169,AGRICULTURAL_FIRE,MODERATE,0.99,307.4,N21,2026-09-11 01:47:00 IST,6,FAC-003,Jamnagar Petrochemical & Flare Complex,industrial,357.037,LOW,LOW,CL-0120,7,1.0,CL-0120 (7 hotspots),0.88,None (Open / Rural Area),,AGRICULTURAL_FIRE,0.9927,"Event labeled as AGRICULTURAL_FIRE primarily based on: rural coordinates beyond active industrial buffers; low-intensity thermal signature (1.0 MW); repeated temporal persistence (6 recorded events). (Note: Statistical feature correlation, not verified physical causality)."
a892ef4a9b,25.38704,68.58024,AGRICULTURAL_FIRE,MODERATE,2.06,315.78,N21,2026-09-11 01:47:00 IST,6,FAC-003,Jamnagar Petrochemical & Flare Complex,industrial,357.353,LOW,LOW,CL-0120,7,1.0,CL-0120 (7 hotspots),0.88,None (Open / Rural Area),,AGRICULTURAL_FIRE,0.9927,"Event labeled as AGRICULTURAL_FIRE primarily based on: rural coordinates beyond active industrial buffers; low-intensity thermal signature (2.1 MW); repeated temporal persistence (6 recorded events). (Note: Statistical feature correlation, not verified physical causality)."
34937ca4cf,25.54182,91.23454,AGRICULTURAL_FIRE,MODERATE,0.37,298.31,N21,2026-09-11 01:47:00 IST,1,FAC-005,"Tata Steel Plant, Jamshedpur",industrial,595.724,LOW,LOW,NOISE,1,1.0,NOISE (1 hotspot),0.88,None (Open / Rural Area),,AGRICULTURAL_FIRE,1.0,"Event labeled as AGRICULTURAL_FIRE primarily based on: rural coordinates beyond active industrial buffers; low-intensity thermal signature (0.4 MW); isolated/spontaneous thermal occurrence. (Note: Statistical feature correlation, not verified physical causality)."
2a6dc1231a,25.7813,73.69701,AGRICULTURAL_FIRE,MODERATE,1.07,304.39,N21,2026-09-11 01:47:00 IST,3,FAC-004,Mathura Refinery (IOCL),industrial,445.992,LOW,LOW,CL-0214,3,1.0,CL-0214 (3 hotspots),0.88,None (Open / Rural Area),,AGRICULTURAL_FIRE,1.0,"Event labeled as AGRICULTURAL_FIRE primarily based on: rural coordinates beyond active industrial buffers; low-intensity thermal signature (1.1 MW); repeated temporal persistence (3 recorded events). (Note: Statistical feature correlation, not verified physical causality)."
26559d9e9b,28.34398,77.23093,AGRICULTURAL_FIRE,MODERATE,5.47,306.66,N21,2026-09-11 01:47:00 IST,3,FAC-004,Mathura Refinery (IOCL),industrial,95.168,LOW,LOW,CL-0123,3,1.0,CL-0123 (3 hotspots),0.88,None (Open / Rural Area),,AGRICULTURAL_FIRE,1.0,"Event labeled as AGRICULTURAL_FIRE primarily based on: rural coordinates beyond active industrial buffers; low-intensity thermal signature (5.5 MW); repeated temporal persistence (3 recorded events). (Note: Statistical feature correlation, not verified physical causality)."
2f3d4ec4be,28.3725,77.224,AGRICULTURAL_FIRE,MODERATE,4.2,308.09,N21,2026-09-11 01:47:00 IST,1,FAC-004,Mathura Refinery (IOCL),industrial,98.273,LOW,LOW,CL-0216,2,1.0,CL-0216 (2 hotspots),0.88,None (Open / Rural Area),,AGRICULTURAL_FIRE,1.0,"Event labeled as AGRICULTURAL_FIRE primarily based on: rural coordinates beyond active industrial buffers; low-intensity thermal signature (4.2 MW); isolated/spontaneous thermal occurrence. (Note: Statistical feature correlation, not verified physical causality)."
8b1b21d269,6.31923,81.33753,AGRICULTURAL_FIRE,MODERATE,1.23,305.83,N21,2026-09-11 01:49:00 IST,1,FAC-007,Bhilai Steel Complex,industrial,1653.563,LOW,LOW,NOISE,1,1.0,NOISE (1 hotspot),0.88,None (Open / Rural Area),,AGRICULTURAL_FIRE,1.0,"Event labeled as AGRICULTURAL_FIRE primarily based on: rural coordinates beyond active industrial buffers; low-intensity thermal signature (1.2 MW); isolated/spontaneous thermal occurrence. (Note: Statistical feature correlation, not verified physical causality)."
965eec81f0,6.60608,80.89038,AGRICULTURAL_FIRE,MODERATE,2.95,318.94,N21,2026-09-11 01:49:00 IST,1,FAC-007,Bhilai Steel Complex,industrial,1622.516,LOW,LOW,NOISE,1,1.0,NOISE (1 hotspot),0.88,None (Open / Rural Area),,AGRICULTURAL_FIRE,1.0,"Event labeled as AGRICULTURAL_FIRE primarily based on: rural coordinates beyond active industrial buffers; low-intensity thermal signature (3.0 MW); isolated/spontaneous thermal occurrence. (Note: Statistical feature correlation, not verified physical causality)."
3436dcd6e9,7.56059,80.69923,AGRICULTURAL_FIRE,MODERATE,0.9,306.98,N21,2026-09-11 01:49:00 IST,3,FAC-007,Bhilai Steel Complex,industrial,1517.286,LOW,LOW,CL-0233,3,1.0,CL-0233 (3 hotspots),0.88,None (Open / Rural Area),,AGRICULTURAL_FIRE,0.9917,"Event labeled as AGRICULTURAL_FIRE primarily based on: rural coordinates beyond active industrial buffers; low-intensity thermal signature (0.9 MW); repeated temporal persistence (3 recorded events). (Note: Statistical feature correlation, not verified physical causality)."
44b330d921,7.5612,80.69749,AGRICULTURAL_FIRE,MODERATE,1.61,311.69,N21,2026-09-11 01:49:00 IST,3,FAC-007,Bhilai Steel Complex,industrial,1517.228,LOW,LOW,CL-0233,3,1.0,CL-0233 (3 hotspots),0.88,None (Open / Rural Area),,AGRICULTURAL_FIRE,1.0,"Event labeled as AGRICULTURAL_FIRE primarily based on: rural coordinates beyond active industrial buffers; low-intensity thermal signature (1.6 MW); repeated temporal persistence (3 recorded events). (Note: Statistical feature correlation, not verified physical causality)."
1af3e29e7e,7.56122,80.69533,AGRICULTURAL_FIRE,MODERATE,1.26,303.98,N21,2026-09-11 01:49:00 IST,3,FAC-007,Bhilai Steel Complex,industrial,1517.237,LOW,LOW,CL-0233,3,1.0,CL-0233 (3 hotspots),0.88,None (Open / Rural Area),,AGRICULTURAL_FIRE,1.0,"Event labeled as AGRICULTURAL_FIRE primarily based on: rural coordinates beyond active industrial buffers; low-intensity thermal signature (1.3 MW); repeated temporal persistence (3 recorded events). (Note: Statistical feature correlation, not verified physical causality)."
d331789f61,7.86869,80.65234,AGRICULTURAL_FIRE,MODERATE,1.17,305.24,N21,2026-09-11 01:49:00 IST,1,FAC-007,Bhilai Steel Complex,industrial,1483.322,LOW,LOW,NOISE,1,1.0,NOISE (1 hotspot),0.88,None (Open / Rural Area),,AGRICULTURAL_FIRE,1.0,"Event labeled as AGRICULTURAL_FIRE primarily based on: rural coordinates beyond active industrial buffers; low-intensity thermal signature (1.2 MW); isolated/spontaneous thermal occurrence. (Note: Statistical feature correlation, not verified physical causality)."
b2b135ef0d,8.91433,80.78183,AGRICULTURAL_FIRE,MODERATE,1.68,312.43,N21,2026-09-11 01:49:00 IST,1,FAC-007,Bhilai Steel Complex,industrial,1366.497,LOW,LOW,CL-0234,2,1.0,CL-0234 (2 hotspots),0.88,None (Open / Rural Area),,AGRICULTURAL_FIRE,1.0,"Event labeled as AGRICULTURAL_FIRE primarily based on: rural coordinates beyond active industrial buffers; low-intensity thermal signature (1.7 MW); isolated/spontaneous thermal occurrence. (Note: Statistical feature correlation, not verified physical causality)."
76e6a9b3cd,8.91794,80.78244,AGRICULTURAL_FIRE,MODERATE,2.52,321.13,N21,2026-09-11 01:49:00 IST,1,FAC-007,Bhilai Steel Complex,industrial,1366.093,LOW,LOW,CL-0234,2,1.0,CL-0234 (2 hotspots),0.88,None (Open / Rural Area),,AGRICULTURAL_FIRE,1.0,"Event labeled as AGRICULTURAL_FIRE primarily based on: rural coordinates beyond active industrial buffers; low-intensity thermal signature (2.5 MW); isolated/spontaneous thermal occurrence. (Note: Statistical feature correlation, not verified physical causality)."
e63ddfe297,9.40665,77.73219,AGRICULTURAL_FIRE,MODERATE,1.52,305.49,N21,2026-09-11 01:49:00 IST,1,FAC-007,Bhilai Steel Complex,industrial,1367.174,LOW,LOW,NOISE,1,1.0,NOISE (1 hotspot),0.88,None (Open / Rural Area),,AGRICULTURAL_FIRE,1.0,"Event labeled as AGRICULTURAL_FIRE primarily based on: rural coordinates beyond active industrial buffers; low-intensity thermal signature (1.5 MW); isolated/spontaneous thermal occurrence. (Note: Statistical feature correlation, not verified physical causality)."
aaecda0958,14.5182,77.85088,AGRICULTURAL_FIRE,MODERATE,1.11,305.51,N21,2026-09-11 01:49:00 IST,1,FAC-007,Bhilai Steel Complex,industrial,830.47,LOW,LOW,NOISE,1,1.0,NOISE (1 hotspot),0.88,None (Open / Rural Area),,AGRICULTURAL_FIRE,1.0,"Event labeled as AGRICULTURAL_FIRE primarily based on: rural coordinates beyond active industrial buffers; low-intensity thermal signature (1.1 MW); isolated/spontaneous thermal occurrence. (Note: Statistical feature correlation, not verified physical causality)."
ec43952570,19.56989,71.36366,AGRICULTURAL_FIRE,MODERATE,1.41,306.91,N21,2026-09-11 01:49:00 IST,1,FAC-003,Jamnagar Petrochemical & Flare Complex,industrial,349.873,LOW,LOW,CL-0220,4,1.0,CL-0220 (4 hotspots),0.88,None (Open / Rural Area),,AGRICULTURAL_FIRE,1.0,"Event labeled as AGRICULTURAL_FIRE primarily based on: rural coordinates beyond active industrial buffers; low-intensity thermal signature (1.4 MW); isolated/spontaneous thermal occurrence. (Note: Statistical feature correlation, not verified physical causality)."
7b457853e8,19.57022,71.3606,AGRICULTURAL_FIRE,MODERATE,1.41,306.44,N21,2026-09-11 01:49:00 IST,3,FAC-003,Jamnagar Petrochemical & Flare Complex,industrial,349.716,LOW,LOW,CL-0220,4,1.0,CL-0220 (4 hotspots),0.88,None (Open / Rural Area),,AGRICULTURAL_FIRE,1.0,"Event labeled as AGRICULTURAL_FIRE primarily based on: rural coordinates beyond active industrial buffers; low-intensity thermal signature (1.4 MW); repeated temporal persistence (3 recorded events). (Note: Statistical feature correlation, not verified physical causality)."
279e47f2e7,19.93538,73.71288,AGRICULTURAL_FIRE,MODERATE,0.69,298.94,N21,2026-09-11 01:49:00 IST,3,FAC-003,Jamnagar Petrochemical & Flare Complex,industrial,472.249,LOW,LOW,CL-0144,3,1.0,CL-0144 (3 hotspots),0.88,None (Open / Rural Area),,AGRICULTURAL_FIRE,1.0,"Event labeled as AGRICULTURAL_FIRE primarily based on: rural coordinates beyond active industrial buffers; low-intensity thermal signature (0.7 MW); repeated temporal persistence (3 recorded events). (Note: Statistical feature correlation, not verified physical causality)."
5fb3cc75c5,20.73184,70.91271,AGRICULTURAL_FIRE,MODERATE,1.42,310.91,N21,2026-09-11 01:49:00 IST,2,FAC-003,Jamnagar Petrochemical & Flare Complex,industrial,212.599,LOW,LOW,CL-0235,2,1.0,CL-0235 (2 hotspots),0.88,None (Open / Rural Area),,AGRICULTURAL_FIRE,1.0,"Event labeled as AGRICULTURAL_FIRE primarily based on: rural coordinates beyond active industrial buffers; low-intensity thermal signature (1.4 MW); isolated/spontaneous thermal occurrence. (Note: Statistical feature correlation, not verified physical causality)."
969694877b,20.73192,70.91265,AGRICULTURAL_FIRE,MODERATE,1.41,311.32,N21,2026-09-11 01:49:00 IST,2,FAC-003,Jamnagar Petrochemical & Flare Complex,industrial,212.588,LOW,LOW,CL-0235,2,1.0,CL-0235 (2 hotspots),0.88,None (Open / Rural Area),,AGRICULTURAL_FIRE,1.0,"Event labeled as AGRICULTURAL_FIRE primarily based on: rural coordinates beyond active industrial buffers; low-intensity thermal signature (1.4 MW); isolated/spontaneous thermal occurrence. (Note: Statistical feature correlation, not verified physical causality)."
628f44b472,20.91126,71.4586,AGRICULTURAL_FIRE,MODERATE,0.84,299.5,N21,2026-09-11 01:49:00 IST,4,FAC-003,Jamnagar Petrochemical & Flare Complex,industrial,225.869,LOW,LOW,CL-0145,4,1.0,CL-0145 (4 hotspots),0.88,None (Open / Rural Area),,AGRICULTURAL_FIRE,0.9927,"Event labeled as AGRICULTURAL_FIRE primarily based on: rural coordinates beyond active industrial buffers; low-intensity thermal signature (0.8 MW); repeated temporal persistence (4 recorded events). (Note: Statistical feature correlation, not verified physical causality)."
52f3d3e3ec,21.10214,72.64581,AGRICULTURAL_FIRE,MODERATE,9.84,318.94,N21,2026-09-11 01:49:00 IST,17,FAC-003,Jamnagar Petrochemical & Flare Complex,industrial,307.511,LOW,LOW,CL-0103,27,1.0,CL-0103 (27 hotspots),0.88,None (Open / Rural Area),,AGRICULTURAL_FIRE,0.9856,"Event labeled as AGRICULTURAL_FIRE primarily based on: rural coordinates beyond active industrial buffers; low-intensity thermal signature (9.8 MW); repeated temporal persistence (17 recorded events). (Note: Statistical feature correlation, not verified physical causality)."
30e9523d8b,21.10329,72.63512,AGRICULTURAL_FIRE,MODERATE,13.9,343.31,N21,2026-09-11 01:49:00 IST,8,FAC-003,Jamnagar Petrochemical & Flare Complex,industrial,306.488,LOW,LOW,CL-0103,27,1.0,CL-0103 (27 hotspots),0.88,None (Open / Rural Area),,AGRICULTURAL_FIRE,0.9856,"Event labeled as AGRICULTURAL_FIRE primarily based on: rural coordinates beyond active industrial buffers; low-intensity thermal signature (13.9 MW); repeated temporal persistence (8 recorded events). (Note: Statistical feature correlation, not verified physical causality)."
69b59edf8a,21.10685,72.64638,AGRICULTURAL_FIRE,MODERATE,9.84,341.61,N21,2026-09-11 01:49:00 IST,17,FAC-003,Jamnagar Petrochemical & Flare Complex,industrial,307.299,LOW,LOW,CL-0103,27,1.0,CL-0103 (27 hotspots),0.88,None (Open / Rural Area),,AGRICULTURAL_FIRE,0.9856,"Event labeled as AGRICULTURAL_FIRE primarily based on: rural coordinates beyond active industrial buffers; low-intensity thermal signature (9.8 MW); repeated temporal persistence (17 recorded events). (Note: Statistical feature correlation, not verified physical causality)."
2b9c228057,21.11273,72.63628,AGRICULTURAL_FIRE,MODERATE,4.49,308.44,N21,2026-09-11 01:49:00 IST,1,FAC-003,Jamnagar Petrochemical & Flare Complex,industrial,306.065,LOW,LOW,CL-0103,27,1.0,CL-0103 (27 hotspots),0.88,None (Open / Rural Area),,AGRICULTURAL_FIRE,1.0,"Event labeled as AGRICULTURAL_FIRE primarily based on: rural coordinates beyond active industrial buffers; low-intensity thermal signature (4.5 MW); isolated/spontaneous thermal occurrence. (Note: Statistical feature correlation, not verified physical causality)."
60bff3c34a,25.38611,68.58448,AGRICULTURAL_FIRE,MODERATE,1.49,311.26,N21,2026-09-11 03:25:00 IST,6,FAC-003,Jamnagar Petrochemical & Flare Complex,industrial,357.078,LOW,LOW,CL-0120,7,1.0,CL-0120 (7 hotspots),0.88,None (Open / Rural Area),,AGRICULTURAL_FIRE,0.9927,"Event labeled as AGRICULTURAL_FIRE primarily based on: rural coordinates beyond active industrial buffers; low-intensity thermal signature (1.5 MW); repeated temporal persistence (6 recorded events). (Note: Statistical feature correlation, not verified physical causality)."
04a9a9561f,22.93134,69.69849,AGRICULTURAL_FIRE,MODERATE,1.88,304.45,N21,2026-09-11 03:27:00 IST,5,FAC-003,Jamnagar Petrochemical & Flare Complex,industrial,63.098,LOW,LOW,CL-0105,8,1.0,CL-0105 (8 hotspots),0.88,None (Open / Rural Area),,AGRICULTURAL_FIRE,0.9927,"Event labeled as AGRICULTURAL_FIRE primarily based on: rural coordinates beyond active industrial buffers; low-intensity thermal signature (1.9 MW); repeated temporal persistence (5 recorded events). (Note: Statistical feature correlation, not verified physical causality)."
c0611f2cb2,22.93361,69.70084,AGRICULTURAL_FIRE,MODERATE,2.08,302.36,N21,2026-09-11 03:27:00 IST,5,FAC-003,Jamnagar Petrochemical & Flare Complex,industrial,63.163,LOW,LOW,CL-0105,8,1.0,CL-0105 (8 hotspots),0.88,None (Open / Rural Area),,AGRICULTURAL_FIRE,0.9927,"Event labeled as AGRICULTURAL_FIRE primarily based on: rural coordinates beyond active industrial buffers; low-intensity thermal signature (2.1 MW); repeated temporal persistence (5 recorded events). (Note: Statistical feature correlation, not verified physical causality)."
4d13dd2023,23.0551,69.99067,AGRICULTURAL_FIRE,MODERATE,1.78,302.86,N21,2026-09-11 03:27:00 IST,1,FAC-003,Jamnagar Petrochemical & Flare Complex,industrial,65.345,LOW,LOW,NOISE,1,1.0,NOISE (1 hotspot),0.88,None (Open / Rural Area),,AGRICULTURAL_FIRE,0.9917,"Event labeled as AGRICULTURAL_FIRE primarily based on: rural coordinates beyond active industrial buffers; low-intensity thermal signature (1.8 MW); isolated/spontaneous thermal occurrence. (Note: Statistical feature correlation, not verified physical causality)."
bfc05d6986,27.80422,96.25511,AGRICULTURAL_FIRE,MODERATE,5.56,335.35,N21,2026-09-11 11:20:00 IST,1,FAC-005,"Tata Steel Plant, Jamshedpur",industrial,1154.199,LOW,LOW,NOISE,1,1.0,NOISE (1 hotspot),0.88,None (Open / Rural Area),,AGRICULTURAL_FIRE,0.9978,"Event labeled as AGRICULTURAL_FIRE primarily based on: rural coordinates beyond active industrial buffers; low-intensity thermal signature (5.6 MW); isolated/spontaneous thermal occurrence. (Note: Statistical feature correlation, not verified physical causality)."
2a6188c14a,28.04317,96.47542,AGRICULTURAL_FIRE,MODERATE,4.29,330.4,N21,2026-09-11 11:20:00 IST,1,FAC-005,"Tata Steel Plant, Jamshedpur",industrial,1185.507,LOW,LOW,NOISE,1,1.0,NOISE (1 hotspot),0.88,None (Open / Rural Area),,AGRICULTURAL_FIRE,0.9978,"Event labeled as AGRICULTURAL_FIRE primarily based on: rural coordinates beyond active industrial buffers; low-intensity thermal signature (4.3 MW); isolated/spontaneous thermal occurrence. (Note: Statistical feature correlation, not verified physical causality)."
920eb6419a,6.23675,80.86526,AGRICULTURAL_FIRE,MODERATE,4.12,334.31,N21,2026-09-11 12:56:00 IST,1,FAC-007,Bhilai Steel Complex,industrial,1663.651,LOW,LOW,NOISE,1,1.0,NOISE (1 hotspot),0.88,None (Open / Rural Area),,AGRICULTURAL_FIRE,0.9943,"Event labeled as AGRICULTURAL_FIRE primarily based on: rural coordinates beyond active industrial buffers; low-intensity thermal signature (4.1 MW); isolated/spontaneous thermal occurrence. (Note: Statistical feature correlation, not verified physical causality)."
93f1bc78cb,6.33034,80.99194,AGRICULTURAL_FIRE,MODERATE,4.99,351.23,N21,2026-09-11 12:56:00 IST,1,FAC-007,Bhilai Steel Complex,industrial,1652.849,LOW,LOW,CL-0156,3,1.0,CL-0156 (3 hotspots),0.88,None (Open / Rural Area),,AGRICULTURAL_FIRE,0.9217,"Event labeled as AGRICULTURAL_FIRE primarily based on: rural coordinates beyond active industrial buffers; low-intensity thermal signature (5.0 MW); isolated/spontaneous thermal occurrence. (Note: Statistical feature correlation, not verified physical causality)."
6c6fafb72e,6.35857,80.94335,AGRICULTURAL_FIRE,MODERATE,3.97,340.79,N21,2026-09-11 12:56:00 IST,2,FAC-007,Bhilai Steel Complex,industrial,1649.852,LOW,LOW,CL-0157,3,1.0,CL-0157 (3 hotspots),0.88,None (Open / Rural Area),,AGRICULTURAL_FIRE,1.0,"Event labeled as AGRICULTURAL_FIRE primarily based on: rural coordinates beyond active industrial buffers; low-intensity thermal signature (4.0 MW); isolated/spontaneous thermal occurrence. (Note: Statistical feature correlation, not verified physical causality)."
74557f14f3,6.42279,81.28326,AGRICULTURAL_FIRE,MODERATE,9.28,336.83,N21,2026-09-11 12:56:00 IST,1,FAC-007,Bhilai Steel Complex,industrial,1642.074,LOW,LOW,NOISE,1,1.0,NOISE (1 hotspot),0.88,None (Open / Rural Area),,AGRICULTURAL_FIRE,0.9866,"Event labeled as AGRICULTURAL_FIRE primarily based on: rural coordinates beyond active industrial buffers; low-intensity thermal signature (9.3 MW); isolated/spontaneous thermal occurrence. (Note: Statistical feature correlation, not verified physical causality)."
8cfc9c9d51,6.53911,80.9467,AGRICULTURAL_FIRE,MODERATE,2.0,331.79,N21,2026-09-11 12:56:00 IST,1,FAC-007,Bhilai Steel Complex,industrial,1629.774,LOW,LOW,NOISE,1,1.0,NOISE (1 hotspot),0.88,None (Open / Rural Area),,AGRICULTURAL_FIRE,0.9943,"Event labeled as AGRICULTURAL_FIRE primarily based on: rural coordinates beyond active industrial buffers; low-intensity thermal signature (2.0 MW); isolated/spontaneous thermal occurrence. (Note: Statistical feature correlation, not verified physical causality)."
798ba64ba1,6.67181,81.1211,AGRICULTURAL_FIRE,MODERATE,6.5,330.05,N21,2026-09-11 12:56:00 IST,1,FAC-007,Bhilai Steel Complex,industrial,1614.592,LOW,LOW,NOISE,1,1.0,NOISE (1 hotspot),0.88,None (Open / Rural Area),,AGRICULTURAL_FIRE,0.9943,"Event labeled as AGRICULTURAL_FIRE primarily based on: rural coordinates beyond active industrial buffers; low-intensity thermal signature (6.5 MW); isolated/spontaneous thermal occurrence. (Note: Statistical feature correlation, not verified physical causality)."
db0d531ecc,6.70483,81.3157,AGRICULTURAL_FIRE,MODERATE,17.86,344.06,N21,2026-09-11 12:56:00 IST,2,FAC-007,Bhilai Steel Complex,industrial,1610.694,LOW,LOW,CL-0161,5,1.0,CL-0161 (5 hotspots),0.88,None (Open / Rural Area),,AGRICULTURAL_FIRE,1.0,"Event labeled as AGRICULTURAL_FIRE primarily based on: rural coordinates beyond active industrial buffers; low-intensity thermal signature (17.9 MW); isolated/spontaneous thermal occurrence. (Note: Statistical feature correlation, not verified physical causality)."
943baf8071,6.70966,81.31493,AGRICULTURAL_FIRE,MODERATE,9.5,350.75,N21,2026-09-11 12:56:00 IST,2,FAC-007,Bhilai Steel Complex,industrial,1610.158,LOW,LOW,CL-0161,5,1.0,CL-0161 (5 hotspots),0.88,None (Open / Rural Area),,AGRICULTURAL_FIRE,0.9436,"Event labeled as AGRICULTURAL_FIRE primarily based on: rural coordinates beyond active industrial buffers; low-intensity thermal signature (9.5 MW); isolated/spontaneous thermal occurrence. (Note: Statistical feature correlation, not verified physical causality)."
837dbd6d74,6.71541,81.3196,AGRICULTURAL_FIRE,MODERATE,9.5,332.8,N21,2026-09-11 12:56:00 IST,1,FAC-007,Bhilai Steel Complex,industrial,1609.516,LOW,LOW,CL-0161,5,1.0,CL-0161 (5 hotspots),0.88,None (Open / Rural Area),,AGRICULTURAL_FIRE,0.9866,"Event labeled as AGRICULTURAL_FIRE primarily based on: rural coordinates beyond active industrial buffers; low-intensity thermal signature (9.5 MW); isolated/spontaneous thermal occurrence. (Note: Statistical feature correlation, not verified physical causality)."
d298a62afa,6.74071,81.49876,AGRICULTURAL_FIRE,MODERATE,9.91,344.26,N21,2026-09-11 12:56:00 IST,1,FAC-007,Bhilai Steel Complex,industrial,1606.741,LOW,LOW,NOISE,1,1.0,NOISE (1 hotspot),0.88,None (Open / Rural Area),,AGRICULTURAL_FIRE,0.9866,"Event labeled as AGRICULTURAL_FIRE primarily based on: rural coordinates beyond active industrial buffers; low-intensity thermal signature (9.9 MW); isolated/spontaneous thermal occurrence. (Note: Statistical feature correlation, not verified physical causality)."
a50d61afba,6.75242,81.36433,AGRICULTURAL_FIRE,MODERATE,8.71,343.11,N21,2026-09-11 12:56:00 IST,1,FAC-007,Bhilai Steel Complex,industrial,1605.389,LOW,LOW,CL-0236,3,1.0,CL-0236 (3 hotspots),0.88,None (Open / Rural Area),,AGRICULTURAL_FIRE,0.9866,"Event labeled as AGRICULTURAL_FIRE primarily based on: rural coordinates beyond active industrial buffers; low-intensity thermal signature (8.7 MW); isolated/spontaneous thermal occurrence. (Note: Statistical feature correlation, not verified physical causality)."
1dc7830900,6.75315,81.36772,AGRICULTURAL_FIRE,MODERATE,15.74,345.31,N21,2026-09-11 12:56:00 IST,2,FAC-007,Bhilai Steel Complex,industrial,1605.307,LOW,LOW,CL-0236,3,1.0,CL-0236 (3 hotspots),0.88,None (Open / Rural Area),,AGRICULTURAL_FIRE,1.0,"Event labeled as AGRICULTURAL_FIRE primarily based on: rural coordinates beyond active industrial buffers; low-intensity thermal signature (15.7 MW); isolated/spontaneous thermal occurrence. (Note: Statistical feature correlation, not verified physical causality)."
47d519ea23,6.75334,81.36961,AGRICULTURAL_FIRE,MODERATE,8.71,339.08,N21,2026-09-11 12:56:00 IST,2,FAC-007,Bhilai Steel Complex,industrial,1605.286,LOW,LOW,CL-0236,3,1.0,CL-0236 (3 hotspots),0.88,None (Open / Rural Area),,AGRICULTURAL_FIRE,1.0,"Event labeled as AGRICULTURAL_FIRE primarily based on: rural coordinates beyond active industrial buffers; low-intensity thermal signature (8.7 MW); isolated/spontaneous thermal occurrence. (Note: Statistical feature correlation, not verified physical causality)."
fbf21a28bc,6.76568,81.38377,AGRICULTURAL_FIRE,MODERATE,3.62,330.37,N21,2026-09-11 12:56:00 IST,1,FAC-007,Bhilai Steel Complex,industrial,1603.913,LOW,LOW,NOISE,1,1.0,NOISE (1 hotspot),0.88,None (Open / Rural Area),,AGRICULTURAL_FIRE,0.9943,"Event labeled as AGRICULTURAL_FIRE primarily based on: rural coordinates beyond active industrial buffers; low-intensity thermal signature (3.6 MW); isolated/spontaneous thermal occurrence. (Note: Statistical feature correlation, not verified physical causality)."
4d2a2d1ba5,6.78033,81.56044,AGRICULTURAL_FIRE,MODERATE,4.9,333.59,N21,2026-09-11 12:56:00 IST,3,FAC-007,Bhilai Steel Complex,industrial,1602.402,LOW,LOW,CL-0072,3,1.0,CL-0072 (3 hotspots),0.88,None (Open / Rural Area),,AGRICULTURAL_FIRE,1.0,"Event labeled as AGRICULTURAL_FIRE primarily based on: rural coordinates beyond active industrial buffers; low-intensity thermal signature (4.9 MW); repeated temporal persistence (3 recorded events). (Note: Statistical feature correlation, not verified physical causality)."
e80b94e207,6.78106,81.55669,AGRICULTURAL_FIRE,MODERATE,4.65,336.12,N21,2026-09-11 12:56:00 IST,3,FAC-007,Bhilai Steel Complex,industrial,1602.316,LOW,LOW,CL-0072,3,1.0,CL-0072 (3 hotspots),0.88,None (Open / Rural Area),,AGRICULTURAL_FIRE,1.0,"Event labeled as AGRICULTURAL_FIRE primarily based on: rural coordinates beyond active industrial buffers; low-intensity thermal signature (4.7 MW); repeated temporal persistence (3 recorded events). (Note: Statistical feature correlation, not verified physical causality)."
4dd83354d5,6.8919,81.63732,AGRICULTURAL_FIRE,MODERATE,6.6,341.36,N21,2026-09-11 12:56:00 IST,1,FAC-007,Bhilai Steel Complex,industrial,1590.119,LOW,LOW,CL-0237,2,1.0,CL-0237 (2 hotspots),0.88,None (Open / Rural Area),,AGRICULTURAL_FIRE,0.9943,"Event labeled as AGRICULTURAL_FIRE primarily based on: rural coordinates beyond active industrial buffers; low-intensity thermal signature (6.6 MW); isolated/spontaneous thermal occurrence. (Note: Statistical feature correlation, not verified physical causality)."
953cdba6f9,6.89411,81.63881,AGRICULTURAL_FIRE,MODERATE,3.22,341.13,N21,2026-09-11 12:56:00 IST,1,FAC-007,Bhilai Steel Complex,industrial,1589.876,LOW,LOW,CL-0237,2,1.0,CL-0237 (2 hotspots),0.88,None (Open / Rural Area),,AGRICULTURAL_FIRE,0.9943,"Event labeled as AGRICULTURAL_FIRE primarily based on: rural coordinates beyond active industrial buffers; low-intensity thermal signature (3.2 MW); isolated/spontaneous thermal occurrence. (Note: Statistical feature correlation, not verified physical causality)."
3b57f57878,6.95228,81.63975,AGRICULTURAL_FIRE,MODERATE,6.6,341.12,N21,2026-09-11 12:56:00 IST,1,FAC-007,Bhilai Steel Complex,industrial,1583.411,LOW,LOW,NOISE,1,1.0,NOISE (1 hotspot),0.88,None (Open / Rural Area),,AGRICULTURAL_FIRE,0.9943,"Event labeled as AGRICULTURAL_FIRE primarily based on: rural coordinates beyond active industrial buffers; low-intensity thermal signature (6.6 MW); isolated/spontaneous thermal occurrence. (Note: Statistical feature correlation, not verified physical causality)."
64fb8c5890,7.04393,81.3398,AGRICULTURAL_FIRE,MODERATE,9.34,339.54,N21,2026-09-11 12:56:00 IST,1,FAC-007,Bhilai Steel Complex,industrial,1572.979,LOW,LOW,NOISE,1,1.0,NOISE (1 hotspot),0.88,None (Open / Rural Area),,AGRICULTURAL_FIRE,0.9866,"Event labeled as AGRICULTURAL_FIRE primarily based on: rural coordinates beyond active industrial buffers; low-intensity thermal signature (9.3 MW); isolated/spontaneous thermal occurrence. (Note: Statistical feature correlation, not verified physical causality)."
f161bb087b,7.06148,81.55836,AGRICULTURAL_FIRE,MODERATE,3.81,339.75,N21,2026-09-11 12:56:00 IST,2,FAC-007,Bhilai Steel Complex,industrial,1571.139,LOW,LOW,CL-0164,2,1.0,CL-0164 (2 hotspots),0.88,None (Open / Rural Area),,AGRICULTURAL_FIRE,1.0,"Event labeled as AGRICULTURAL_FIRE primarily based on: rural coordinates beyond active industrial buffers; low-intensity thermal signature (3.8 MW); isolated/spontaneous thermal occurrence. (Note: Statistical feature correlation, not verified physical causality)."
96c6019185,7.29534,80.90753,AGRICULTURAL_FIRE,MODERATE,9.43,332.06,N21,2026-09-11 12:56:00 IST,1,FAC-007,Bhilai Steel Complex,industrial,1545.852,LOW,LOW,NOISE,1,1.0,NOISE (1 hotspot),0.88,None (Open / Rural Area),,AGRICULTURAL_FIRE,0.9866,"Event labeled as AGRICULTURAL_FIRE primarily based on: rural coordinates beyond active industrial buffers; low-intensity thermal signature (9.4 MW); isolated/spontaneous thermal occurrence. (Note: Statistical feature correlation, not verified physical causality)."
3d3fffdee9,7.34159,81.73363,AGRICULTURAL_FIRE,MODERATE,5.02,332.62,N21,2026-09-11 12:56:00 IST,1,FAC-007,Bhilai Steel Complex,industrial,1540.344,LOW,LOW,NOISE,1,1.0,NOISE (1 hotspot),0.88,None (Open / Rural Area),,AGRICULTURAL_FIRE,0.9943,"Event labeled as AGRICULTURAL_FIRE primarily based on: rural coordinates beyond active industrial buffers; low-intensity thermal signature (5.0 MW); isolated/spontaneous thermal occurrence. (Note: Statistical feature correlation, not verified physical causality)."
ac8b5d7d3e,7.36861,81.83842,AGRICULTURAL_FIRE,MODERATE,2.84,333.38,N21,2026-09-11 12:56:00 IST,1,FAC-007,Bhilai Steel Complex,industrial,1537.66,LOW,LOW,NOISE,1,1.0,NOISE (1 hotspot),0.88,None (Open / Rural Area),,AGRICULTURAL_FIRE,0.9943,"Event labeled as AGRICULTURAL_FIRE primarily based on: rural coordinates beyond active industrial buffers; low-intensity thermal signature (2.8 MW); isolated/spontaneous thermal occurrence. (Note: Statistical feature correlation, not verified physical causality)."
8a02ddde3a,7.4696,81.26337,AGRICULTURAL_FIRE,MODERATE,9.11,341.38,N21,2026-09-11 12:56:00 IST,2,FAC-007,Bhilai Steel Complex,industrial,1525.692,LOW,LOW,CL-0238,2,1.0,CL-0238 (2 hotspots),0.88,None (Open / Rural Area),,AGRICULTURAL_FIRE,1.0,"Event labeled as AGRICULTURAL_FIRE primarily based on: rural coordinates beyond active industrial buffers; low-intensity thermal signature (9.1 MW); isolated/spontaneous thermal occurrence. (Note: Statistical feature correlation, not verified physical causality)."
df8cfbf227,7.46992,81.26645,AGRICULTURAL_FIRE,MODERATE,9.36,341.78,N21,2026-09-11 12:56:00 IST,2,FAC-007,Bhilai Steel Complex,industrial,1525.654,LOW,LOW,CL-0238,2,1.0,CL-0238 (2 hotspots),0.88,None (Open / Rural Area),,AGRICULTURAL_FIRE,1.0,"Event labeled as AGRICULTURAL_FIRE primarily based on: rural coordinates beyond active industrial buffers; low-intensity thermal signature (9.4 MW); isolated/spontaneous thermal occurrence. (Note: Statistical feature correlation, not verified physical causality)."
c3699030f5,7.50373,81.0055,AGRICULTURAL_FIRE,MODERATE,20.32,343.1,N21,2026-09-11 12:56:00 IST,1,FAC-007,Bhilai Steel Complex,industrial,1522.378,LOW,LOW,NOISE,1,1.0,NOISE (1 hotspot),0.88,None (Open / Rural Area),,AGRICULTURAL_FIRE,0.9784,"Event labeled as AGRICULTURAL_FIRE primarily based on: rural coordinates beyond active industrial buffers; low-intensity thermal signature (20.3 MW); isolated/spontaneous thermal occurrence. (Note: Statistical feature correlation, not verified physical causality)."
54c70bf56f,7.58117,81.05603,AGRICULTURAL_FIRE,MODERATE,7.49,346.56,N21,2026-09-11 12:56:00 IST,1,FAC-007,Bhilai Steel Complex,industrial,1513.635,LOW,LOW,CL-0169,8,1.0,CL-0169 (8 hotspots),0.88,None (Open / Rural Area),,AGRICULTURAL_FIRE,0.9796,"Event labeled as AGRICULTURAL_FIRE primarily based on: rural coordinates beyond active industrial buffers; low-intensity thermal signature (7.5 MW); isolated/spontaneous thermal occurrence. (Note: Statistical feature correlation, not verified physical causality)."
e22f411cf1,7.58505,81.0498,AGRICULTURAL_FIRE,MODERATE,7.49,333.23,N21,2026-09-11 12:56:00 IST,4,FAC-007,Bhilai Steel Complex,industrial,1513.219,LOW,LOW,CL-0169,8,1.0,CL-0169 (8 hotspots),0.88,None (Open / Rural Area),,AGRICULTURAL_FIRE,0.9927,"Event labeled as AGRICULTURAL_FIRE primarily based on: rural coordinates beyond active industrial buffers; low-intensity thermal signature (7.5 MW); repeated temporal persistence (4 recorded events). (Note: Statistical feature correlation, not verified physical causality)."
9799a226ba,7.58989,81.04897,AGRICULTURAL_FIRE,MODERATE,12.93,342.75,N21,2026-09-11 12:56:00 IST,4,FAC-007,Bhilai Steel Complex,industrial,1512.683,LOW,LOW,CL-0169,8,1.0,CL-0169 (8 hotspots),0.88,None (Open / Rural Area),,AGRICULTURAL_FIRE,0.9927,"Event labeled as AGRICULTURAL_FIRE primarily based on: rural coordinates beyond active industrial buffers; low-intensity thermal signature (12.9 MW); repeated temporal persistence (4 recorded events). (Note: Statistical feature correlation, not verified physical causality)."
1d5d01b999,7.59083,81.05435,AGRICULTURAL_FIRE,MODERATE,12.93,341.08,N21,2026-09-11 12:56:00 IST,3,FAC-007,Bhilai Steel Complex,industrial,1512.565,LOW,LOW,CL-0169,8,1.0,CL-0169 (8 hotspots),0.88,None (Open / Rural Area),,AGRICULTURAL_FIRE,1.0,"Event labeled as AGRICULTURAL_FIRE primarily based on: rural coordinates beyond active industrial buffers; low-intensity thermal signature (12.9 MW); repeated temporal persistence (3 recorded events). (Note: Statistical feature correlation, not verified physical causality)."
7bceedebb8,7.59472,81.04814,AGRICULTURAL_FIRE,MODERATE,12.93,330.11,N21,2026-09-11 12:56:00 IST,4,FAC-007,Bhilai Steel Complex,industrial,1512.148,LOW,LOW,CL-0169,8,1.0,CL-0169 (8 hotspots),0.88,None (Open / Rural Area),,AGRICULTURAL_FIRE,0.9927,"Event labeled as AGRICULTURAL_FIRE primarily based on: rural coordinates beyond active industrial buffers; low-intensity thermal signature (12.9 MW); repeated temporal persistence (4 recorded events). (Note: Statistical feature correlation, not verified physical causality)."
1b0c8fe4fd,7.59566,81.05355,AGRICULTURAL_FIRE,MODERATE,12.93,341.84,N21,2026-09-11 12:56:00 IST,3,FAC-007,Bhilai Steel Complex,industrial,1512.03,LOW,LOW,CL-0169,8,1.0,CL-0169 (8 hotspots),0.88,None (Open / Rural Area),,AGRICULTURAL_FIRE,1.0,"Event labeled as AGRICULTURAL_FIRE primarily based on: rural coordinates beyond active industrial buffers; low-intensity thermal signature (12.9 MW); repeated temporal persistence (3 recorded events). (Note: Statistical feature correlation, not verified physical causality)."
590b4da5bb,7.60043,81.70636,AGRICULTURAL_FIRE,MODERATE,4.0,333.79,N21,2026-09-11 12:56:00 IST,1,FAC-007,Bhilai Steel Complex,industrial,1511.5,LOW,LOW,NOISE,1,1.0,NOISE (1 hotspot),0.88,None (Open / Rural Area),,AGRICULTURAL_FIRE,0.9943,"Event labeled as AGRICULTURAL_FIRE primarily based on: rural coordinates beyond active industrial buffers; low-intensity thermal signature (4.0 MW); isolated/spontaneous thermal occurrence. (Note: Statistical feature correlation, not verified physical causality)."
b9bb0a44eb,7.63271,81.00848,AGRICULTURAL_FIRE,MODERATE,17.66,342.55,N21,2026-09-11 12:56:00 IST,1,FAC-007,Bhilai Steel Complex,industrial,1508.032,LOW,LOW,NOISE,1,1.0,NOISE (1 hotspot),0.88,None (Open / Rural Area),,AGRICULTURAL_FIRE,0.9866,"Event labeled as AGRICULTURAL_FIRE primarily based on: rural coordinates beyond active industrial buffers; low-intensity thermal signature (17.7 MW); isolated/spontaneous thermal occurrence. (Note: Statistical feature correlation, not verified physical causality)."
16723ec0b4,7.70216,81.24224,AGRICULTURAL_FIRE,MODERATE,21.8,355.84,N21,2026-09-11 12:56:00 IST,2,FAC-007,Bhilai Steel Complex,industrial,1499.854,LOW,LOW,CL-0239,2,1.0,CL-0239 (2 hotspots),0.88,None (Open / Rural Area),,AGRICULTURAL_FIRE,0.9685,"Event labeled as AGRICULTURAL_FIRE primarily based on: rural coordinates beyond active industrial buffers; low-intensity thermal signature (21.8 MW); isolated/spontaneous thermal occurrence. (Note: Statistical feature correlation, not verified physical causality)."
7aff9fd12b,7.70227,81.2403,AGRICULTURAL_FIRE,MODERATE,24.75,343.05,N21,2026-09-11 12:56:00 IST,2,FAC-007,Bhilai Steel Complex,industrial,1499.844,LOW,LOW,CL-0239,2,1.0,CL-0239 (2 hotspots),0.88,None (Open / Rural Area),,AGRICULTURAL_FIRE,0.9101,"Event labeled as AGRICULTURAL_FIRE primarily based on: rural coordinates beyond active industrial buffers; low-intensity thermal signature (24.8 MW); isolated/spontaneous thermal occurrence. (Note: Statistical feature correlation, not verified physical causality)."
9071f694e3,7.70587,81.54907,AGRICULTURAL_FIRE,MODERATE,5.25,335.39,N21,2026-09-11 12:56:00 IST,1,FAC-007,Bhilai Steel Complex,industrial,1499.479,LOW,LOW,NOISE,1,1.0,NOISE (1 hotspot),0.88,None (Open / Rural Area),,AGRICULTURAL_FIRE,0.9943,"Event labeled as AGRICULTURAL_FIRE primarily based on: rural coordinates beyond active industrial buffers; low-intensity thermal signature (5.2 MW); isolated/spontaneous thermal occurrence. (Note: Statistical feature correlation, not verified physical causality)."
4573df0434,7.72287,80.65866,AGRICULTURAL_FIRE,MODERATE,2.6,331.59,N21,2026-09-11 12:56:00 IST,1,FAC-007,Bhilai Steel Complex,industrial,1499.48,LOW,LOW,NOISE,1,1.0,NOISE (1 hotspot),0.88,None (Open / Rural Area),,AGRICULTURAL_FIRE,0.9943,"Event labeled as AGRICULTURAL_FIRE primarily based on: rural coordinates beyond active industrial buffers; low-intensity thermal signature (2.6 MW); isolated/spontaneous thermal occurrence. (Note: Statistical feature correlation, not verified physical causality)."
12d5edac53,7.75616,81.04324,AGRICULTURAL_FIRE,MODERATE,3.9,333.1,N21,2026-09-11 12:56:00 IST,2,FAC-007,Bhilai Steel Complex,industrial,1494.214,LOW,LOW,CL-0240,2,1.0,CL-0240 (2 hotspots),0.88,None (Open / Rural Area),,AGRICULTURAL_FIRE,1.0,"Event labeled as AGRICULTURAL_FIRE primarily based on: rural coordinates beyond active industrial buffers; low-intensity thermal signature (3.9 MW); isolated/spontaneous thermal occurrence. (Note: Statistical feature correlation, not verified physical causality)."
9abf6c5cfd,7.75739,81.04642,AGRICULTURAL_FIRE,MODERATE,3.09,333.01,N21,2026-09-11 12:56:00 IST,2,FAC-007,Bhilai Steel Complex,industrial,1494.07,LOW,LOW,CL-0240,2,1.0,CL-0240 (2 hotspots),0.88,None (Open / Rural Area),,AGRICULTURAL_FIRE,1.0,"Event labeled as AGRICULTURAL_FIRE primarily based on: rural coordinates beyond active industrial buffers; low-intensity thermal signature (3.1 MW); isolated/spontaneous thermal occurrence. (Note: Statistical feature correlation, not verified physical causality)."
fe3b4d692b,7.76149,80.46893,AGRICULTURAL_FIRE,MODERATE,5.2,331.17,N21,2026-09-11 12:56:00 IST,1,FAC-007,Bhilai Steel Complex,industrial,1496.385,LOW,LOW,CL-0241,2,1.0,CL-0241 (2 hotspots),0.88,None (Open / Rural Area),,AGRICULTURAL_FIRE,0.9943,"Event labeled as AGRICULTURAL_FIRE primarily based on: rural coordinates beyond active industrial buffers; low-intensity thermal signature (5.2 MW); isolated/spontaneous thermal occurrence. (Note: Statistical feature correlation, not verified physical causality)."
a9bebdd018,7.76352,80.10153,AGRICULTURAL_FIRE,MODERATE,2.2,330.15,N21,2026-09-11 12:56:00 IST,1,FAC-007,Bhilai Steel Complex,industrial,1499.256,LOW,LOW,NOISE,1,1.0,NOISE (1 hotspot),0.88,None (Open / Rural Area),,AGRICULTURAL_FIRE,0.9943,"Event labeled as AGRICULTURAL_FIRE primarily based on: rural coordinates beyond active industrial buffers; low-intensity thermal signature (2.2 MW); isolated/spontaneous thermal occurrence. (Note: Statistical feature correlation, not verified physical causality)."
7f70f455e1,7.76651,80.46803,AGRICULTURAL_FIRE,MODERATE,2.93,339.65,N21,2026-09-11 12:56:00 IST,1,FAC-007,Bhilai Steel Complex,industrial,1495.834,LOW,LOW,CL-0241,2,1.0,CL-0241 (2 hotspots),0.88,None (Open / Rural Area),,AGRICULTURAL_FIRE,0.9943,"Event labeled as AGRICULTURAL_FIRE primarily based on: rural coordinates beyond active industrial buffers; low-intensity thermal signature (2.9 MW); isolated/spontaneous thermal occurrence. (Note: Statistical feature correlation, not verified physical causality)."
2c8ccfdc1c,7.78214,80.61802,AGRICULTURAL_FIRE,MODERATE,8.07,340.18,N21,2026-09-11 12:56:00 IST,1,FAC-007,Bhilai Steel Complex,industrial,1493.131,LOW,LOW,NOISE,1,1.0,NOISE (1 hotspot),0.88,None (Open / Rural Area),,AGRICULTURAL_FIRE,0.9866,"Event labeled as AGRICULTURAL_FIRE primarily based on: rural coordinates beyond active industrial buffers; low-intensity thermal signature (8.1 MW); isolated/spontaneous thermal occurrence. (Note: Statistical feature correlation, not verified physical causality)."
a41265bf80,7.86162,80.01357,AGRICULTURAL_FIRE,MODERATE,6.27,335.91,N21,2026-09-11 12:56:00 IST,1,FAC-007,Bhilai Steel Complex,industrial,1489.291,LOW,LOW,NOISE,1,1.0,NOISE (1 hotspot),0.88,None (Open / Rural Area),,AGRICULTURAL_FIRE,0.9943,"Event labeled as AGRICULTURAL_FIRE primarily based on: rural coordinates beyond active industrial buffers; low-intensity thermal signature (6.3 MW); isolated/spontaneous thermal occurrence. (Note: Statistical feature correlation, not verified physical causality)."
30a718952f,7.86603,80.21651,AGRICULTURAL_FIRE,MODERATE,1.27,336.47,N21,2026-09-11 12:56:00 IST,1,FAC-007,Bhilai Steel Complex,industrial,1486.815,LOW,LOW,CL-0176,4,1.0,CL-0176 (4 hotspots),0.88,None (Open / Rural Area),,AGRICULTURAL_FIRE,0.9943,"Event labeled as AGRICULTURAL_FIRE primarily based on: rural coordinates beyond active industrial buffers; low-intensity thermal signature (1.3 MW); isolated/spontaneous thermal occurrence. (Note: Statistical feature correlation, not verified physical causality)."
b821b03612,7.89261,80.00832,AGRICULTURAL_FIRE,MODERATE,13.53,336.03,N21,2026-09-11 12:56:00 IST,2,FAC-007,Bhilai Steel Complex,industrial,1485.917,LOW,LOW,CL-0242,2,1.0,CL-0242 (2 hotspots),0.88,None (Open / Rural Area),,AGRICULTURAL_FIRE,1.0,"Event labeled as AGRICULTURAL_FIRE primarily based on: rural coordinates beyond active industrial buffers; low-intensity thermal signature (13.5 MW); isolated/spontaneous thermal occurrence. (Note: Statistical feature correlation, not verified physical causality)."
2309d2565c,7.89316,80.01147,AGRICULTURAL_FIRE,MODERATE,13.53,367.0,N21,2026-09-11 12:56:00 IST,2,FAC-007,Bhilai Steel Complex,industrial,1485.823,LOW,LOW,CL-0242,2,1.0,CL-0242 (2 hotspots),0.88,None (Open / Rural Area),,AGRICULTURAL_FIRE,0.9263,"Event labeled as AGRICULTURAL_FIRE primarily based on: rural coordinates beyond active industrial buffers; low-intensity thermal signature (13.5 MW); isolated/spontaneous thermal occurrence. (Note: Statistical feature correlation, not verified physical causality)."
913566791f,7.9272,81.20104,AGRICULTURAL_FIRE,MODERATE,9.78,343.9,N21,2026-09-11 12:56:00 IST,1,FAC-007,Bhilai Steel Complex,industrial,1474.883,LOW,LOW,NOISE,1,1.0,NOISE (1 hotspot),0.88,None (Open / Rural Area),,AGRICULTURAL_FIRE,0.9866,"Event labeled as AGRICULTURAL_FIRE primarily based on: rural coordinates beyond active industrial buffers; low-intensity thermal signature (9.8 MW); isolated/spontaneous thermal occurrence. (Note: Statistical feature correlation, not verified physical causality)."
35e511c259,7.95415,80.10401,AGRICULTURAL_FIRE,MODERATE,6.79,335.43,N21,2026-09-11 12:56:00 IST,2,FAC-007,Bhilai Steel Complex,industrial,1478.12,LOW,LOW,CL-0080,2,1.0,CL-0080 (2 hotspots),0.88,None (Open / Rural Area),,AGRICULTURAL_FIRE,1.0,"Event labeled as AGRICULTURAL_FIRE primarily based on: rural coordinates beyond active industrial buffers; low-intensity thermal signature (6.8 MW); isolated/spontaneous thermal occurrence. (Note: Statistical feature correlation, not verified physical causality)."
ec9c85bb2a,7.95961,81.19024,AGRICULTURAL_FIRE,MODERATE,4.8,332.3,N21,2026-09-11 12:56:00 IST,5,FAC-007,Bhilai Steel Complex,industrial,1471.295,LOW,LOW,CL-0243,5,1.0,CL-0243 (5 hotspots),0.88,None (Open / Rural Area),,AGRICULTURAL_FIRE,0.9927,"Event labeled as AGRICULTURAL_FIRE primarily based on: rural coordinates beyond active industrial buffers; low-intensity thermal signature (4.8 MW); repeated temporal persistence (5 recorded events). (Note: Statistical feature correlation, not verified physical causality)."
7e41673932,7.96052,81.19545,AGRICULTURAL_FIRE,MODERATE,4.8,331.99,N21,2026-09-11 12:56:00 IST,5,FAC-007,Bhilai Steel Complex,industrial,1471.186,LOW,LOW,CL-0243,5,1.0,CL-0243 (5 hotspots),0.88,None (Open / Rural Area),,AGRICULTURAL_FIRE,0.9927,"Event labeled as AGRICULTURAL_FIRE primarily based on: rural coordinates beyond active industrial buffers; low-intensity thermal signature (4.8 MW); repeated temporal persistence (5 recorded events). (Note: Statistical feature correlation, not verified physical causality)."
f13af2afe7,7.96143,81.2007,AGRICULTURAL_FIRE,MODERATE,2.71,332.0,N21,2026-09-11 12:56:00 IST,5,FAC-007,Bhilai Steel Complex,industrial,1471.078,LOW,LOW,CL-0243,5,1.0,CL-0243 (5 hotspots),0.88,None (Open / Rural Area),,AGRICULTURAL_FIRE,0.9927,"Event labeled as AGRICULTURAL_FIRE primarily based on: rural coordinates beyond active industrial buffers; low-intensity thermal signature (2.7 MW); repeated temporal persistence (5 recorded events). (Note: Statistical feature correlation, not verified physical causality)."
14ffc073a3,7.96473,80.04477,AGRICULTURAL_FIRE,MODERATE,3.02,334.68,N21,2026-09-11 12:56:00 IST,1,FAC-007,Bhilai Steel Complex,industrial,1477.551,LOW,LOW,NOISE,1,1.0,NOISE (1 hotspot),0.88,None (Open / Rural Area),,AGRICULTURAL_FIRE,0.9943,"Event labeled as AGRICULTURAL_FIRE primarily based on: rural coordinates beyond active industrial buffers; low-intensity thermal signature (3.0 MW); isolated/spontaneous thermal occurrence. (Note: Statistical feature correlation, not verified physical causality)."
7190695b8d,7.96528,81.19466,AGRICULTURAL_FIRE,MODERATE,4.8,330.75,N21,2026-09-11 12:56:00 IST,5,FAC-007,Bhilai Steel Complex,industrial,1470.658,LOW,LOW,CL-0243,5,1.0,CL-0243 (5 hotspots),0.88,None (Open / Rural Area),,AGRICULTURAL_FIRE,0.9927,"Event labeled as AGRICULTURAL_FIRE primarily based on: rural coordinates beyond active industrial buffers; low-intensity thermal signature (4.8 MW); repeated temporal persistence (5 recorded events). (Note: Statistical feature correlation, not verified physical causality)."
b05f5d3101,7.96914,81.18865,AGRICULTURAL_FIRE,MODERATE,5.15,333.18,N21,2026-09-11 12:56:00 IST,5,FAC-007,Bhilai Steel Complex,industrial,1470.238,LOW,LOW,CL-0243,5,1.0,CL-0243 (5 hotspots),0.88,None (Open / Rural Area),,AGRICULTURAL_FIRE,0.9927,"Event labeled as AGRICULTURAL_FIRE primarily based on: rural coordinates beyond active industrial buffers; low-intensity thermal signature (5.2 MW); repeated temporal persistence (5 recorded events). (Note: Statistical feature correlation, not verified physical causality)."
b6824c15f4,7.9765,80.17004,AGRICULTURAL_FIRE,MODERATE,6.16,355.35,N21,2026-09-11 12:56:00 IST,1,FAC-007,Bhilai Steel Complex,industrial,1475.004,LOW,LOW,NOISE,1,1.0,NOISE (1 hotspot),0.88,None (Open / Rural Area),,AGRICULTURAL_FIRE,0.93,"Event labeled as AGRICULTURAL_FIRE primarily based on: rural coordinates beyond active industrial buffers; low-intensity thermal signature (6.2 MW); isolated/spontaneous thermal occurrence. (Note: Statistical feature correlation, not verified physical causality)."
1d72af4d95,8.00678,80.95213,AGRICULTURAL_FIRE,MODERATE,4.32,332.53,N21,2026-09-11 12:56:00 IST,1,FAC-007,Bhilai Steel Complex,industrial,1466.628,LOW,LOW,NOISE,1,1.0,NOISE (1 hotspot),0.88,None (Open / Rural Area),,AGRICULTURAL_FIRE,0.9943,"Event labeled as AGRICULTURAL_FIRE primarily based on: rural coordinates beyond active industrial buffers; low-intensity thermal signature (4.3 MW); isolated/spontaneous thermal occurrence. (Note: Statistical feature correlation, not verified physical causality)."
fcfd1509dd,8.02262,81.30133,AGRICULTURAL_FIRE,MODERATE,4.39,331.31,N21,2026-09-11 12:56:00 IST,2,FAC-007,Bhilai Steel Complex,industrial,1464.172,LOW,LOW,CL-0244,2,1.0,CL-0244 (2 hotspots),0.88,None (Open / Rural Area),,AGRICULTURAL_FIRE,1.0,"Event labeled as AGRICULTURAL_FIRE primarily based on: rural coordinates beyond active industrial buffers; low-intensity thermal signature (4.4 MW); isolated/spontaneous thermal occurrence. (Note: Statistical feature correlation, not verified physical causality)."
1491fb326a,8.02483,81.304,AGRICULTURAL_FIRE,MODERATE,6.72,330.92,N21,2026-09-11 12:56:00 IST,2,FAC-007,Bhilai Steel Complex,industrial,1463.925,LOW,LOW,CL-0244,2,1.0,CL-0244 (2 hotspots),0.88,None (Open / Rural Area),,AGRICULTURAL_FIRE,1.0,"Event labeled as AGRICULTURAL_FIRE primarily based on: rural coordinates beyond active industrial buffers; low-intensity thermal signature (6.7 MW); isolated/spontaneous thermal occurrence. (Note: Statistical feature correlation, not verified physical causality)."
dfd320f0fb,8.02955,80.58305,AGRICULTURAL_FIRE,MODERATE,12.23,334.53,N21,2026-09-11 12:56:00 IST,1,FAC-007,Bhilai Steel Complex,industrial,1465.874,LOW,LOW,CL-0245,2,1.0,CL-0245 (2 hotspots),0.88,None (Open / Rural Area),,AGRICULTURAL_FIRE,0.9866,"Event labeled as AGRICULTURAL_FIRE primarily based on: rural coordinates beyond active industrial buffers; low-intensity thermal signature (12.2 MW); isolated/spontaneous thermal occurrence. (Note: Statistical feature correlation, not verified physical causality)."
1785d88b7d,8.03451,80.58224,AGRICULTURAL_FIRE,MODERATE,12.23,367.0,N21,2026-09-11 12:56:00 IST,1,FAC-007,Bhilai Steel Complex,industrial,1465.329,LOW,LOW,CL-0245,2,1.0,CL-0245 (2 hotspots),0.88,None (Open / Rural Area),,AGRICULTURAL_FIRE,0.8886,"Event labeled as AGRICULTURAL_FIRE primarily based on: rural coordinates beyond active industrial buffers; low-intensity thermal signature (12.2 MW); isolated/spontaneous thermal occurrence. (Note: Statistical feature correlation, not verified physical causality)."
ab9363bc90,8.14744,81.34031,AGRICULTURAL_FIRE,MODERATE,12.16,336.64,N21,2026-09-11 12:56:00 IST,2,FAC-007,Bhilai Steel Complex,industrial,1450.275,LOW,LOW,CL-0246,2,1.0,CL-0246 (2 hotspots),0.88,None (Open / Rural Area),,AGRICULTURAL_FIRE,1.0,"Event labeled as AGRICULTURAL_FIRE primarily based on: rural coordinates beyond active industrial buffers; low-intensity thermal signature (12.2 MW); isolated/spontaneous thermal occurrence. (Note: Statistical feature correlation, not verified physical causality)."
00076cd1d1,8.14977,81.34171,AGRICULTURAL_FIRE,MODERATE,8.72,331.74,N21,2026-09-11 12:56:00 IST,2,FAC-007,Bhilai Steel Complex,industrial,1450.015,LOW,LOW,CL-0246,2,1.0,CL-0246 (2 hotspots),0.88,None (Open / Rural Area),,AGRICULTURAL_FIRE,1.0,"Event labeled as AGRICULTURAL_FIRE primarily based on: rural coordinates beyond active industrial buffers; low-intensity thermal signature (8.7 MW); isolated/spontaneous thermal occurrence. (Note: Statistical feature correlation, not verified physical causality)."
a6ef85c256,8.22174,81.02438,AGRICULTURAL_FIRE,MODERATE,7.89,339.9,N21,2026-09-11 12:56:00 IST,1,FAC-007,Bhilai Steel Complex,industrial,1442.511,LOW,LOW,NOISE,1,1.0,NOISE (1 hotspot),0.88,None (Open / Rural Area),,AGRICULTURAL_FIRE,0.9866,"Event labeled as AGRICULTURAL_FIRE primarily based on: rural coordinates beyond active industrial buffers; low-intensity thermal signature (7.9 MW); isolated/spontaneous thermal occurrence. (Note: Statistical feature correlation, not verified physical causality)."
b46a6bbd77,8.22999,80.67237,AGRICULTURAL_FIRE,MODERATE,9.52,341.78,N21,2026-09-11 12:56:00 IST,2,FAC-007,Bhilai Steel Complex,industrial,1443.087,LOW,LOW,CL-0247,2,1.0,CL-0247 (2 hotspots),0.88,None (Open / Rural Area),,AGRICULTURAL_FIRE,1.0,"Event labeled as AGRICULTURAL_FIRE primarily based on: rural coordinates beyond active industrial buffers; low-intensity thermal signature (9.5 MW); isolated/spontaneous thermal occurrence. (Note: Statistical feature correlation, not verified physical causality)."
ec4c230d1e,8.23185,80.67056,AGRICULTURAL_FIRE,MODERATE,9.01,339.54,N21,2026-09-11 12:56:00 IST,2,FAC-007,Bhilai Steel Complex,industrial,1442.891,LOW,LOW,CL-0247,2,1.0,CL-0247 (2 hotspots),0.88,None (Open / Rural Area),,AGRICULTURAL_FIRE,1.0,"Event labeled as AGRICULTURAL_FIRE primarily based on: rural coordinates beyond active industrial buffers; low-intensity thermal signature (9.0 MW); isolated/spontaneous thermal occurrence. (Note: Statistical feature correlation, not verified physical causality)."
6304d75db9,8.24239,80.55995,AGRICULTURAL_FIRE,MODERATE,9.17,351.1,N21,2026-09-11 12:56:00 IST,1,FAC-007,Bhilai Steel Complex,industrial,1442.395,LOW,LOW,NOISE,1,1.0,NOISE (1 hotspot),0.88,None (Open / Rural Area),,AGRICULTURAL_FIRE,0.9141,"Event labeled as AGRICULTURAL_FIRE primarily based on: rural coordinates beyond active industrial buffers; low-intensity thermal signature (9.2 MW); isolated/spontaneous thermal occurrence. (Note: Statistical feature correlation, not verified physical causality)."
4dad6c10cc,8.31679,80.25421,AGRICULTURAL_FIRE,MODERATE,6.52,332.65,N21,2026-09-11 12:56:00 IST,1,FAC-007,Bhilai Steel Complex,industrial,1436.521,LOW,LOW,CL-0248,2,1.0,CL-0248 (2 hotspots),0.88,None (Open / Rural Area),,AGRICULTURAL_FIRE,0.9943,"Event labeled as AGRICULTURAL_FIRE primarily based on: rural coordinates beyond active industrial buffers; low-intensity thermal signature (6.5 MW); isolated/spontaneous thermal occurrence. (Note: Statistical feature correlation, not verified physical causality)."
a2cce49d3a,8.31783,80.31797,AGRICULTURAL_FIRE,MODERATE,3.64,338.65,N21,2026-09-11 12:56:00 IST,1,FAC-007,Bhilai Steel Complex,industrial,1435.847,LOW,LOW,NOISE,1,1.0,NOISE (1 hotspot),0.88,None (Open / Rural Area),,AGRICULTURAL_FIRE,0.9943,"Event labeled as AGRICULTURAL_FIRE primarily based on: rural coordinates beyond active industrial buffers; low-intensity thermal signature (3.6 MW); isolated/spontaneous thermal occurrence. (Note: Statistical feature correlation, not verified physical causality)."
c1ae220834,8.3213,80.2504,AGRICULTURAL_FIRE,MODERATE,4.77,332.07,N21,2026-09-11 12:56:00 IST,1,FAC-007,Bhilai Steel Complex,industrial,1436.056,LOW,LOW,CL-0248,2,1.0,CL-0248 (2 hotspots),0.88,None (Open / Rural Area),,AGRICULTURAL_FIRE,0.9943,"Event labeled as AGRICULTURAL_FIRE primarily based on: rural coordinates beyond active industrial buffers; low-intensity thermal signature (4.8 MW); isolated/spontaneous thermal occurrence. (Note: Statistical feature correlation, not verified physical causality)."
0791d31c80,8.32473,81.02138,AGRICULTURAL_FIRE,MODERATE,8.15,341.73,N21,2026-09-11 12:56:00 IST,1,FAC-007,Bhilai Steel Complex,industrial,1431.072,LOW,LOW,NOISE,1,1.0,NOISE (1 hotspot),0.88,None (Open / Rural Area),,AGRICULTURAL_FIRE,0.9866,"Event labeled as AGRICULTURAL_FIRE primarily based on: rural coordinates beyond active industrial buffers; low-intensity thermal signature (8.2 MW); isolated/spontaneous thermal occurrence. (Note: Statistical feature correlation, not verified physical causality)."
788583386d,8.32823,80.23088,AGRICULTURAL_FIRE,MODERATE,5.46,342.45,N21,2026-09-11 12:56:00 IST,2,FAC-007,Bhilai Steel Complex,industrial,1435.466,LOW,LOW,CL-0249,2,1.0,CL-0249 (2 hotspots),0.88,None (Open / Rural Area),,AGRICULTURAL_FIRE,1.0,"Event labeled as AGRICULTURAL_FIRE primarily based on: rural coordinates beyond active industrial buffers; low-intensity thermal signature (5.5 MW); isolated/spontaneous thermal occurrence. (Note: Statistical feature correlation, not verified physical causality)."
97b8101ac4,8.32876,80.23387,AGRICULTURAL_FIRE,MODERATE,7.23,339.45,N21,2026-09-11 12:56:00 IST,2,FAC-007,Bhilai Steel Complex,industrial,1435.38,LOW,LOW,CL-0249,2,1.0,CL-0249 (2 hotspots),0.88,None (Open / Rural Area),,AGRICULTURAL_FIRE,0.9924,"Event labeled as AGRICULTURAL_FIRE primarily based on: rural coordinates beyond active industrial buffers; low-intensity thermal signature (7.2 MW); isolated/spontaneous thermal occurrence. (Note: Statistical feature correlation, not verified physical causality)."
7e3b90b1bf,8.36492,80.20286,AGRICULTURAL_FIRE,MODERATE,2.81,331.59,N21,2026-09-11 12:56:00 IST,1,FAC-007,Bhilai Steel Complex,industrial,1431.663,LOW,LOW,NOISE,1,1.0,NOISE (1 hotspot),0.88,None (Open / Rural Area),,AGRICULTURAL_FIRE,0.9943,"Event labeled as AGRICULTURAL_FIRE primarily based on: rural coordinates beyond active industrial buffers; low-intensity thermal signature (2.8 MW); isolated/spontaneous thermal occurrence. (Note: Statistical feature correlation, not verified physical causality)."
c0ea4bf8ee,8.38192,80.41776,AGRICULTURAL_FIRE,MODERATE,3.18,331.62,N21,2026-09-11 12:56:00 IST,2,FAC-007,Bhilai Steel Complex,industrial,1427.929,LOW,LOW,CL-0250,2,1.0,CL-0250 (2 hotspots),0.88,None (Open / Rural Area),,AGRICULTURAL_FIRE,1.0,"Event labeled as AGRICULTURAL_FIRE primarily based on: rural coordinates beyond active industrial buffers; low-intensity thermal signature (3.2 MW); isolated/spontaneous thermal occurrence. (Note: Statistical feature correlation, not verified physical causality)."
c530b7bffd,8.38243,80.42065,AGRICULTURAL_FIRE,MODERATE,3.18,338.16,N21,2026-09-11 12:56:00 IST,2,FAC-007,Bhilai Steel Complex,industrial,1427.85,LOW,LOW,CL-0250,2,1.0,CL-0250 (2 hotspots),0.88,None (Open / Rural Area),,AGRICULTURAL_FIRE,1.0,"Event labeled as AGRICULTURAL_FIRE primarily based on: rural coordinates beyond active industrial buffers; low-intensity thermal signature (3.2 MW); isolated/spontaneous thermal occurrence. (Note: Statistical feature correlation, not verified physical causality)."
3b5cde0d08,8.40434,80.71754,AGRICULTURAL_FIRE,MODERATE,8.35,340.95,N21,2026-09-11 12:56:00 IST,1,FAC-007,Bhilai Steel Complex,industrial,1423.476,LOW,LOW,NOISE,1,1.0,NOISE (1 hotspot),0.88,None (Open / Rural Area),,AGRICULTURAL_FIRE,0.9866,"Event labeled as AGRICULTURAL_FIRE primarily based on: rural coordinates beyond active industrial buffers; low-intensity thermal signature (8.3 MW); isolated/spontaneous thermal occurrence. (Note: Statistical feature correlation, not verified physical causality)."
defd95ee26,8.41959,80.30999,AGRICULTURAL_FIRE,MODERATE,3.31,332.9,N21,2026-09-11 12:56:00 IST,2,FAC-007,Bhilai Steel Complex,industrial,1424.635,LOW,LOW,CL-0251,2,1.0,CL-0251 (2 hotspots),0.88,None (Open / Rural Area),,AGRICULTURAL_FIRE,1.0,"Event labeled as AGRICULTURAL_FIRE primarily based on: rural coordinates beyond active industrial buffers; low-intensity thermal signature (3.3 MW); isolated/spontaneous thermal occurrence. (Note: Statistical feature correlation, not verified physical causality)."
3562fb7eb8,8.42012,80.31292,AGRICULTURAL_FIRE,MODERATE,4.12,330.4,N21,2026-09-11 12:56:00 IST,2,FAC-007,Bhilai Steel Complex,industrial,1424.551,LOW,LOW,CL-0251,2,1.0,CL-0251 (2 hotspots),0.88,None (Open / Rural Area),,AGRICULTURAL_FIRE,1.0,"Event labeled as AGRICULTURAL_FIRE primarily based on: rural coordinates beyond active industrial buffers; low-intensity thermal signature (4.1 MW); isolated/spontaneous thermal occurrence. (Note: Statistical feature correlation, not verified physical causality)."
b45791d394,8.42402,80.53297,AGRICULTURAL_FIRE,MODERATE,8.83,331.06,N21,2026-09-11 12:56:00 IST,1,FAC-007,Bhilai Steel Complex,industrial,1422.417,LOW,LOW,NOISE,1,1.0,NOISE (1 hotspot),0.88,None (Open / Rural Area),,AGRICULTURAL_FIRE,0.9866,"Event labeled as AGRICULTURAL_FIRE primarily based on: rural coordinates beyond active industrial buffers; low-intensity thermal signature (8.8 MW); isolated/spontaneous thermal occurrence. (Note: Statistical feature correlation, not verified physical causality)."
6720e1cfdf,8.46777,81.13238,AGRICULTURAL_FIRE,MODERATE,8.26,340.6,N21,2026-09-11 12:56:00 IST,1,FAC-007,Bhilai Steel Complex,industrial,1414.899,LOW,LOW,NOISE,1,1.0,NOISE (1 hotspot),0.88,None (Open / Rural Area),,AGRICULTURAL_FIRE,0.9866,"Event labeled as AGRICULTURAL_FIRE primarily based on: rural coordinates beyond active industrial buffers; low-intensity thermal signature (8.3 MW); isolated/spontaneous thermal occurrence. (Note: Statistical feature correlation, not verified physical causality)."
437c66d0a7,8.48778,80.46198,AGRICULTURAL_FIRE,MODERATE,5.09,343.36,N21,2026-09-11 12:56:00 IST,1,FAC-007,Bhilai Steel Complex,industrial,1415.85,LOW,LOW,NOISE,1,1.0,NOISE (1 hotspot),0.88,None (Open / Rural Area),,AGRICULTURAL_FIRE,0.9943,"Event labeled as AGRICULTURAL_FIRE primarily based on: rural coordinates beyond active industrial buffers; low-intensity thermal signature (5.1 MW); isolated/spontaneous thermal occurrence. (Note: Statistical feature correlation, not verified physical causality)."
f9bd3cc8ab,8.49171,80.13688,AGRICULTURAL_FIRE,MODERATE,4.54,330.79,N21,2026-09-11 12:56:00 IST,1,FAC-007,Bhilai Steel Complex,industrial,1418.264,LOW,LOW,NOISE,1,1.0,NOISE (1 hotspot),0.88,None (Open / Rural Area),,AGRICULTURAL_FIRE,0.9943,"Event labeled as AGRICULTURAL_FIRE primarily based on: rural coordinates beyond active industrial buffers; low-intensity thermal signature (4.5 MW); isolated/spontaneous thermal occurrence. (Note: Statistical feature correlation, not verified physical causality)."
e87bfcbf89,8.4992,80.86546,AGRICULTURAL_FIRE,MODERATE,12.46,341.78,N21,2026-09-11 12:56:00 IST,2,FAC-007,Bhilai Steel Complex,industrial,1412.232,LOW,LOW,CL-0252,2,1.0,CL-0252 (2 hotspots),0.88,None (Open / Rural Area),,AGRICULTURAL_FIRE,1.0,"Event labeled as AGRICULTURAL_FIRE primarily based on: rural coordinates beyond active industrial buffers; low-intensity thermal signature (12.5 MW); isolated/spontaneous thermal occurrence. (Note: Statistical feature correlation, not verified physical causality)."
9a8bcf8632,8.50053,80.86825,AGRICULTURAL_FIRE,MODERATE,13.46,342.17,N21,2026-09-11 12:56:00 IST,2,FAC-007,Bhilai Steel Complex,industrial,1412.073,LOW,LOW,CL-0252,2,1.0,CL-0252 (2 hotspots),0.88,None (Open / Rural Area),,AGRICULTURAL_FIRE,1.0,"Event labeled as AGRICULTURAL_FIRE primarily based on: rural coordinates beyond active industrial buffers; low-intensity thermal signature (13.5 MW); isolated/spontaneous thermal occurrence. (Note: Statistical feature correlation, not verified physical causality)."
9071a988c8,8.50601,80.53648,AGRICULTURAL_FIRE,MODERATE,10.21,339.22,N21,2026-09-11 12:56:00 IST,1,FAC-007,Bhilai Steel Complex,industrial,1413.294,LOW,LOW,NOISE,1,1.0,NOISE (1 hotspot),0.88,None (Open / Rural Area),,AGRICULTURAL_FIRE,0.9866,"Event labeled as AGRICULTURAL_FIRE primarily based on: rural coordinates beyond active industrial buffers; low-intensity thermal signature (10.2 MW); isolated/spontaneous thermal occurrence. (Note: Statistical feature correlation, not verified physical causality)."
c6646d62c1,8.50888,80.17417,AGRICULTURAL_FIRE,MODERATE,10.01,354.53,N21,2026-09-11 12:56:00 IST,2,FAC-007,Bhilai Steel Complex,industrial,1415.992,LOW,LOW,NOISE,1,1.0,NOISE (1 hotspot),0.88,None (Open / Rural Area),,AGRICULTURAL_FIRE,0.9684,"Event labeled as AGRICULTURAL_FIRE primarily based on: rural coordinates beyond active industrial buffers; low-intensity thermal signature (10.0 MW); isolated/spontaneous thermal occurrence. (Note: Statistical feature correlation, not verified physical causality)."
a3f4feb9f4,8.55598,80.87775,AGRICULTURAL_FIRE,MODERATE,5.35,335.73,N21,2026-09-11 12:56:00 IST,1,FAC-007,Bhilai Steel Complex,industrial,1405.872,LOW,LOW,NOISE,1,1.0,NOISE (1 hotspot),0.88,None (Open / Rural Area),,AGRICULTURAL_FIRE,0.9943,"Event labeled as AGRICULTURAL_FIRE primarily based on: rural coordinates beyond active industrial buffers; low-intensity thermal signature (5.3 MW); isolated/spontaneous thermal occurrence. (Note: Statistical feature correlation, not verified physical causality)."
b185901b81,8.57436,80.76235,AGRICULTURAL_FIRE,MODERATE,7.34,336.16,N21,2026-09-11 12:56:00 IST,2,FAC-007,Bhilai Steel Complex,industrial,1404.359,LOW,LOW,CL-0253,2,1.0,CL-0253 (2 hotspots),0.88,None (Open / Rural Area),,AGRICULTURAL_FIRE,0.9918,"Event labeled as AGRICULTURAL_FIRE primarily based on: rural coordinates beyond active industrial buffers; low-intensity thermal signature (7.3 MW); isolated/spontaneous thermal occurrence. (Note: Statistical feature correlation, not verified physical causality)."
6469f28561,8.57594,80.76398,AGRICULTURAL_FIRE,MODERATE,7.74,336.03,N21,2026-09-11 12:56:00 IST,2,FAC-007,Bhilai Steel Complex,industrial,1404.175,LOW,LOW,CL-0253,2,1.0,CL-0253 (2 hotspots),0.88,None (Open / Rural Area),,AGRICULTURAL_FIRE,1.0,"Event labeled as AGRICULTURAL_FIRE primarily based on: rural coordinates beyond active industrial buffers; low-intensity thermal signature (7.7 MW); isolated/spontaneous thermal occurrence. (Note: Statistical feature correlation, not verified physical causality)."
b540f638f6,8.59022,80.93218,AGRICULTURAL_FIRE,MODERATE,10.06,339.24,N21,2026-09-11 12:56:00 IST,1,FAC-007,Bhilai Steel Complex,industrial,1401.856,LOW,LOW,NOISE,1,1.0,NOISE (1 hotspot),0.88,None (Open / Rural Area),,AGRICULTURAL_FIRE,0.9866,"Event labeled as AGRICULTURAL_FIRE primarily based on: rural coordinates beyond active industrial buffers; low-intensity thermal signature (10.1 MW); isolated/spontaneous thermal occurrence. (Note: Statistical feature correlation, not verified physical causality)."
961734bc89,8.59064,80.60149,AGRICULTURAL_FIRE,MODERATE,7.12,333.61,N21,2026-09-11 12:56:00 IST,1,FAC-007,Bhilai Steel Complex,industrial,1403.47,LOW,LOW,NOISE,1,1.0,NOISE (1 hotspot),0.88,None (Open / Rural Area),,AGRICULTURAL_FIRE,0.9618,"Event labeled as AGRICULTURAL_FIRE primarily based on: rural coordinates beyond active industrial buffers; low-intensity thermal signature (7.1 MW); isolated/spontaneous thermal occurrence. (Note: Statistical feature correlation, not verified physical causality)."
77434ea240,8.60761,80.38096,AGRICULTURAL_FIRE,MODERATE,2.75,333.57,N21,2026-09-11 12:56:00 IST,1,FAC-007,Bhilai Steel Complex,industrial,1403.192,LOW,LOW,CL-0197,2,1.0,CL-0197 (2 hotspots),0.88,None (Open / Rural Area),,AGRICULTURAL_FIRE,0.9943,"Event labeled as AGRICULTURAL_FIRE primarily based on: rural coordinates beyond active industrial buffers; low-intensity thermal signature (2.8 MW); isolated/spontaneous thermal occurrence. (Note: Statistical feature correlation, not verified physical causality)."
4582a877a1,8.61894,80.47482,AGRICULTURAL_FIRE,MODERATE,11.07,341.77,N21,2026-09-11 12:56:00 IST,1,FAC-007,Bhilai Steel Complex,industrial,1401.203,LOW,LOW,NOISE,1,1.0,NOISE (1 hotspot),0.88,None (Open / Rural Area),,AGRICULTURAL_FIRE,0.9866,"Event labeled as AGRICULTURAL_FIRE primarily based on: rural coordinates beyond active industrial buffers; low-intensity thermal signature (11.1 MW); isolated/spontaneous thermal occurrence. (Note: Statistical feature correlation, not verified physical causality)."
116196f98e,8.64861,80.37698,AGRICULTURAL_FIRE,MODERATE,2.77,332.81,N21,2026-09-11 12:56:00 IST,1,FAC-007,Bhilai Steel Complex,industrial,1398.679,LOW,LOW,NOISE,1,1.0,NOISE (1 hotspot),0.88,None (Open / Rural Area),,AGRICULTURAL_FIRE,0.9943,"Event labeled as AGRICULTURAL_FIRE primarily based on: rural coordinates beyond active industrial buffers; low-intensity thermal signature (2.8 MW); isolated/spontaneous thermal occurrence. (Note: Statistical feature correlation, not verified physical causality)."
875dc8bd5b,8.65176,81.00031,AGRICULTURAL_FIRE,MODERATE,5.52,335.77,N21,2026-09-11 12:56:00 IST,1,FAC-007,Bhilai Steel Complex,industrial,1394.784,LOW,LOW,NOISE,1,1.0,NOISE (1 hotspot),0.88,None (Open / Rural Area),,AGRICULTURAL_FIRE,0.9943,"Event labeled as AGRICULTURAL_FIRE primarily based on: rural coordinates beyond active industrial buffers; low-intensity thermal signature (5.5 MW); isolated/spontaneous thermal occurrence. (Note: Statistical feature correlation, not verified physical causality)."
88bd9dcd0c,8.71072,80.17675,AGRICULTURAL_FIRE,MODERATE,3.48,342.12,N21,2026-09-11 12:56:00 IST,1,FAC-007,Bhilai Steel Complex,industrial,1393.614,LOW,LOW,NOISE,1,1.0,NOISE (1 hotspot),0.88,None (Open / Rural Area),,AGRICULTURAL_FIRE,0.9943,"Event labeled as AGRICULTURAL_FIRE primarily based on: rural coordinates beyond active industrial buffers; low-intensity thermal signature (3.5 MW); isolated/spontaneous thermal occurrence. (Note: Statistical feature correlation, not verified physical causality)."
e804a8dda0,8.73159,80.35374,AGRICULTURAL_FIRE,MODERATE,2.52,332.03,N21,2026-09-11 12:56:00 IST,2,FAC-007,Bhilai Steel Complex,industrial,1389.673,LOW,LOW,CL-0254,2,1.0,CL-0254 (2 hotspots),0.88,None (Open / Rural Area),,AGRICULTURAL_FIRE,1.0,"Event labeled as AGRICULTURAL_FIRE primarily based on: rural coordinates beyond active industrial buffers; low-intensity thermal signature (2.5 MW); isolated/spontaneous thermal occurrence. (Note: Statistical feature correlation, not verified physical causality)."
fdcc225b06,8.73255,80.35361,AGRICULTURAL_FIRE,MODERATE,2.9,331.42,N21,2026-09-11 12:56:00 IST,2,FAC-007,Bhilai Steel Complex,industrial,1389.568,LOW,LOW,CL-0254,2,1.0,CL-0254 (2 hotspots),0.88,None (Open / Rural Area),,AGRICULTURAL_FIRE,1.0,"Event labeled as AGRICULTURAL_FIRE primarily based on: rural coordinates beyond active industrial buffers; low-intensity thermal signature (2.9 MW); isolated/spontaneous thermal occurrence. (Note: Statistical feature correlation, not verified physical causality)."
7d3530fb83,8.82634,80.8719,AGRICULTURAL_FIRE,MODERATE,8.93,330.43,N21,2026-09-11 12:56:00 IST,1,FAC-007,Bhilai Steel Complex,industrial,1375.856,LOW,LOW,NOISE,1,1.0,NOISE (1 hotspot),0.88,None (Open / Rural Area),,AGRICULTURAL_FIRE,0.9866,"Event labeled as AGRICULTURAL_FIRE primarily based on: rural coordinates beyond active industrial buffers; low-intensity thermal signature (8.9 MW); isolated/spontaneous thermal occurrence. (Note: Statistical feature correlation, not verified physical causality)."
1a1140e9f9,8.83713,80.99182,AGRICULTURAL_FIRE,MODERATE,6.93,342.96,N21,2026-09-11 12:56:00 IST,4,FAC-007,Bhilai Steel Complex,industrial,1374.208,LOW,LOW,CL-0227,5,1.0,CL-0227 (5 hotspots),0.88,None (Open / Rural Area),,AGRICULTURAL_FIRE,0.9927,"Event labeled as AGRICULTURAL_FIRE primarily based on: rural coordinates beyond active industrial buffers; low-intensity thermal signature (6.9 MW); repeated temporal persistence (4 recorded events). (Note: Statistical feature correlation, not verified physical causality)."
16aa3edc19,8.83843,80.99353,AGRICULTURAL_FIRE,MODERATE,9.53,342.38,N21,2026-09-11 12:56:00 IST,1,FAC-007,Bhilai Steel Complex,industrial,1374.058,LOW,LOW,CL-0227,5,1.0,CL-0227 (5 hotspots),0.88,None (Open / Rural Area),,AGRICULTURAL_FIRE,0.9866,"Event labeled as AGRICULTURAL_FIRE primarily based on: rural coordinates beyond active industrial buffers; low-intensity thermal signature (9.5 MW); isolated/spontaneous thermal occurrence. (Note: Statistical feature correlation, not verified physical causality)."
f6707431ee,8.86342,80.68942,AGRICULTURAL_FIRE,MODERATE,6.84,337.74,N21,2026-09-11 12:56:00 IST,1,FAC-007,Bhilai Steel Complex,industrial,1372.651,LOW,LOW,NOISE,1,1.0,NOISE (1 hotspot),0.88,None (Open / Rural Area),,AGRICULTURAL_FIRE,0.9943,"Event labeled as AGRICULTURAL_FIRE primarily based on: rural coordinates beyond active industrial buffers; low-intensity thermal signature (6.8 MW); isolated/spontaneous thermal occurrence. (Note: Statistical feature correlation, not verified physical causality)."
57d72deb53,8.87713,80.65346,AGRICULTURAL_FIRE,MODERATE,27.45,343.41,N21,2026-09-11 12:56:00 IST,3,FAC-007,Bhilai Steel Complex,industrial,1371.341,LOW,LOW,CL-0255,3,1.0,CL-0255 (3 hotspots),0.88,None (Open / Rural Area),,AGRICULTURAL_FIRE,0.8938,"Event labeled as AGRICULTURAL_FIRE primarily based on: rural coordinates beyond active industrial buffers; low-intensity thermal signature (27.4 MW); repeated temporal persistence (3 recorded events). (Note: Statistical feature correlation, not verified physical causality)."
fe3577e2e1,8.87997,80.6513,AGRICULTURAL_FIRE,MODERATE,11.41,335.16,N21,2026-09-11 12:56:00 IST,3,FAC-007,Bhilai Steel Complex,industrial,1371.039,LOW,LOW,CL-0255,3,1.0,CL-0255 (3 hotspots),0.88,None (Open / Rural Area),,AGRICULTURAL_FIRE,1.0,"Event labeled as AGRICULTURAL_FIRE primarily based on: rural coordinates beyond active industrial buffers; low-intensity thermal signature (11.4 MW); repeated temporal persistence (3 recorded events). (Note: Statistical feature correlation, not verified physical causality)."
0eda9db554,8.88096,80.65672,AGRICULTURAL_FIRE,MODERATE,13.05,341.19,N21,2026-09-11 12:56:00 IST,3,FAC-007,Bhilai Steel Complex,industrial,1370.896,LOW,LOW,CL-0255,3,1.0,CL-0255 (3 hotspots),0.88,None (Open / Rural Area),,AGRICULTURAL_FIRE,1.0,"Event labeled as AGRICULTURAL_FIRE primarily based on: rural coordinates beyond active industrial buffers; low-intensity thermal signature (13.1 MW); repeated temporal persistence (3 recorded events). (Note: Statistical feature correlation, not verified physical causality)."
f4d8c0483a,8.94751,80.86004,AGRICULTURAL_FIRE,MODERATE,7.29,330.31,N21,2026-09-11 12:56:00 IST,2,FAC-007,Bhilai Steel Complex,industrial,1362.444,LOW,LOW,CL-0202,4,1.0,CL-0202 (4 hotspots),0.88,None (Open / Rural Area),,AGRICULTURAL_FIRE,0.9918,"Event labeled as AGRICULTURAL_FIRE primarily based on: rural coordinates beyond active industrial buffers; low-intensity thermal signature (7.3 MW); isolated/spontaneous thermal occurrence. (Note: Statistical feature correlation, not verified physical causality)."
e083aa508d,9.11983,80.27057,AGRICULTURAL_FIRE,MODERATE,2.86,340.54,N21,2026-09-11 12:56:00 IST,1,FAC-007,Bhilai Steel Complex,industrial,1347.391,LOW,LOW,NOISE,1,1.0,NOISE (1 hotspot),0.88,None (Open / Rural Area),,AGRICULTURAL_FIRE,0.9943,"Event labeled as AGRICULTURAL_FIRE primarily based on: rural coordinates beyond active industrial buffers; low-intensity thermal signature (2.9 MW); isolated/spontaneous thermal occurrence. (Note: Statistical feature correlation, not verified physical causality)."
ff3be8e84a,27.76085,96.31447,AGRICULTURAL_FIRE,MODERATE,12.89,367.0,N21,2026-09-11 12:59:00 IST,1,FAC-005,"Tata Steel Plant, Jamshedpur",industrial,1157.29,LOW,LOW,NOISE,1,1.0,NOISE (1 hotspot),0.88,None (Open / Rural Area),,AGRICULTURAL_FIRE,0.8886,"Event labeled as AGRICULTURAL_FIRE primarily based on: rural coordinates beyond active industrial buffers; low-intensity thermal signature (12.9 MW); isolated/spontaneous thermal occurrence. (Note: Statistical feature correlation, not verified physical causality)."
210ecbc088,27.76173,96.05025,WILDFIRE_BIOMASS,HIGH,30.46,367.0,N21,2026-09-11 12:59:00 IST,1,FAC-005,"Tata Steel Plant, Jamshedpur",industrial,1134.073,LOW,LOW,NOISE,1,1.0,NOISE (1 hotspot),0.85,None (Open / Rural Area),,WILDFIRE_BIOMASS,0.7186,"Event labeled as WILDFIRE_BIOMASS primarily based on: rural coordinates beyond active industrial buffers; moderate thermal radiative power (30.5 MW); isolated/spontaneous thermal occurrence. (Note: Statistical feature correlation, not verified physical causality)."
1d6d615a49,27.99545,94.19669,AGRICULTURAL_FIRE,MODERATE,7.15,367.0,N21,2026-09-11 12:59:00 IST,2,FAC-005,"Tata Steel Plant, Jamshedpur",industrial,989.833,LOW,LOW,CL-0256,3,1.0,CL-0256 (3 hotspots),0.88,None (Open / Rural Area),,AGRICULTURAL_FIRE,0.902,"Event labeled as AGRICULTURAL_FIRE primarily based on: rural coordinates beyond active industrial buffers; low-intensity thermal signature (7.2 MW); isolated/spontaneous thermal occurrence. (Note: Statistical feature correlation, not verified physical causality)."
1989ec22be,27.99705,94.19421,AGRICULTURAL_FIRE,MODERATE,4.76,334.8,N21,2026-09-11 12:59:00 IST,2,FAC-005,"Tata Steel Plant, Jamshedpur",industrial,989.73,LOW,LOW,CL-0256,3,1.0,CL-0256 (3 hotspots),0.88,None (Open / Rural Area),,AGRICULTURAL_FIRE,1.0,"Event labeled as AGRICULTURAL_FIRE primarily based on: rural coordinates beyond active industrial buffers; low-intensity thermal signature (4.8 MW); isolated/spontaneous thermal occurrence. (Note: Statistical feature correlation, not verified physical causality)."
5460d7eb70,27.99753,94.20003,AGRICULTURAL_FIRE,MODERATE,5.08,331.57,N21,2026-09-11 12:59:00 IST,1,FAC-005,"Tata Steel Plant, Jamshedpur",industrial,990.234,LOW,LOW,CL-0256,3,1.0,CL-0256 (3 hotspots),0.88,None (Open / Rural Area),,AGRICULTURAL_FIRE,0.9943,"Event labeled as AGRICULTURAL_FIRE primarily based on: rural coordinates beyond active industrial buffers; low-intensity thermal signature (5.1 MW); isolated/spontaneous thermal occurrence. (Note: Statistical feature correlation, not verified physical causality)."
07242d7dac,21.09986,72.63593,AGRICULTURAL_FIRE,MODERATE,16.4,367.0,N21,2026-09-11 13:01:00 IST,8,FAC-003,Jamnagar Petrochemical & Flare Complex,industrial,306.753,LOW,LOW,CL-0103,27,1.0,CL-0103 (27 hotspots),0.88,None (Open / Rural Area),,AGRICULTURAL_FIRE,0.9517,"Event labeled as AGRICULTURAL_FIRE primarily based on: rural coordinates beyond active industrial buffers; low-intensity thermal signature (16.4 MW); repeated temporal persistence (8 recorded events). (Note: Statistical feature correlation, not verified physical causality)."
f93a8e01fb,21.10254,72.64712,AGRICULTURAL_FIRE,MODERATE,16.69,332.28,N21,2026-09-11 13:01:00 IST,17,FAC-003,Jamnagar Petrochemical & Flare Complex,industrial,307.606,LOW,LOW,CL-0103,27,1.0,CL-0103 (27 hotspots),0.88,None (Open / Rural Area),,AGRICULTURAL_FIRE,0.9581,"Event labeled as AGRICULTURAL_FIRE primarily based on: rural coordinates beyond active industrial buffers; low-intensity thermal signature (16.7 MW); repeated temporal persistence (17 recorded events). (Note: Statistical feature correlation, not verified physical causality)."
c83fb9b3da,22.35861,82.30355,AGRICULTURAL_FIRE,MODERATE,8.07,339.08,N21,2026-09-11 13:01:00 IST,3,FAC-007,Bhilai Steel Complex,industrial,161.182,LOW,LOW,CL-0114,7,1.0,CL-0114 (7 hotspots),0.88,None (Open / Rural Area),,AGRICULTURAL_FIRE,0.9978,"Event labeled as AGRICULTURAL_FIRE primarily based on: rural coordinates beyond active industrial buffers; low-intensity thermal signature (8.1 MW); repeated temporal persistence (3 recorded events). (Note: Statistical feature correlation, not verified physical causality)."
ed43a6b69d,22.57294,85.89919,AGRICULTURAL_FIRE,MODERATE,6.26,333.56,N21,2026-09-11 13:01:00 IST,1,FAC-005,"Tata Steel Plant, Jamshedpur",industrial,39.06,LOW,LOW,CL-0257,2,1.0,CL-0257 (2 hotspots),0.88,None (Open / Rural Area),,AGRICULTURAL_FIRE,0.9879,"Event labeled as AGRICULTURAL_FIRE primarily based on: rural coordinates beyond active industrial buffers; low-intensity thermal signature (6.3 MW); isolated/spontaneous thermal occurrence. (Note: Statistical feature correlation, not verified physical causality)."
aa267d101f,22.57568,85.89491,AGRICULTURAL_FIRE,MODERATE,2.21,327.48,N21,2026-09-11 13:01:00 IST,1,FAC-005,"Tata Steel Plant, Jamshedpur",industrial,39.192,LOW,LOW,CL-0257,2,1.0,CL-0257 (2 hotspots),0.88,None (Open / Rural Area),,AGRICULTURAL_FIRE,0.9731,"Event labeled as AGRICULTURAL_FIRE primarily based on: rural coordinates beyond active industrial buffers; low-intensity thermal signature (2.2 MW); isolated/spontaneous thermal occurrence. (Note: Statistical feature correlation, not verified physical causality)."
8ee80126fc,23.69744,86.0788,AGRICULTURAL_FIRE,MODERATE,3.98,332.04,N21,2026-09-11 13:01:00 IST,1,FAC-005,"Tata Steel Plant, Jamshedpur",industrial,99.875,LOW,LOW,NOISE,1,1.0,NOISE (1 hotspot),0.88,None (Open / Rural Area),,AGRICULTURAL_FIRE,0.9813,"Event labeled as AGRICULTURAL_FIRE primarily based on: rural coordinates beyond active industrial buffers; low-intensity thermal signature (4.0 MW); isolated/spontaneous thermal occurrence. (Note: Statistical feature correlation, not verified physical causality)."
3a465c0fd0,27.50222,69.06162,AGRICULTURAL_FIRE,MODERATE,11.92,348.59,N21,2026-09-11 13:01:00 IST,1,FAC-003,Jamnagar Petrochemical & Flare Complex,industrial,568.407,LOW,LOW,CL-0258,3,1.0,CL-0258 (3 hotspots),0.88,None (Open / Rural Area),,AGRICULTURAL_FIRE,0.9658,"Event labeled as AGRICULTURAL_FIRE primarily based on: rural coordinates beyond active industrial buffers; low-intensity thermal signature (11.9 MW); isolated/spontaneous thermal occurrence. (Note: Statistical feature correlation, not verified physical causality)."
9cfdca2dd8,27.50323,69.05852,AGRICULTURAL_FIRE,MODERATE,15.12,336.53,N21,2026-09-11 13:01:00 IST,2,FAC-003,Jamnagar Petrochemical & Flare Complex,industrial,568.572,LOW,LOW,CL-0258,3,1.0,CL-0258 (3 hotspots),0.88,None (Open / Rural Area),,AGRICULTURAL_FIRE,0.9807,"Event labeled as AGRICULTURAL_FIRE primarily based on: rural coordinates beyond active industrial buffers; low-intensity thermal signature (15.1 MW); isolated/spontaneous thermal occurrence. (Note: Statistical feature correlation, not verified physical causality)."
0b254ebb7e,27.75157,74.47194,AGRICULTURAL_FIRE,MODERATE,3.31,343.81,N21,2026-09-11 13:01:00 IST,4,FAC-004,Mathura Refinery (IOCL),industrial,318.456,LOW,LOW,CL-0259,4,1.0,CL-0259 (4 hotspots),0.88,None (Open / Rural Area),,AGRICULTURAL_FIRE,0.986,"Event labeled as AGRICULTURAL_FIRE primarily based on: rural coordinates beyond active industrial buffers; low-intensity thermal signature (3.3 MW); repeated temporal persistence (4 recorded events). (Note: Statistical feature correlation, not verified physical causality)."
7be1008ca4,27.75231,74.47518,AGRICULTURAL_FIRE,MODERATE,5.24,336.59,N21,2026-09-11 13:01:00 IST,4,FAC-004,Mathura Refinery (IOCL),industrial,318.14,LOW,LOW,CL-0259,4,1.0,CL-0259 (4 hotspots),0.88,None (Open / Rural Area),,AGRICULTURAL_FIRE,0.9905,"Event labeled as AGRICULTURAL_FIRE primarily based on: rural coordinates beyond active industrial buffers; low-intensity thermal signature (5.2 MW); repeated temporal persistence (4 recorded events). (Note: Statistical feature correlation, not verified physical causality)."
f77ae19d76,27.75248,74.47375,AGRICULTURAL_FIRE,MODERATE,6.72,350.83,N21,2026-09-11 13:01:00 IST,4,FAC-004,Mathura Refinery (IOCL),industrial,318.282,LOW,LOW,CL-0259,4,1.0,CL-0259 (4 hotspots),0.88,None (Open / Rural Area),,AGRICULTURAL_FIRE,0.9599,"Event labeled as AGRICULTURAL_FIRE primarily based on: rural coordinates beyond active industrial buffers; low-intensity thermal signature (6.7 MW); repeated temporal persistence (4 recorded events). (Note: Statistical feature correlation, not verified physical causality)."
6f2b1e2394,27.75653,74.47059,AGRICULTURAL_FIRE,MODERATE,3.31,337.62,N21,2026-09-11 13:01:00 IST,4,FAC-004,Mathura Refinery (IOCL),industrial,318.612,LOW,LOW,CL-0259,4,1.0,CL-0259 (4 hotspots),0.88,None (Open / Rural Area),,AGRICULTURAL_FIRE,0.9905,"Event labeled as AGRICULTURAL_FIRE primarily based on: rural coordinates beyond active industrial buffers; low-intensity thermal signature (3.3 MW); repeated temporal persistence (4 recorded events). (Note: Statistical feature correlation, not verified physical causality)."
e5f3055421,30.62286,73.82132,AGRICULTURAL_FIRE,MODERATE,9.0,336.28,N21,2026-09-11 13:01:00 IST,1,FAC-004,Mathura Refinery (IOCL),industrial,505.277,LOW,LOW,NOISE,1,1.0,NOISE (1 hotspot),0.88,None (Open / Rural Area),,AGRICULTURAL_FIRE,0.9739,"Event labeled as AGRICULTURAL_FIRE primarily based on: rural coordinates beyond active industrial buffers; low-intensity thermal signature (9.0 MW); isolated/spontaneous thermal occurrence. (Note: Statistical feature correlation, not verified physical causality)."
14f7a6e448,30.85914,74.36917,AGRICULTURAL_FIRE,MODERATE,21.78,347.79,N21,2026-09-11 13:01:00 IST,1,FAC-004,Mathura Refinery (IOCL),industrial,485.97,LOW,LOW,NOISE,1,1.0,NOISE (1 hotspot),0.88,None (Open / Rural Area),,AGRICULTURAL_FIRE,0.9658,"Event labeled as AGRICULTURAL_FIRE primarily based on: rural coordinates beyond active industrial buffers; low-intensity thermal signature (21.8 MW); isolated/spontaneous thermal occurrence. (Note: Statistical feature correlation, not verified physical causality)."
6d393d2475,30.98748,74.20461,AGRICULTURAL_FIRE,MODERATE,9.25,340.2,N21,2026-09-11 13:01:00 IST,2,FAC-004,Mathura Refinery (IOCL),industrial,507.102,LOW,LOW,CL-0260,2,1.0,CL-0260 (2 hotspots),0.88,None (Open / Rural Area),,AGRICULTURAL_FIRE,0.9937,"Event labeled as AGRICULTURAL_FIRE primarily based on: rural coordinates beyond active industrial buffers; low-intensity thermal signature (9.2 MW); isolated/spontaneous thermal occurrence. (Note: Statistical feature correlation, not verified physical causality)."
23d547e62d,30.98889,74.20782,AGRICULTURAL_FIRE,MODERATE,14.78,339.84,N21,2026-09-11 13:01:00 IST,2,FAC-004,Mathura Refinery (IOCL),industrial,507.009,LOW,LOW,CL-0260,2,1.0,CL-0260 (2 hotspots),0.88,None (Open / Rural Area),,AGRICULTURAL_FIRE,0.9937,"Event labeled as AGRICULTURAL_FIRE primarily based on: rural coordinates beyond active industrial buffers; low-intensity thermal signature (14.8 MW); isolated/spontaneous thermal occurrence. (Note: Statistical feature correlation, not verified physical causality)."
3634def2a2,31.1145,74.67035,AGRICULTURAL_FIRE,MODERATE,6.49,339.39,N21,2026-09-11 13:01:00 IST,2,FAC-004,Mathura Refinery (IOCL),industrial,489.208,LOW,LOW,CL-0029,3,1.0,CL-0029 (3 hotspots),0.88,None (Open / Rural Area),,AGRICULTURAL_FIRE,0.9937,"Event labeled as AGRICULTURAL_FIRE primarily based on: rural coordinates beyond active industrial buffers; low-intensity thermal signature (6.5 MW); isolated/spontaneous thermal occurrence. (Note: Statistical feature correlation, not verified physical causality)."
c51e301ada,31.11475,74.66734,AGRICULTURAL_FIRE,MODERATE,4.29,339.31,N21,2026-09-11 13:01:00 IST,2,FAC-004,Mathura Refinery (IOCL),industrial,489.405,LOW,LOW,CL-0029,3,1.0,CL-0029 (3 hotspots),0.88,None (Open / Rural Area),,AGRICULTURAL_FIRE,0.9937,"Event labeled as AGRICULTURAL_FIRE primarily based on: rural coordinates beyond active industrial buffers; low-intensity thermal signature (4.3 MW); isolated/spontaneous thermal occurrence. (Note: Statistical feature correlation, not verified physical causality)."
f4efd91c84,31.32291,74.4838,AGRICULTURAL_FIRE,MODERATE,7.71,342.04,N21,2026-09-11 13:01:00 IST,1,FAC-004,Mathura Refinery (IOCL),industrial,518.392,LOW,LOW,NOISE,1,1.0,NOISE (1 hotspot),0.88,None (Open / Rural Area),,AGRICULTURAL_FIRE,0.9825,"Event labeled as AGRICULTURAL_FIRE primarily based on: rural coordinates beyond active industrial buffers; low-intensity thermal signature (7.7 MW); isolated/spontaneous thermal occurrence. (Note: Statistical feature correlation, not verified physical causality)."
bb9a412f74,31.39054,75.07154,AGRICULTURAL_FIRE,MODERATE,4.44,331.47,N21,2026-09-11 13:01:00 IST,1,FAC-004,Mathura Refinery (IOCL),industrial,492.737,LOW,LOW,NOISE,1,1.0,NOISE (1 hotspot),0.88,None (Open / Rural Area),,AGRICULTURAL_FIRE,0.9813,"Event labeled as AGRICULTURAL_FIRE primarily based on: rural coordinates beyond active industrial buffers; low-intensity thermal signature (4.4 MW); isolated/spontaneous thermal occurrence. (Note: Statistical feature correlation, not verified physical causality)."
5dbbe43a5f,31.61656,76.17597,AGRICULTURAL_FIRE,MODERATE,4.46,335.25,N21,2026-09-11 13:01:00 IST,1,FAC-004,Mathura Refinery (IOCL),industrial,470.777,LOW,LOW,CL-0261,2,1.0,CL-0261 (2 hotspots),0.88,None (Open / Rural Area),,AGRICULTURAL_FIRE,0.9879,"Event labeled as AGRICULTURAL_FIRE primarily based on: rural coordinates beyond active industrial buffers; low-intensity thermal signature (4.5 MW); isolated/spontaneous thermal occurrence. (Note: Statistical feature correlation, not verified physical causality)."
b36c122efc,31.61751,76.18054,AGRICULTURAL_FIRE,MODERATE,5.4,331.97,N21,2026-09-11 13:01:00 IST,1,FAC-004,Mathura Refinery (IOCL),industrial,470.739,LOW,LOW,CL-0261,2,1.0,CL-0261 (2 hotspots),0.88,None (Open / Rural Area),,AGRICULTURAL_FIRE,0.9813,"Event labeled as AGRICULTURAL_FIRE primarily based on: rural coordinates beyond active industrial buffers; low-intensity thermal signature (5.4 MW); isolated/spontaneous thermal occurrence. (Note: Statistical feature correlation, not verified physical causality)."
590d4216e5,34.15691,74.18864,AGRICULTURAL_FIRE,MODERATE,5.54,340.37,N21,2026-09-11 13:01:00 IST,1,FAC-004,Mathura Refinery (IOCL),industrial,802.746,LOW,LOW,NOISE,1,1.0,NOISE (1 hotspot),0.88,None (Open / Rural Area),,AGRICULTURAL_FIRE,0.9927,"Event labeled as AGRICULTURAL_FIRE primarily based on: rural coordinates beyond active industrial buffers; low-intensity thermal signature (5.5 MW); isolated/spontaneous thermal occurrence. (Note: Statistical feature correlation, not verified physical causality)."
38b256c643,36.96885,81.35052,AGRICULTURAL_FIRE,MODERATE,6.01,345.07,N21,2026-09-11 13:03:00 IST,1,FAC-004,Mathura Refinery (IOCL),industrial,1097.002,LOW,LOW,NOISE,1,1.0,NOISE (1 hotspot),0.88,None (Open / Rural Area),,AGRICULTURAL_FIRE,0.9882,"Event labeled as AGRICULTURAL_FIRE primarily based on: rural coordinates beyond active industrial buffers; low-intensity thermal signature (6.0 MW); isolated/spontaneous thermal occurrence. (Note: Statistical feature correlation, not verified physical causality)."
4c0cee379d,21.10432,72.6347,AGRICULTURAL_FIRE,MODERATE,9.4,328.58,N21,2026-09-11 14:39:00 IST,8,FAC-003,Jamnagar Petrochemical & Flare Complex,industrial,306.393,LOW,LOW,CL-0103,27,1.0,CL-0103 (27 hotspots),0.88,None (Open / Rural Area),,AGRICULTURAL_FIRE,0.9682,"Event labeled as AGRICULTURAL_FIRE primarily based on: rural coordinates beyond active industrial buffers; low-intensity thermal signature (9.4 MW); repeated temporal persistence (8 recorded events). (Note: Statistical feature correlation, not verified physical causality)."
3edfb78b1e,21.1052,72.64534,AGRICULTURAL_FIRE,MODERATE,9.33,331.35,N21,2026-09-11 14:39:00 IST,17,FAC-003,Jamnagar Petrochemical & Flare Complex,industrial,307.298,LOW,LOW,CL-0103,27,1.0,CL-0103 (27 hotspots),0.88,None (Open / Rural Area),,AGRICULTURAL_FIRE,0.9847,"Event labeled as AGRICULTURAL_FIRE primarily based on: rural coordinates beyond active industrial buffers; low-intensity thermal signature (9.3 MW); repeated temporal persistence (17 recorded events). (Note: Statistical feature correlation, not verified physical causality)."
757b8e5ffc,22.93165,69.69714,AGRICULTURAL_FIRE,MODERATE,4.55,335.59,N21,2026-09-11 14:39:00 IST,3,FAC-003,Jamnagar Petrochemical & Flare Complex,industrial,63.207,LOW,LOW,CL-0105,8,1.0,CL-0105 (8 hotspots),0.88,None (Open / Rural Area),,AGRICULTURAL_FIRE,1.0,"Event labeled as AGRICULTURAL_FIRE primarily based on: rural coordinates beyond active industrial buffers; low-intensity thermal signature (4.5 MW); repeated temporal persistence (3 recorded events). (Note: Statistical feature correlation, not verified physical causality)."
2eef09c369,23.40523,71.8103,AGRICULTURAL_FIRE,MODERATE,7.8,332.64,N21,2026-09-11 14:39:00 IST,1,FAC-003,Jamnagar Petrochemical & Flare Complex,industrial,207.38,LOW,LOW,NOISE,1,1.0,NOISE (1 hotspot),0.88,None (Open / Rural Area),,AGRICULTURAL_FIRE,1.0,"Event labeled as AGRICULTURAL_FIRE primarily based on: rural coordinates beyond active industrial buffers; low-intensity thermal signature (7.8 MW); isolated/spontaneous thermal occurrence. (Note: Statistical feature correlation, not verified physical causality)."
d8f26d0de5,24.35433,69.38046,AGRICULTURAL_FIRE,MODERATE,1.42,331.47,N21,2026-09-11 14:39:00 IST,1,FAC-003,Jamnagar Petrochemical & Flare Complex,industrial,220.555,LOW,LOW,NOISE,1,1.0,NOISE (1 hotspot),0.88,None (Open / Rural Area),,AGRICULTURAL_FIRE,1.0,"Event labeled as AGRICULTURAL_FIRE primarily based on: rural coordinates beyond active industrial buffers; low-intensity thermal signature (1.4 MW); isolated/spontaneous thermal occurrence. (Note: Statistical feature correlation, not verified physical causality)."
8c13958d4b,25.87052,68.93066,AGRICULTURAL_FIRE,MODERATE,4.91,343.6,N21,2026-09-11 14:41:00 IST,1,FAC-003,Jamnagar Petrochemical & Flare Complex,industrial,394.947,LOW,LOW,CL-0215,3,1.0,CL-0215 (3 hotspots),0.88,None (Open / Rural Area),,AGRICULTURAL_FIRE,1.0,"Event labeled as AGRICULTURAL_FIRE primarily based on: rural coordinates beyond active industrial buffers; low-intensity thermal signature (4.9 MW); isolated/spontaneous thermal occurrence. (Note: Statistical feature correlation, not verified physical causality)."
d62733b4d1,25.87083,68.93423,AGRICULTURAL_FIRE,MODERATE,4.91,346.81,N21,2026-09-11 14:41:00 IST,1,FAC-003,Jamnagar Petrochemical & Flare Complex,industrial,394.875,LOW,LOW,CL-0215,3,1.0,CL-0215 (3 hotspots),0.88,None (Open / Rural Area),,AGRICULTURAL_FIRE,1.0,"Event labeled as AGRICULTURAL_FIRE primarily based on: rural coordinates beyond active industrial buffers; low-intensity thermal signature (4.9 MW); isolated/spontaneous thermal occurrence. (Note: Statistical feature correlation, not verified physical causality)."
46c1b7a01a,25.92188,69.27729,AGRICULTURAL_FIRE,MODERATE,3.36,331.42,N21,2026-09-11 14:41:00 IST,1,FAC-003,Jamnagar Petrochemical & Flare Complex,industrial,391.829,LOW,LOW,NOISE,1,1.0,NOISE (1 hotspot),0.88,None (Open / Rural Area),,AGRICULTURAL_FIRE,1.0,"Event labeled as AGRICULTURAL_FIRE primarily based on: rural coordinates beyond active industrial buffers; low-intensity thermal signature (3.4 MW); isolated/spontaneous thermal occurrence. (Note: Statistical feature correlation, not verified physical causality)."
fc1a77449d,27.50557,69.06078,AGRICULTURAL_FIRE,MODERATE,8.64,353.18,N21,2026-09-11 14:41:00 IST,2,FAC-003,Jamnagar Petrochemical & Flare Complex,industrial,568.788,LOW,LOW,CL-0258,3,1.0,CL-0258 (3 hotspots),0.88,None (Open / Rural Area),,AGRICULTURAL_FIRE,0.9917,"Event labeled as AGRICULTURAL_FIRE primarily based on: rural coordinates beyond active industrial buffers; low-intensity thermal signature (8.6 MW); isolated/spontaneous thermal occurrence. (Note: Statistical feature correlation, not verified physical causality)."
83fd86491d,27.63493,68.38425,AGRICULTURAL_FIRE,MODERATE,10.44,352.41,N21,2026-09-11 14:41:00 IST,2,FAC-003,Jamnagar Petrochemical & Flare Complex,industrial,598.442,LOW,LOW,CL-0262,2,1.0,CL-0262 (2 hotspots),0.88,None (Open / Rural Area),,AGRICULTURAL_FIRE,1.0,"Event labeled as AGRICULTURAL_FIRE primarily based on: rural coordinates beyond active industrial buffers; low-intensity thermal signature (10.4 MW); isolated/spontaneous thermal occurrence. (Note: Statistical feature correlation, not verified physical causality)."
0e60e51376,27.63523,68.38776,AGRICULTURAL_FIRE,MODERATE,9.84,367.0,N21,2026-09-11 14:41:00 IST,2,FAC-003,Jamnagar Petrochemical & Flare Complex,industrial,598.374,LOW,LOW,CL-0262,2,1.0,CL-0262 (2 hotspots),0.88,None (Open / Rural Area),,AGRICULTURAL_FIRE,0.9837,"Event labeled as AGRICULTURAL_FIRE primarily based on: rural coordinates beyond active industrial buffers; low-intensity thermal signature (9.8 MW); isolated/spontaneous thermal occurrence. (Note: Statistical feature correlation, not verified physical causality)."
ce9284bfb1,28.05424,69.36775,AGRICULTURAL_FIRE,MODERATE,7.06,336.04,N21,2026-09-11 14:41:00 IST,1,FAC-003,Jamnagar Petrochemical & Flare Complex,industrial,624.722,LOW,LOW,NOISE,1,1.0,NOISE (1 hotspot),0.88,None (Open / Rural Area),,AGRICULTURAL_FIRE,0.9752,"Event labeled as AGRICULTURAL_FIRE primarily based on: rural coordinates beyond active industrial buffers; low-intensity thermal signature (7.1 MW); isolated/spontaneous thermal occurrence. (Note: Statistical feature correlation, not verified physical causality)."
