id,latitude,longitude,frp,brightness_k,satellite,acq_timestamp_ist,persistence_count_30d,nearest_facility,distance_to_facility_km,classification,severity,confidence_score,spatial_cluster_group
81b3d39f8e,22.4707,70.0577,310.0,382.4,VIIRS_NOAA21_NRT,2026-09-12 00:15:00 IST,1,Jamnagar Petrochemical & Flare Complex,0.0,CRITICAL_ACCIDENTAL,CRITICAL,0.98,22.5_70.1
5da9511954,7.71635,81.43434,12.39,347.95,N21,2026-09-07 12:29:00 IST,1,None (Open / Rural Area),,AGRICULTURAL_FIRE,MODERATE,0.88,7.7_81.4
f53b7e01b3,7.71787,81.43332,11.54,346.55,N21,2026-09-07 12:29:00 IST,1,None (Open / Rural Area),,AGRICULTURAL_FIRE,MODERATE,0.88,7.7_81.4
0e5b0ccc07,8.45157,81.10233,18.23,334.76,N21,2026-09-07 12:29:00 IST,1,None (Open / Rural Area),,AGRICULTURAL_FIRE,MODERATE,0.88,8.5_81.1
85b6756342,17.74537,95.31373,3.97,330.41,N21,2026-09-07 12:31:00 IST,1,None (Open / Rural Area),,AGRICULTURAL_FIRE,MODERATE,0.88,17.7_95.3
3da592ea7e,17.80537,95.11832,3.39,333.02,N21,2026-09-07 12:31:00 IST,1,None (Open / Rural Area),,AGRICULTURAL_FIRE,MODERATE,0.88,17.8_95.1
e29c8cf7b3,17.80703,95.13017,2.84,329.43,N21,2026-09-07 12:31:00 IST,2,None (Open / Rural Area),,AGRICULTURAL_FIRE,MODERATE,0.88,17.8_95.1
62720b26a7,17.81047,95.12964,4.45,334.29,N21,2026-09-07 12:31:00 IST,2,None (Open / Rural Area),,AGRICULTURAL_FIRE,MODERATE,0.88,17.8_95.1
90f3abc7f0,19.20172,95.28655,3.19,333.54,N21,2026-09-07 12:31:00 IST,1,None (Open / Rural Area),,AGRICULTURAL_FIRE,MODERATE,0.88,19.2_95.3
68abfb9808,20.14306,94.76436,5.73,339.66,N21,2026-09-07 12:33:00 IST,1,None (Open / Rural Area),,AGRICULTURAL_FIRE,MODERATE,0.88,20.1_94.8
4d21584655,20.79466,85.25549,8.97,338.42,N21,2026-09-07 12:33:00 IST,6,None (Open / Rural Area),,AGRICULTURAL_FIRE,MODERATE,0.88,20.8_85.3
fd0726c6f2,20.86604,84.98908,5.24,335.39,N21,2026-09-07 12:33:00 IST,4,None (Open / Rural Area),,AGRICULTURAL_FIRE,MODERATE,0.88,20.9_85.0
05e222b98d,20.96383,85.18765,7.03,334.17,N21,2026-09-07 12:33:00 IST,7,None (Open / Rural Area),,AGRICULTURAL_FIRE,MODERATE,0.88,21.0_85.2
9c4b31bfe4,20.96481,86.0078,6.79,341.06,N21,2026-09-07 12:33:00 IST,5,None (Open / Rural Area),,AGRICULTURAL_FIRE,MODERATE,0.88,21.0_86.0
ac685be066,21.19355,81.41866,8.94,350.53,N21,2026-09-07 12:33:00 IST,1,Bhilai Steel Complex,4.03,INDUSTRIAL_FLARE,LOW,0.92,21.2_81.4
174c440ebe,22.40652,97.82044,5.28,338.74,N21,2026-09-07 12:33:00 IST,1,None (Open / Rural Area),,AGRICULTURAL_FIRE,MODERATE,0.88,22.4_97.8
bcaa3a1b1c,22.53631,97.09843,3.04,330.8,N21,2026-09-07 12:33:00 IST,1,None (Open / Rural Area),,AGRICULTURAL_FIRE,MODERATE,0.88,22.5_97.1
a34ef45e9a,23.67726,86.39882,9.66,333.07,N21,2026-09-07 12:33:00 IST,1,None (Open / Rural Area),,AGRICULTURAL_FIRE,MODERATE,0.88,23.7_86.4
21349bc073,23.69142,87.12231,6.64,329.5,N21,2026-09-07 12:33:00 IST,1,None (Open / Rural Area),,AGRICULTURAL_FIRE,MODERATE,0.88,23.7_87.1
e408f4fbdc,24.13866,91.3375,5.27,331.17,N21,2026-09-07 12:33:00 IST,2,None (Open / Rural Area),,AGRICULTURAL_FIRE,MODERATE,0.88,24.1_91.3
cbb162e806,24.14194,91.33691,3.94,330.02,N21,2026-09-07 12:33:00 IST,2,None (Open / Rural Area),,AGRICULTURAL_FIRE,MODERATE,0.88,24.1_91.3
e76c328421,24.3796,93.99981,4.59,330.94,N21,2026-09-07 12:33:00 IST,1,None (Open / Rural Area),,AGRICULTURAL_FIRE,MODERATE,0.88,24.4_94.0
cd116fd357,26.20761,91.08835,2.88,332.69,N21,2026-09-07 12:33:00 IST,1,None (Open / Rural Area),,AGRICULTURAL_FIRE,MODERATE,0.88,26.2_91.1
e7fd217b36,27.872,96.92369,4.62,336.21,N21,2026-09-07 12:33:00 IST,1,None (Open / Rural Area),,AGRICULTURAL_FIRE,MODERATE,0.88,27.9_96.9
a1bc88ed36,27.88228,96.89853,4.82,329.41,N21,2026-09-07 12:33:00 IST,1,None (Open / Rural Area),,AGRICULTURAL_FIRE,MODERATE,0.88,27.9_96.9
933173e5b4,28.49942,97.02248,6.6,338.18,N21,2026-09-07 12:35:00 IST,2,None (Open / Rural Area),,AGRICULTURAL_FIRE,MODERATE,0.88,28.5_97.0
d82d3dd955,28.57362,96.95537,6.55,339.19,N21,2026-09-07 12:35:00 IST,2,None (Open / Rural Area),,AGRICULTURAL_FIRE,MODERATE,0.88,28.6_97.0
e17e0f68f0,28.57527,96.95338,7.88,338.4,N21,2026-09-07 12:35:00 IST,2,None (Open / Rural Area),,AGRICULTURAL_FIRE,MODERATE,0.88,28.6_97.0
5f62ced9fd,29.22064,88.95616,3.66,328.82,N21,2026-09-07 12:35:00 IST,1,None (Open / Rural Area),,AGRICULTURAL_FIRE,MODERATE,0.88,29.2_89.0
a7f3b96a8e,29.28599,88.87337,5.11,334.43,N21,2026-09-07 12:35:00 IST,1,None (Open / Rural Area),,AGRICULTURAL_FIRE,MODERATE,0.88,29.3_88.9
0495cf4962,29.30612,88.91412,4.59,328.31,N21,2026-09-07 12:35:00 IST,1,None (Open / Rural Area),,AGRICULTURAL_FIRE,MODERATE,0.88,29.3_88.9
ae0a046c89,29.47698,76.85517,4.49,331.49,N21,2026-09-07 12:35:00 IST,1,None (Open / Rural Area),,AGRICULTURAL_FIRE,MODERATE,0.88,29.5_76.9
33b916b303,29.63436,90.98183,2.61,330.43,N21,2026-09-07 12:35:00 IST,2,None (Open / Rural Area),,AGRICULTURAL_FIRE,MODERATE,0.88,29.6_91.0
c9fa6010f8,29.63493,90.98582,2.61,332.36,N21,2026-09-07 12:35:00 IST,1,None (Open / Rural Area),,AGRICULTURAL_FIRE,MODERATE,0.88,29.6_91.0
14057276b4,29.67288,90.99059,2.67,326.85,N21,2026-09-07 12:35:00 IST,1,None (Open / Rural Area),,AGRICULTURAL_FIRE,MODERATE,0.88,29.7_91.0
d633603476,29.90703,74.94606,3.28,330.21,N21,2026-09-07 12:35:00 IST,1,None (Open / Rural Area),,AGRICULTURAL_FIRE,MODERATE,0.88,29.9_74.9
01001223f9,31.93228,74.72265,7.64,338.69,N21,2026-09-07 12:37:00 IST,1,None (Open / Rural Area),,AGRICULTURAL_FIRE,MODERATE,0.88,31.9_74.7
a26ddb12a7,6.73476,81.39144,16.45,353.32,N21,2026-09-07 14:09:00 IST,3,None (Open / Rural Area),,AGRICULTURAL_FIRE,MODERATE,0.88,6.7_81.4
d95c852c7b,6.73478,81.39301,19.03,367.0,N21,2026-09-07 14:09:00 IST,3,None (Open / Rural Area),,AGRICULTURAL_FIRE,MODERATE,0.88,6.7_81.4
64bdaac3ca,6.75366,81.20236,4.2,330.49,N21,2026-09-07 14:09:00 IST,1,None (Open / Rural Area),,AGRICULTURAL_FIRE,MODERATE,0.88,6.8_81.2
ae66c9fd66,6.75974,81.2015,4.2,330.84,N21,2026-09-07 14:09:00 IST,1,None (Open / Rural Area),,AGRICULTURAL_FIRE,MODERATE,0.88,6.8_81.2
b870e4e297,7.37589,80.88831,5.89,334.25,N21,2026-09-07 14:09:00 IST,1,None (Open / Rural Area),,AGRICULTURAL_FIRE,MODERATE,0.88,7.4_80.9
b06d44f885,7.37715,79.91541,4.74,330.76,N21,2026-09-07 14:09:00 IST,1,None (Open / Rural Area),,AGRICULTURAL_FIRE,MODERATE,0.88,7.4_79.9
a2ffabfd45,7.46185,80.14293,3.7,336.93,N21,2026-09-07 14:09:00 IST,1,None (Open / Rural Area),,AGRICULTURAL_FIRE,MODERATE,0.88,7.5_80.1
e6f07c4fcd,7.6318,80.72602,8.17,348.19,N21,2026-09-07 14:09:00 IST,2,None (Open / Rural Area),,AGRICULTURAL_FIRE,MODERATE,0.88,7.6_80.7
044b6504d7,7.63435,80.72513,8.99,342.5,N21,2026-09-07 14:09:00 IST,2,None (Open / Rural Area),,AGRICULTURAL_FIRE,MODERATE,0.88,7.6_80.7
56b624b021,7.75524,80.25501,11.32,334.7,N21,2026-09-07 14:09:00 IST,3,None (Open / Rural Area),,AGRICULTURAL_FIRE,MODERATE,0.88,7.8_80.3
84d97460a5,7.76045,80.25417,21.54,355.76,N21,2026-09-07 14:09:00 IST,3,None (Open / Rural Area),,AGRICULTURAL_FIRE,MODERATE,0.88,7.8_80.3
a1f4755e58,7.761,80.25828,15.12,344.8,N21,2026-09-07 14:09:00 IST,2,None (Open / Rural Area),,AGRICULTURAL_FIRE,MODERATE,0.88,7.8_80.3
e7ac521eb6,7.76104,80.25418,11.32,355.79,N21,2026-09-07 14:09:00 IST,3,None (Open / Rural Area),,AGRICULTURAL_FIRE,MODERATE,0.88,7.8_80.3
f5c2763cd5,7.76156,80.25831,14.5,339.45,N21,2026-09-07 14:09:00 IST,2,None (Open / Rural Area),,AGRICULTURAL_FIRE,MODERATE,0.88,7.8_80.3
9cf797e57d,7.76437,80.60036,4.86,338.62,N21,2026-09-07 14:09:00 IST,1,None (Open / Rural Area),,AGRICULTURAL_FIRE,MODERATE,0.88,7.8_80.6
135bcd212f,7.82684,80.21555,7.4,349.17,N21,2026-09-07 14:09:00 IST,1,None (Open / Rural Area),,AGRICULTURAL_FIRE,MODERATE,0.88,7.8_80.2
85ee789d2b,7.89247,80.62505,7.46,330.12,N21,2026-09-07 14:09:00 IST,2,None (Open / Rural Area),,AGRICULTURAL_FIRE,MODERATE,0.88,7.9_80.6
6702fc13a0,7.89304,80.62943,4.82,330.84,N21,2026-09-07 14:09:00 IST,2,None (Open / Rural Area),,AGRICULTURAL_FIRE,MODERATE,0.88,7.9_80.6
2aef366855,7.94795,80.60533,5.93,340.82,N21,2026-09-07 14:09:00 IST,1,None (Open / Rural Area),,AGRICULTURAL_FIRE,MODERATE,0.88,7.9_80.6
f30c5332bc,7.9589,80.00954,15.19,367.0,N21,2026-09-07 14:09:00 IST,3,None (Open / Rural Area),,AGRICULTURAL_FIRE,MODERATE,0.88,8.0_80.0
cef8524e06,7.96113,80.01129,12.21,347.48,N21,2026-09-07 14:09:00 IST,3,None (Open / Rural Area),,AGRICULTURAL_FIRE,MODERATE,0.88,8.0_80.0
8e98c91d93,8.03589,80.41181,5.08,333.76,N21,2026-09-07 14:09:00 IST,1,None (Open / Rural Area),,AGRICULTURAL_FIRE,MODERATE,0.88,8.0_80.4
ba3af2111c,8.05743,80.43962,4.65,333.55,N21,2026-09-07 14:09:00 IST,1,None (Open / Rural Area),,AGRICULTURAL_FIRE,MODERATE,0.88,8.1_80.4
764ac0cb44,8.06101,80.65621,3.92,335.68,N21,2026-09-07 14:09:00 IST,2,None (Open / Rural Area),,AGRICULTURAL_FIRE,MODERATE,0.88,8.1_80.7
8a10d8c57f,8.06699,80.65543,76.05,367.0,N21,2026-09-07 14:09:00 IST,1,None (Open / Rural Area),,WILDFIRE_BIOMASS,HIGH,0.85,8.1_80.7
8a34c448cb,8.38848,80.20661,8.29,342.01,N21,2026-09-07 14:09:00 IST,2,None (Open / Rural Area),,AGRICULTURAL_FIRE,MODERATE,0.88,8.4_80.2
840938a46b,8.38858,80.20611,8.68,342.0,N21,2026-09-07 14:09:00 IST,2,None (Open / Rural Area),,AGRICULTURAL_FIRE,MODERATE,0.88,8.4_80.2
0298176063,8.50771,80.77534,6.28,335.8,N21,2026-09-07 14:09:00 IST,1,None (Open / Rural Area),,AGRICULTURAL_FIRE,MODERATE,0.88,8.5_80.8
6a2248a471,8.5905,80.34922,4.44,334.9,N21,2026-09-07 14:09:00 IST,1,None (Open / Rural Area),,AGRICULTURAL_FIRE,MODERATE,0.88,8.6_80.3
4ad154bc44,8.6313,80.62067,8.42,345.94,N21,2026-09-07 14:09:00 IST,1,None (Open / Rural Area),,AGRICULTURAL_FIRE,MODERATE,0.88,8.6_80.6
b6c5f5981b,8.7952,80.82851,13.83,334.49,N21,2026-09-07 14:09:00 IST,2,None (Open / Rural Area),,AGRICULTURAL_FIRE,MODERATE,0.88,8.8_80.8
207d7a8508,8.7958,80.83318,17.06,349.96,N21,2026-09-07 14:09:00 IST,2,None (Open / Rural Area),,AGRICULTURAL_FIRE,MODERATE,0.88,8.8_80.8
c48ab4fcbf,8.86686,78.08612,2.78,333.88,N21,2026-09-07 14:09:00 IST,2,None (Open / Rural Area),,AGRICULTURAL_FIRE,MODERATE,0.88,8.9_78.1
8bd2c56a9c,8.90995,77.51759,4.66,330.26,N21,2026-09-07 14:09:00 IST,2,None (Open / Rural Area),,AGRICULTURAL_FIRE,MODERATE,0.88,8.9_77.5
a5e1921fad,8.91237,77.5182,3.2,332.13,N21,2026-09-07 14:09:00 IST,2,None (Open / Rural Area),,AGRICULTURAL_FIRE,MODERATE,0.88,8.9_77.5
02a1590643,9.01174,77.45811,4.68,338.72,N21,2026-09-07 14:09:00 IST,1,None (Open / Rural Area),,AGRICULTURAL_FIRE,MODERATE,0.88,9.0_77.5
6550de0a55,9.08718,77.47947,3.5,331.36,N21,2026-09-07 14:11:00 IST,1,None (Open / Rural Area),,AGRICULTURAL_FIRE,MODERATE,0.88,9.1_77.5
8709486faf,9.20163,78.26099,1.0,330.33,N21,2026-09-07 14:11:00 IST,1,None (Open / Rural Area),,AGRICULTURAL_FIRE,MODERATE,0.88,9.2_78.3
56e8769a3a,9.27757,77.48306,3.24,332.05,N21,2026-09-07 14:11:00 IST,1,None (Open / Rural Area),,AGRICULTURAL_FIRE,MODERATE,0.88,9.3_77.5
161122b2e7,10.52722,76.9183,7.44,336.19,N21,2026-09-07 14:11:00 IST,1,None (Open / Rural Area),,AGRICULTURAL_FIRE,MODERATE,0.88,10.5_76.9
8ec98912b1,11.4255,79.19963,7.34,351.07,N21,2026-09-07 14:11:00 IST,1,None (Open / Rural Area),,AGRICULTURAL_FIRE,MODERATE,0.88,11.4_79.2
0d708d264e,12.19458,76.79126,14.03,340.22,N21,2026-09-07 14:11:00 IST,1,None (Open / Rural Area),,AGRICULTURAL_FIRE,MODERATE,0.88,12.2_76.8
ba61b72032,12.62642,79.35217,11.39,343.14,N21,2026-09-07 14:11:00 IST,2,None (Open / Rural Area),,AGRICULTURAL_FIRE,MODERATE,0.88,12.6_79.4
b93232e6d5,12.62691,79.35641,12.36,343.88,N21,2026-09-07 14:11:00 IST,2,None (Open / Rural Area),,AGRICULTURAL_FIRE,MODERATE,0.88,12.6_79.4
a00eabf47d,13.30328,77.49928,3.78,330.44,N21,2026-09-07 14:11:00 IST,1,None (Open / Rural Area),,AGRICULTURAL_FIRE,MODERATE,0.88,13.3_77.5
fb3554780c,13.39125,78.55362,4.87,342.85,N21,2026-09-07 14:11:00 IST,1,None (Open / Rural Area),,AGRICULTURAL_FIRE,MODERATE,0.88,13.4_78.6
6b97571692,13.61422,76.79543,2.84,335.54,N21,2026-09-07 14:11:00 IST,1,None (Open / Rural Area),,AGRICULTURAL_FIRE,MODERATE,0.88,13.6_76.8
2c5017fa77,13.82308,77.46265,3.01,337.35,N21,2026-09-07 14:11:00 IST,2,None (Open / Rural Area),,AGRICULTURAL_FIRE,MODERATE,0.88,13.8_77.5
8604edd8e8,13.82392,77.46268,3.11,339.89,N21,2026-09-07 14:11:00 IST,2,None (Open / Rural Area),,AGRICULTURAL_FIRE,MODERATE,0.88,13.8_77.5
7adc3c0b45,13.86369,79.33259,5.38,336.09,N21,2026-09-07 14:11:00 IST,1,None (Open / Rural Area),,AGRICULTURAL_FIRE,MODERATE,0.88,13.9_79.3
fb4d0584c8,14.00484,78.13704,3.08,332.62,N21,2026-09-07 14:11:00 IST,2,None (Open / Rural Area),,AGRICULTURAL_FIRE,MODERATE,0.88,14.0_78.1
e56a49670b,14.00567,78.1367,3.4,332.7,N21,2026-09-07 14:11:00 IST,2,None (Open / Rural Area),,AGRICULTURAL_FIRE,MODERATE,0.88,14.0_78.1
840b336515,14.09951,77.17999,2.63,334.11,N21,2026-09-07 14:11:00 IST,1,None (Open / Rural Area),,AGRICULTURAL_FIRE,MODERATE,0.88,14.1_77.2
6e2ee13291,14.14242,76.60857,3.5,334.84,N21,2026-09-07 14:11:00 IST,1,None (Open / Rural Area),,AGRICULTURAL_FIRE,MODERATE,0.88,14.1_76.6
dcfbc70812,14.23907,76.68808,2.67,334.02,N21,2026-09-07 14:11:00 IST,1,None (Open / Rural Area),,AGRICULTURAL_FIRE,MODERATE,0.88,14.2_76.7
dc77db89fb,14.49482,76.82112,2.52,337.0,N21,2026-09-07 14:11:00 IST,1,None (Open / Rural Area),,AGRICULTURAL_FIRE,MODERATE,0.88,14.5_76.8
5a6dcf06e3,14.58273,79.70184,4.41,349.83,N21,2026-09-07 14:11:00 IST,1,None (Open / Rural Area),,AGRICULTURAL_FIRE,MODERATE,0.88,14.6_79.7
15cca13159,14.82235,76.79653,4.65,342.41,N21,2026-09-07 14:11:00 IST,2,None (Open / Rural Area),,AGRICULTURAL_FIRE,MODERATE,0.88,14.8_76.8
51ee0c4835,14.82348,76.79816,4.78,340.39,N21,2026-09-07 14:11:00 IST,2,None (Open / Rural Area),,AGRICULTURAL_FIRE,MODERATE,0.88,14.8_76.8
3010a56c4a,14.88572,79.6793,7.13,340.72,N21,2026-09-07 14:11:00 IST,1,None (Open / Rural Area),,AGRICULTURAL_FIRE,MODERATE,0.88,14.9_79.7
bf9b7c1a1d,15.40742,79.91134,7.07,347.9,N21,2026-09-07 14:11:00 IST,1,None (Open / Rural Area),,AGRICULTURAL_FIRE,MODERATE,0.88,15.4_79.9
455dff8ef6,16.01439,78.2641,4.22,337.66,N21,2026-09-07 14:13:00 IST,1,None (Open / Rural Area),,AGRICULTURAL_FIRE,MODERATE,0.88,16.0_78.3
b6c2893007,23.22736,69.83858,4.47,335.03,N21,2026-09-07 14:15:00 IST,2,None (Open / Rural Area),,AGRICULTURAL_FIRE,MODERATE,0.88,23.2_69.8
1df74bf113,25.34143,68.63101,1.73,330.58,N21,2026-09-07 14:15:00 IST,1,None (Open / Rural Area),,AGRICULTURAL_FIRE,MODERATE,0.88,25.3_68.6
317cbe6f1f,25.63929,69.00839,4.03,339.4,N21,2026-09-07 14:15:00 IST,1,None (Open / Rural Area),,AGRICULTURAL_FIRE,MODERATE,0.88,25.6_69.0
b7b6857362,25.98134,69.03048,2.3,330.38,N21,2026-09-07 14:15:00 IST,1,None (Open / Rural Area),,AGRICULTURAL_FIRE,MODERATE,0.88,26.0_69.0
06d334b9c0,26.10309,69.05104,4.2,334.92,N21,2026-09-07 14:15:00 IST,1,None (Open / Rural Area),,AGRICULTURAL_FIRE,MODERATE,0.88,26.1_69.1
75d8a088f9,31.12267,74.66468,5.3,341.94,N21,2026-09-07 14:18:00 IST,1,None (Open / Rural Area),,AGRICULTURAL_FIRE,MODERATE,0.88,31.1_74.7
8933c04932,31.25978,74.14223,4.68,338.15,N21,2026-09-07 14:18:00 IST,1,None (Open / Rural Area),,AGRICULTURAL_FIRE,MODERATE,0.88,31.3_74.1
17a41e40c2,32.06182,69.6449,7.08,344.4,N21,2026-09-07 14:18:00 IST,1,None (Open / Rural Area),,AGRICULTURAL_FIRE,MODERATE,0.88,32.1_69.6
9ee8b57891,32.58258,74.33222,3.35,336.41,N21,2026-09-07 14:18:00 IST,2,None (Open / Rural Area),,AGRICULTURAL_FIRE,MODERATE,0.88,32.6_74.3
24f5101901,32.58622,74.33195,3.35,331.64,N21,2026-09-07 14:18:00 IST,2,None (Open / Rural Area),,AGRICULTURAL_FIRE,MODERATE,0.88,32.6_74.3
7ee9a06aba,27.31742,95.26527,2.94,318.26,N21,2026-09-08 01:00:00 IST,1,None (Open / Rural Area),,AGRICULTURAL_FIRE,MODERATE,0.88,27.3_95.3
f40cfca178,27.32616,95.27573,1.99,307.73,N21,2026-09-08 01:00:00 IST,2,None (Open / Rural Area),,AGRICULTURAL_FIRE,MODERATE,0.88,27.3_95.3
137358c540,27.37592,95.33641,2.64,312.16,N21,2026-09-08 01:00:00 IST,1,None (Open / Rural Area),,AGRICULTURAL_FIRE,MODERATE,0.88,27.4_95.3
100e214142,27.37664,95.33227,2.69,317.79,N21,2026-09-08 01:00:00 IST,1,None (Open / Rural Area),,AGRICULTURAL_FIRE,MODERATE,0.88,27.4_95.3
4324b88a8e,29.22552,88.3506,1.09,295.45,N21,2026-09-08 01:00:00 IST,1,None (Open / Rural Area),,AGRICULTURAL_FIRE,MODERATE,0.88,29.2_88.4
ef21a97204,29.65943,90.90099,1.19,301.3,N21,2026-09-08 01:00:00 IST,2,None (Open / Rural Area),,AGRICULTURAL_FIRE,MODERATE,0.88,29.7_90.9
8ac5c2455f,29.66233,90.90582,1.26,302.66,N21,2026-09-08 01:00:00 IST,2,None (Open / Rural Area),,AGRICULTURAL_FIRE,MODERATE,0.88,29.7_90.9
f95916d611,20.75782,85.29731,1.97,305.4,N21,2026-09-08 01:02:00 IST,2,None (Open / Rural Area),,AGRICULTURAL_FIRE,MODERATE,0.88,20.8_85.3
10dc2addac,20.75834,85.29301,3.7,308.63,N21,2026-09-08 01:02:00 IST,2,None (Open / Rural Area),,AGRICULTURAL_FIRE,MODERATE,0.88,20.8_85.3
954219cd69,20.76207,85.29778,1.97,305.05,N21,2026-09-08 01:02:00 IST,1,None (Open / Rural Area),,AGRICULTURAL_FIRE,MODERATE,0.88,20.8_85.3
d0e6a87b95,20.78339,85.26167,4.05,309.48,N21,2026-09-08 01:02:00 IST,6,None (Open / Rural Area),,AGRICULTURAL_FIRE,MODERATE,0.88,20.8_85.3
685af46cbb,20.7837,85.26202,3.75,313.38,N21,2026-09-08 01:02:00 IST,6,None (Open / Rural Area),,AGRICULTURAL_FIRE,MODERATE,0.88,20.8_85.3
bd8cc2e5f0,20.79287,85.25444,9.84,338.42,N21,2026-09-08 01:02:00 IST,6,None (Open / Rural Area),,AGRICULTURAL_FIRE,MODERATE,0.88,20.8_85.3
0f428487ed,20.79323,85.25481,8.31,337.99,N21,2026-09-08 01:02:00 IST,6,None (Open / Rural Area),,AGRICULTURAL_FIRE,MODERATE,0.88,20.8_85.3
424b8bdc10,20.80563,85.25608,5.55,322.07,N21,2026-09-08 01:02:00 IST,3,None (Open / Rural Area),,AGRICULTURAL_FIRE,MODERATE,0.88,20.8_85.3
b600e80ea7,20.8626,84.99263,2.96,307.0,N21,2026-09-08 01:02:00 IST,4,None (Open / Rural Area),,AGRICULTURAL_FIRE,MODERATE,0.88,20.9_85.0
76b5377eed,20.86311,84.9883,2.96,335.65,N21,2026-09-08 01:02:00 IST,4,None (Open / Rural Area),,AGRICULTURAL_FIRE,MODERATE,0.88,20.9_85.0
2d41a7988b,20.86642,84.99756,2.84,306.39,N21,2026-09-08 01:02:00 IST,2,None (Open / Rural Area),,AGRICULTURAL_FIRE,MODERATE,0.88,20.9_85.0
4565780852,20.87075,84.99813,2.84,317.91,N21,2026-09-08 01:02:00 IST,2,None (Open / Rural Area),,AGRICULTURAL_FIRE,MODERATE,0.88,20.9_85.0
f9df20db85,20.87126,84.9938,7.29,335.78,N21,2026-09-08 01:02:00 IST,4,None (Open / Rural Area),,AGRICULTURAL_FIRE,MODERATE,0.88,20.9_85.0
4143dfdb14,20.88581,84.98227,2.76,316.6,N21,2026-09-08 01:02:00 IST,1,None (Open / Rural Area),,AGRICULTURAL_FIRE,MODERATE,0.88,20.9_85.0
b398cc5f06,20.89015,84.9828,2.76,323.51,N21,2026-09-08 01:02:00 IST,1,None (Open / Rural Area),,AGRICULTURAL_FIRE,MODERATE,0.88,20.9_85.0
8a619f1540,20.95461,85.01144,3.0,309.47,N21,2026-09-08 01:02:00 IST,1,None (Open / Rural Area),,AGRICULTURAL_FIRE,MODERATE,0.88,21.0_85.0
481f3245c3,20.96004,85.18867,1.83,306.86,N21,2026-09-08 01:02:00 IST,3,None (Open / Rural Area),,AGRICULTURAL_FIRE,MODERATE,0.88,21.0_85.2
715b7ee2b6,20.96054,85.18441,1.83,308.3,N21,2026-09-08 01:02:00 IST,3,None (Open / Rural Area),,AGRICULTURAL_FIRE,MODERATE,0.88,21.0_85.2
817b4ca712,20.96156,85.17583,5.26,311.0,N21,2026-09-08 01:02:00 IST,4,None (Open / Rural Area),,AGRICULTURAL_FIRE,MODERATE,0.88,21.0_85.2
f35925fda8,20.96207,85.17151,2.02,313.81,N21,2026-09-08 01:02:00 IST,4,None (Open / Rural Area),,AGRICULTURAL_FIRE,MODERATE,0.88,21.0_85.2
c5653d58bc,20.96258,85.16721,2.02,310.18,N21,2026-09-08 01:02:00 IST,18,None (Open / Rural Area),,AGRICULTURAL_FIRE,MODERATE,0.88,21.0_85.2
3081d21b38,20.9631,85.16286,3.84,313.34,N21,2026-09-08 01:02:00 IST,18,None (Open / Rural Area),,AGRICULTURAL_FIRE,MODERATE,0.88,21.0_85.2
b5e3bb33ea,20.96432,85.18922,1.83,317.49,N21,2026-09-08 01:02:00 IST,7,None (Open / Rural Area),,AGRICULTURAL_FIRE,MODERATE,0.88,21.0_85.2
1452985492,20.96482,85.18497,1.83,310.34,N21,2026-09-08 01:02:00 IST,7,None (Open / Rural Area),,AGRICULTURAL_FIRE,MODERATE,0.88,21.0_85.2
148b4214b3,20.96636,85.17205,2.02,306.14,N21,2026-09-08 01:02:00 IST,18,None (Open / Rural Area),,AGRICULTURAL_FIRE,MODERATE,0.88,21.0_85.2
9071db6e92,20.96688,85.16772,2.02,312.46,N21,2026-09-08 01:02:00 IST,18,None (Open / Rural Area),,AGRICULTURAL_FIRE,MODERATE,0.88,21.0_85.2
8c18a07e22,20.96842,85.15473,4.81,322.83,N21,2026-09-08 01:02:00 IST,4,None (Open / Rural Area),,AGRICULTURAL_FIRE,MODERATE,0.88,21.0_85.2
88903ec514,20.97013,85.17691,6.27,330.66,N21,2026-09-08 01:02:00 IST,18,None (Open / Rural Area),,AGRICULTURAL_FIRE,MODERATE,0.88,21.0_85.2
1d4be4606c,20.97494,85.17311,3.35,312.08,N21,2026-09-08 01:02:00 IST,18,None (Open / Rural Area),,AGRICULTURAL_FIRE,MODERATE,0.88,21.0_85.2
827f35e68c,20.97546,85.16879,3.35,311.99,N21,2026-09-08 01:02:00 IST,18,None (Open / Rural Area),,AGRICULTURAL_FIRE,MODERATE,0.88,21.0_85.2
a3eaafafc2,21.07166,85.04259,3.2,306.27,N21,2026-09-08 01:02:00 IST,3,None (Open / Rural Area),,AGRICULTURAL_FIRE,MODERATE,0.88,21.1_85.0
6e7e2ef0a9,21.07547,85.04758,3.25,305.71,N21,2026-09-08 01:02:00 IST,3,None (Open / Rural Area),,AGRICULTURAL_FIRE,MODERATE,0.88,21.1_85.0
c01264a1aa,21.07599,85.04311,2.87,308.78,N21,2026-09-08 01:02:00 IST,3,None (Open / Rural Area),,AGRICULTURAL_FIRE,MODERATE,0.88,21.1_85.0
6a40cf267e,21.07651,85.03867,2.87,315.46,N21,2026-09-08 01:02:00 IST,2,None (Open / Rural Area),,AGRICULTURAL_FIRE,MODERATE,0.88,21.1_85.0
2b993d9b87,21.08136,85.03483,4.23,307.16,N21,2026-09-08 01:02:00 IST,2,None (Open / Rural Area),,AGRICULTURAL_FIRE,MODERATE,0.88,21.1_85.0
bd528a6024,21.18266,81.38652,1.84,300.42,N21,2026-09-08 01:02:00 IST,4,Bhilai Steel Complex,1.06,INDUSTRIAL_FLARE,LOW,0.92,21.2_81.4
50a1c392a6,21.18779,81.39091,0.92,297.45,N21,2026-09-08 01:02:00 IST,1,Bhilai Steel Complex,1.16,INDUSTRIAL_FLARE,LOW,0.92,21.2_81.4
43b04a802b,21.3091,81.59063,1.06,298.73,N21,2026-09-08 01:02:00 IST,2,None (Open / Rural Area),,AGRICULTURAL_FIRE,MODERATE,0.88,21.3_81.6
54eab7a921,21.33561,78.96673,2.93,307.5,N21,2026-09-08 01:02:00 IST,1,None (Open / Rural Area),,AGRICULTURAL_FIRE,MODERATE,0.88,21.3_79.0
a53655cc8b,21.33755,78.9687,2.75,313.83,N21,2026-09-08 01:02:00 IST,2,None (Open / Rural Area),,AGRICULTURAL_FIRE,MODERATE,0.88,21.3_79.0
0f0ee3a233,21.36597,81.68304,0.47,297.76,N21,2026-09-08 01:02:00 IST,1,None (Open / Rural Area),,AGRICULTURAL_FIRE,MODERATE,0.88,21.4_81.7
379821a8c9,21.37718,81.68044,1.63,307.24,N21,2026-09-08 01:02:00 IST,3,None (Open / Rural Area),,AGRICULTURAL_FIRE,MODERATE,0.88,21.4_81.7
9b68e5bd3d,21.37957,81.68008,0.25,298.36,N21,2026-09-08 01:02:00 IST,3,None (Open / Rural Area),,AGRICULTURAL_FIRE,MODERATE,0.88,21.4_81.7
9941b5c138,21.38556,81.65132,2.01,302.29,N21,2026-09-08 01:02:00 IST,2,None (Open / Rural Area),,AGRICULTURAL_FIRE,MODERATE,0.88,21.4_81.7
4b2e0f49cb,21.4856,81.76935,1.18,308.9,N21,2026-09-08 01:02:00 IST,2,None (Open / Rural Area),,AGRICULTURAL_FIRE,MODERATE,0.88,21.5_81.8
291205d009,21.48848,81.76777,0.95,307.39,N21,2026-09-08 01:02:00 IST,1,None (Open / Rural Area),,AGRICULTURAL_FIRE,MODERATE,0.88,21.5_81.8
573f532a83,21.61971,81.79224,1.01,305.05,N21,2026-09-08 01:02:00 IST,1,None (Open / Rural Area),,AGRICULTURAL_FIRE,MODERATE,0.88,21.6_81.8
99dff57bba,21.67357,84.0414,2.61,304.03,N21,2026-09-08 01:02:00 IST,2,None (Open / Rural Area),,AGRICULTURAL_FIRE,MODERATE,0.88,21.7_84.0
ef934700fb,21.67879,84.03669,3.53,312.44,N21,2026-09-08 01:02:00 IST,1,None (Open / Rural Area),,AGRICULTURAL_FIRE,MODERATE,0.88,21.7_84.0
5d91939a59,21.67999,84.04037,3.42,309.32,N21,2026-09-08 01:02:00 IST,2,None (Open / Rural Area),,AGRICULTURAL_FIRE,MODERATE,0.88,21.7_84.0
024f971c0a,21.7425,83.84057,2.97,307.16,N21,2026-09-08 01:02:00 IST,5,None (Open / Rural Area),,AGRICULTURAL_FIRE,MODERATE,0.88,21.7_83.8
769853d3fc,21.74723,83.84109,4.12,318.11,N21,2026-09-08 01:02:00 IST,5,None (Open / Rural Area),,AGRICULTURAL_FIRE,MODERATE,0.88,21.7_83.8
afb6ab2262,21.75669,83.84213,2.66,308.73,N21,2026-09-08 01:02:00 IST,5,None (Open / Rural Area),,AGRICULTURAL_FIRE,MODERATE,0.88,21.8_83.8
f8fb4eff93,21.76084,83.84806,2.66,311.27,N21,2026-09-08 01:02:00 IST,1,None (Open / Rural Area),,AGRICULTURAL_FIRE,MODERATE,0.88,21.8_83.8
967d469d5d,21.79066,80.01683,2.2,306.09,N21,2026-09-08 01:02:00 IST,1,None (Open / Rural Area),,AGRICULTURAL_FIRE,MODERATE,0.88,21.8_80.0
33219734f0,21.79503,83.8849,2.26,305.3,N21,2026-09-08 01:02:00 IST,1,None (Open / Rural Area),,AGRICULTURAL_FIRE,MODERATE,0.88,21.8_83.9
2c5de85bb8,21.80345,82.03878,1.11,307.21,N21,2026-09-08 01:02:00 IST,1,None (Open / Rural Area),,AGRICULTURAL_FIRE,MODERATE,0.88,21.8_82.0
e5c1101d88,21.87658,83.49339,1.94,302.13,N21,2026-09-08 01:02:00 IST,1,None (Open / Rural Area),,AGRICULTURAL_FIRE,MODERATE,0.88,21.9_83.5
e3ef6c1ba2,21.92088,83.35279,2.88,313.94,N21,2026-09-08 01:02:00 IST,1,None (Open / Rural Area),,AGRICULTURAL_FIRE,MODERATE,0.88,21.9_83.4
29de889f35,21.92149,83.34697,2.88,307.16,N21,2026-09-08 01:02:00 IST,1,None (Open / Rural Area),,AGRICULTURAL_FIRE,MODERATE,0.88,21.9_83.3
5c8fe7bdd2,21.927,83.34171,3.11,305.73,N21,2026-09-08 01:02:00 IST,1,None (Open / Rural Area),,AGRICULTURAL_FIRE,MODERATE,0.88,21.9_83.3
7dbfc5552d,21.98534,83.23161,2.16,307.36,N21,2026-09-08 01:02:00 IST,1,None (Open / Rural Area),,AGRICULTURAL_FIRE,MODERATE,0.88,22.0_83.2
bc48fad9a9,21.98602,82.01473,0.39,300.81,N21,2026-09-08 01:02:00 IST,2,None (Open / Rural Area),,AGRICULTURAL_FIRE,MODERATE,0.88,22.0_82.0
7b7067367c,21.98742,82.01503,0.5,300.91,N21,2026-09-08 01:02:00 IST,2,None (Open / Rural Area),,AGRICULTURAL_FIRE,MODERATE,0.88,22.0_82.0
8bb750f204,22.00196,82.66714,1.1,307.97,N21,2026-09-08 01:02:00 IST,2,None (Open / Rural Area),,AGRICULTURAL_FIRE,MODERATE,0.88,22.0_82.7
de95211303,22.00673,82.67106,0.7,305.67,N21,2026-09-08 01:02:00 IST,2,None (Open / Rural Area),,AGRICULTURAL_FIRE,MODERATE,0.88,22.0_82.7
b5f9afaea3,22.02972,83.7425,1.37,303.55,N21,2026-09-08 01:02:00 IST,2,None (Open / Rural Area),,AGRICULTURAL_FIRE,MODERATE,0.88,22.0_83.7
305003cdfb,22.0376,83.35199,2.77,309.7,N21,2026-09-08 01:02:00 IST,1,None (Open / Rural Area),,AGRICULTURAL_FIRE,MODERATE,0.88,22.0_83.4
296aee216c,22.0399,83.73799,1.17,300.44,N21,2026-09-08 01:02:00 IST,2,None (Open / Rural Area),,AGRICULTURAL_FIRE,MODERATE,0.88,22.0_83.7
30299dcf6f,22.04051,83.73247,1.04,300.04,N21,2026-09-08 01:02:00 IST,2,None (Open / Rural Area),,AGRICULTURAL_FIRE,MODERATE,0.88,22.0_83.7
c0929e05ed,22.04097,83.73392,1.43,298.73,N21,2026-09-08 01:02:00 IST,2,None (Open / Rural Area),,AGRICULTURAL_FIRE,MODERATE,0.88,22.0_83.7
dc04872bfc,22.21465,84.8704,1.4,306.05,N21,2026-09-08 01:02:00 IST,4,None (Open / Rural Area),,AGRICULTURAL_FIRE,MODERATE,0.88,22.2_84.9
5beca7886f,22.2152,84.86568,1.4,306.23,N21,2026-09-08 01:02:00 IST,4,None (Open / Rural Area),,AGRICULTURAL_FIRE,MODERATE,0.88,22.2_84.9
3b7720fc75,22.31631,82.5633,2.74,306.76,N21,2026-09-08 01:02:00 IST,1,None (Open / Rural Area),,AGRICULTURAL_FIRE,MODERATE,0.88,22.3_82.6
3a01c5f3d0,22.32403,82.59084,1.02,308.07,N21,2026-09-08 01:02:00 IST,1,None (Open / Rural Area),,AGRICULTURAL_FIRE,MODERATE,0.88,22.3_82.6
7c906cfdf7,22.32787,82.60461,0.79,300.55,N21,2026-09-08 01:02:00 IST,2,None (Open / Rural Area),,AGRICULTURAL_FIRE,MODERATE,0.88,22.3_82.6
4787cc41fd,22.33269,82.60851,1.24,308.18,N21,2026-09-08 01:02:00 IST,2,None (Open / Rural Area),,AGRICULTURAL_FIRE,MODERATE,0.88,22.3_82.6
4f8f813656,22.37626,87.27948,1.87,299.37,N21,2026-09-08 01:02:00 IST,2,None (Open / Rural Area),,AGRICULTURAL_FIRE,MODERATE,0.88,22.4_87.3
675a7889c9,22.47836,90.71011,0.51,307.5,N21,2026-09-08 01:02:00 IST,1,None (Open / Rural Area),,AGRICULTURAL_FIRE,MODERATE,0.88,22.5_90.7
9ad27a41a3,22.86449,89.53908,0.54,305.48,N21,2026-09-08 01:02:00 IST,1,None (Open / Rural Area),,AGRICULTURAL_FIRE,MODERATE,0.88,22.9_89.5
7de4df7a5d,23.55897,87.2391,2.65,312.39,N21,2026-09-08 01:02:00 IST,4,None (Open / Rural Area),,AGRICULTURAL_FIRE,MODERATE,0.88,23.6_87.2
60bcbce411,23.55958,87.24075,3.11,311.99,N21,2026-09-08 01:02:00 IST,4,None (Open / Rural Area),,AGRICULTURAL_FIRE,MODERATE,0.88,23.6_87.2
b307ed5aaa,23.68455,86.3901,3.58,300.9,N21,2026-09-08 01:02:00 IST,1,None (Open / Rural Area),,AGRICULTURAL_FIRE,MODERATE,0.88,23.7_86.4
e25f943c32,23.70043,90.53055,2.16,309.5,N21,2026-09-08 01:02:00 IST,1,None (Open / Rural Area),,AGRICULTURAL_FIRE,MODERATE,0.88,23.7_90.5
8d271952a4,23.75419,85.85508,1.94,306.85,N21,2026-09-08 01:02:00 IST,1,None (Open / Rural Area),,AGRICULTURAL_FIRE,MODERATE,0.88,23.8_85.9
7728362cda,23.78814,85.55099,2.88,302.74,N21,2026-09-08 01:02:00 IST,1,None (Open / Rural Area),,AGRICULTURAL_FIRE,MODERATE,0.88,23.8_85.6
411e755e31,23.8034,86.32811,1.33,297.02,N21,2026-09-08 01:02:00 IST,3,None (Open / Rural Area),,AGRICULTURAL_FIRE,MODERATE,0.88,23.8_86.3
3898a63236,24.13313,82.59035,1.25,304.22,N21,2026-09-08 01:02:00 IST,1,None (Open / Rural Area),,AGRICULTURAL_FIRE,MODERATE,0.88,24.1_82.6
ecfdaf3372,24.20175,82.71009,1.28,300.68,N21,2026-09-08 01:02:00 IST,1,None (Open / Rural Area),,AGRICULTURAL_FIRE,MODERATE,0.88,24.2_82.7
4588d79160,24.32804,81.32866,1.27,299.93,N21,2026-09-08 01:02:00 IST,1,None (Open / Rural Area),,AGRICULTURAL_FIRE,MODERATE,0.88,24.3_81.3
f6d2fd65b5,15.02316,78.01364,4.18,301.33,N21,2026-09-08 01:04:00 IST,1,None (Open / Rural Area),,AGRICULTURAL_FIRE,MODERATE,0.88,15.0_78.0
0c56148a24,15.17382,77.09942,2.65,302.63,N21,2026-09-08 01:04:00 IST,5,None (Open / Rural Area),,AGRICULTURAL_FIRE,MODERATE,0.88,15.2_77.1
9668a924d2,17.46402,80.6552,1.61,312.13,N21,2026-09-08 01:04:00 IST,2,None (Open / Rural Area),,AGRICULTURAL_FIRE,MODERATE,0.88,17.5_80.7
4fa8fb4a92,17.46438,80.65501,1.42,312.76,N21,2026-09-08 01:04:00 IST,2,None (Open / Rural Area),,AGRICULTURAL_FIRE,MODERATE,0.88,17.5_80.7
f1e1b11fec,18.72132,79.53968,1.41,303.63,N21,2026-09-08 01:04:00 IST,1,None (Open / Rural Area),,AGRICULTURAL_FIRE,MODERATE,0.88,18.7_79.5
b7bf80013a,19.09691,82.16727,1.16,316.26,N21,2026-09-08 01:04:00 IST,7,None (Open / Rural Area),,AGRICULTURAL_FIRE,MODERATE,0.88,19.1_82.2
0c018c5d45,19.09863,82.16817,1.73,310.64,N21,2026-09-08 01:04:00 IST,7,None (Open / Rural Area),,AGRICULTURAL_FIRE,MODERATE,0.88,19.1_82.2
f1a72b5ab6,19.10202,82.16782,1.16,305.78,N21,2026-09-08 01:04:00 IST,7,None (Open / Rural Area),,AGRICULTURAL_FIRE,MODERATE,0.88,19.1_82.2
0e67a73b09,19.10234,82.16467,1.16,317.52,N21,2026-09-08 01:04:00 IST,7,None (Open / Rural Area),,AGRICULTURAL_FIRE,MODERATE,0.88,19.1_82.2
fc1d28cd1a,19.10374,82.16871,0.93,305.12,N21,2026-09-08 01:04:00 IST,2,None (Open / Rural Area),,AGRICULTURAL_FIRE,MODERATE,0.88,19.1_82.2
b6228feb0b,19.10409,82.16557,0.95,304.43,N21,2026-09-08 01:04:00 IST,2,None (Open / Rural Area),,AGRICULTURAL_FIRE,MODERATE,0.88,19.1_82.2
b2df17b6ce,19.9212,79.11353,1.45,301.64,N21,2026-09-08 01:04:00 IST,1,None (Open / Rural Area),,AGRICULTURAL_FIRE,MODERATE,0.88,19.9_79.1
562c65c438,6.87667,81.51917,2.58,311.69,N21,2026-09-08 01:06:00 IST,1,None (Open / Rural Area),,AGRICULTURAL_FIRE,MODERATE,0.88,6.9_81.5
0acef1ef93,7.58041,80.81974,3.58,310.72,N21,2026-09-08 01:06:00 IST,2,None (Open / Rural Area),,AGRICULTURAL_FIRE,MODERATE,0.88,7.6_80.8
4a7549c8ef,7.58083,80.82148,4.25,313.15,N21,2026-09-08 01:06:00 IST,2,None (Open / Rural Area),,AGRICULTURAL_FIRE,MODERATE,0.88,7.6_80.8
b0bcfe2bd4,8.1155,80.80737,2.01,307.09,N21,2026-09-08 01:06:00 IST,7,None (Open / Rural Area),,AGRICULTURAL_FIRE,MODERATE,0.88,8.1_80.8
04e90e7315,8.12018,80.80572,4.32,318.82,N21,2026-09-08 01:06:00 IST,7,None (Open / Rural Area),,AGRICULTURAL_FIRE,MODERATE,0.88,8.1_80.8
17e78dd7ff,8.12032,80.808,2.01,314.34,N21,2026-09-08 01:06:00 IST,7,None (Open / Rural Area),,AGRICULTURAL_FIRE,MODERATE,0.88,8.1_80.8
de7ccd6ae6,8.12106,80.80273,2.01,305.65,N21,2026-09-08 01:06:00 IST,7,None (Open / Rural Area),,AGRICULTURAL_FIRE,MODERATE,0.88,8.1_80.8
4d78b28229,8.26735,80.30713,0.49,305.05,N21,2026-09-08 01:06:00 IST,1,None (Open / Rural Area),,AGRICULTURAL_FIRE,MODERATE,0.88,8.3_80.3
2ea63f9de8,8.2917,80.2041,0.78,309.21,N21,2026-09-08 01:06:00 IST,1,None (Open / Rural Area),,AGRICULTURAL_FIRE,MODERATE,0.88,8.3_80.2
ee7e995f33,8.43688,77.6253,0.53,297.94,N21,2026-09-08 01:06:00 IST,2,None (Open / Rural Area),,AGRICULTURAL_FIRE,MODERATE,0.88,8.4_77.6
6f10cc7224,10.82716,78.82903,2.81,320.19,N21,2026-09-08 01:06:00 IST,1,None (Open / Rural Area),,AGRICULTURAL_FIRE,MODERATE,0.88,10.8_78.8
f37f60eb84,11.8151,77.91316,2.0,305.93,N21,2026-09-08 01:06:00 IST,2,None (Open / Rural Area),,AGRICULTURAL_FIRE,MODERATE,0.88,11.8_77.9
fc52decb53,11.81557,77.91275,1.99,305.57,N21,2026-09-08 01:06:00 IST,2,None (Open / Rural Area),,AGRICULTURAL_FIRE,MODERATE,0.88,11.8_77.9
fcb8fd5d3c,12.02786,79.03661,0.85,307.05,N21,2026-09-08 01:06:00 IST,1,None (Open / Rural Area),,AGRICULTURAL_FIRE,MODERATE,0.88,12.0_79.0
84096e96f2,12.74653,77.61774,1.69,300.76,N21,2026-09-08 01:06:00 IST,2,None (Open / Rural Area),,AGRICULTURAL_FIRE,MODERATE,0.88,12.7_77.6
cff39e5a22,6.82087,81.37903,1.24,308.45,N21,2026-09-08 01:08:00 IST,1,None (Open / Rural Area),,AGRICULTURAL_FIRE,MODERATE,0.88,6.8_81.4
ad850c3381,6.95986,79.96009,0.74,298.34,N21,2026-09-08 01:08:00 IST,1,None (Open / Rural Area),,AGRICULTURAL_FIRE,MODERATE,0.88,7.0_80.0
998c1e4268,18.51579,83.0489,7.09,329.47,N21,2026-09-08 12:14:00 IST,1,None (Open / Rural Area),,AGRICULTURAL_FIRE,MODERATE,0.88,18.5_83.0
99a553a157,22.37533,87.27926,6.75,331.53,N21,2026-09-08 12:16:00 IST,2,None (Open / Rural Area),,AGRICULTURAL_FIRE,MODERATE,0.88,22.4_87.3
406884143a,24.14142,97.00646,25.17,337.21,N21,2026-09-08 12:16:00 IST,1,None (Open / Rural Area),,AGRICULTURAL_FIRE,MODERATE,0.88,24.1_97.0
fec825bed2,27.32665,95.2774,1.83,332.03,N21,2026-09-08 12:16:00 IST,2,None (Open / Rural Area),,AGRICULTURAL_FIRE,MODERATE,0.88,27.3_95.3
cb9ccdc173,27.94668,95.25527,6.59,342.42,N21,2026-09-08 12:16:00 IST,2,None (Open / Rural Area),,AGRICULTURAL_FIRE,MODERATE,0.88,27.9_95.3
13273bf8f4,27.94996,95.25465,2.49,330.52,N21,2026-09-08 12:16:00 IST,2,None (Open / Rural Area),,AGRICULTURAL_FIRE,MODERATE,0.88,27.9_95.3
6e1d249648,28.01318,96.66594,12.3,333.36,N21,2026-09-08 12:16:00 IST,2,None (Open / Rural Area),,AGRICULTURAL_FIRE,MODERATE,0.88,28.0_96.7
f166e95d6d,28.01491,96.65388,3.61,329.84,N21,2026-09-08 12:16:00 IST,2,None (Open / Rural Area),,AGRICULTURAL_FIRE,MODERATE,0.88,28.0_96.7
df200935e3,28.02114,96.64943,4.96,332.61,N21,2026-09-08 12:16:00 IST,2,None (Open / Rural Area),,AGRICULTURAL_FIRE,MODERATE,0.88,28.0_96.6
60f0005dfe,28.11007,95.48288,5.47,336.75,N21,2026-09-08 12:16:00 IST,1,None (Open / Rural Area),,AGRICULTURAL_FIRE,MODERATE,0.88,28.1_95.5
91d8655aec,28.29347,96.58476,2.65,330.4,N21,2026-09-08 12:16:00 IST,1,None (Open / Rural Area),,AGRICULTURAL_FIRE,MODERATE,0.88,28.3_96.6
4323ef9d65,28.57828,96.9463,6.07,329.74,N21,2026-09-08 12:16:00 IST,1,None (Open / Rural Area),,AGRICULTURAL_FIRE,MODERATE,0.88,28.6_96.9
0b27889919,29.24652,91.86194,5.2,335.02,N21,2026-09-08 12:16:00 IST,1,None (Open / Rural Area),,AGRICULTURAL_FIRE,MODERATE,0.88,29.2_91.9
28ff403ed5,29.55303,90.96274,3.64,327.42,N21,2026-09-08 12:16:00 IST,1,None (Open / Rural Area),,AGRICULTURAL_FIRE,MODERATE,0.88,29.6_91.0
e834c793bd,6.19473,80.87374,3.06,331.78,N21,2026-09-08 13:52:00 IST,1,None (Open / Rural Area),,AGRICULTURAL_FIRE,MODERATE,0.88,6.2_80.9
07a0c7674d,6.28048,80.75167,5.63,339.18,N21,2026-09-08 13:52:00 IST,2,None (Open / Rural Area),,AGRICULTURAL_FIRE,MODERATE,0.88,6.3_80.8
43ec68d030,6.28055,80.75143,6.38,340.6,N21,2026-09-08 13:52:00 IST,2,None (Open / Rural Area),,AGRICULTURAL_FIRE,MODERATE,0.88,6.3_80.8
abf5235d75,6.35681,81.14371,3.81,338.07,N21,2026-09-08 13:52:00 IST,1,None (Open / Rural Area),,AGRICULTURAL_FIRE,MODERATE,0.88,6.4_81.1
99198200bb,6.36852,81.16373,21.87,341.25,N21,2026-09-08 13:52:00 IST,1,None (Open / Rural Area),,AGRICULTURAL_FIRE,MODERATE,0.88,6.4_81.2
55317a60f1,6.52011,80.95581,5.4,340.68,N21,2026-09-08 13:52:00 IST,2,None (Open / Rural Area),,AGRICULTURAL_FIRE,MODERATE,0.88,6.5_81.0
26f351e1e9,6.52255,80.95806,7.39,342.01,N21,2026-09-08 13:52:00 IST,2,None (Open / Rural Area),,AGRICULTURAL_FIRE,MODERATE,0.88,6.5_81.0
8505ecf230,6.55134,80.70992,6.77,337.28,N21,2026-09-08 13:52:00 IST,2,None (Open / Rural Area),,AGRICULTURAL_FIRE,MODERATE,0.88,6.6_80.7
b0c6e9b3e3,6.55188,80.71368,6.82,338.98,N21,2026-09-08 13:52:00 IST,2,None (Open / Rural Area),,AGRICULTURAL_FIRE,MODERATE,0.88,6.6_80.7
55ca5cae4b,6.55326,81.036,8.42,342.86,N21,2026-09-08 13:52:00 IST,1,None (Open / Rural Area),,AGRICULTURAL_FIRE,MODERATE,0.88,6.6_81.0
7b0a95d7b5,6.69776,81.40108,9.77,336.93,N21,2026-09-08 13:52:00 IST,1,None (Open / Rural Area),,AGRICULTURAL_FIRE,MODERATE,0.88,6.7_81.4
bc8bc7c324,6.71344,81.53087,9.09,338.43,N21,2026-09-08 13:52:00 IST,1,None (Open / Rural Area),,AGRICULTURAL_FIRE,MODERATE,0.88,6.7_81.5
6e9eff7116,6.74004,81.54244,7.51,335.44,N21,2026-09-08 13:52:00 IST,1,None (Open / Rural Area),,AGRICULTURAL_FIRE,MODERATE,0.88,6.7_81.5
a77bb09bf1,6.77424,81.55653,12.59,353.57,N21,2026-09-08 13:52:00 IST,3,None (Open / Rural Area),,AGRICULTURAL_FIRE,MODERATE,0.88,6.8_81.6
11da1d241d,6.9029,81.32422,4.07,335.37,N21,2026-09-08 13:52:00 IST,1,None (Open / Rural Area),,AGRICULTURAL_FIRE,MODERATE,0.88,6.9_81.3
e653ffc2ef,6.97976,81.58334,4.41,331.02,N21,2026-09-08 13:52:00 IST,1,None (Open / Rural Area),,AGRICULTURAL_FIRE,MODERATE,0.88,7.0_81.6
958f3145c9,7.04062,81.51006,4.34,333.86,N21,2026-09-08 13:52:00 IST,1,None (Open / Rural Area),,AGRICULTURAL_FIRE,MODERATE,0.88,7.0_81.5
05bdab063c,7.04313,81.50825,6.38,332.92,N21,2026-09-08 13:52:00 IST,1,None (Open / Rural Area),,AGRICULTURAL_FIRE,MODERATE,0.88,7.0_81.5
018317362b,7.07303,81.44435,4.32,330.01,N21,2026-09-08 13:52:00 IST,2,None (Open / Rural Area),,AGRICULTURAL_FIRE,MODERATE,0.88,7.1_81.4
d42e60817a,7.08393,81.45663,3.74,330.23,N21,2026-09-08 13:52:00 IST,2,None (Open / Rural Area),,AGRICULTURAL_FIRE,MODERATE,0.88,7.1_81.5
9785d66e64,7.19106,81.55193,10.07,330.04,N21,2026-09-08 13:52:00 IST,2,None (Open / Rural Area),,AGRICULTURAL_FIRE,MODERATE,0.88,7.2_81.6
e25bfa5848,7.30198,81.80838,4.56,336.32,N21,2026-09-08 13:52:00 IST,1,None (Open / Rural Area),,AGRICULTURAL_FIRE,MODERATE,0.88,7.3_81.8
d75abd6f52,7.36522,81.82755,6.86,335.01,N21,2026-09-08 13:52:00 IST,1,None (Open / Rural Area),,AGRICULTURAL_FIRE,MODERATE,0.88,7.4_81.8
16b207349e,7.38588,79.88,9.97,341.64,N21,2026-09-08 13:52:00 IST,1,None (Open / Rural Area),,AGRICULTURAL_FIRE,MODERATE,0.88,7.4_79.9
6c0d6387a8,7.54722,80.22964,4.03,337.11,N21,2026-09-08 13:52:00 IST,1,None (Open / Rural Area),,AGRICULTURAL_FIRE,MODERATE,0.88,7.5_80.2
ac688abd27,7.56507,80.94213,3.71,339.21,N21,2026-09-08 13:52:00 IST,1,None (Open / Rural Area),,AGRICULTURAL_FIRE,MODERATE,0.88,7.6_80.9
b5b82d7a9b,7.65037,80.84367,5.86,331.4,N21,2026-09-08 13:52:00 IST,1,None (Open / Rural Area),,AGRICULTURAL_FIRE,MODERATE,0.88,7.7_80.8
d8f7eec0fb,7.70645,80.69302,15.6,334.14,N21,2026-09-08 13:52:00 IST,1,None (Open / Rural Area),,AGRICULTURAL_FIRE,MODERATE,0.88,7.7_80.7
57cb3d8730,7.71028,80.68887,15.6,367.0,N21,2026-09-08 13:52:00 IST,2,None (Open / Rural Area),,AGRICULTURAL_FIRE,MODERATE,0.88,7.7_80.7
6cb1c55274,7.71066,80.03299,2.66,332.91,N21,2026-09-08 13:52:00 IST,1,None (Open / Rural Area),,AGRICULTURAL_FIRE,MODERATE,0.88,7.7_80.0
7f8e4ca142,7.71078,80.69248,15.6,367.0,N21,2026-09-08 13:52:00 IST,2,None (Open / Rural Area),,AGRICULTURAL_FIRE,MODERATE,0.88,7.7_80.7
88ddfc5afe,7.71873,79.85054,11.36,351.03,N21,2026-09-08 13:52:00 IST,1,None (Open / Rural Area),,AGRICULTURAL_FIRE,MODERATE,0.88,7.7_79.9
cdc32d51f2,7.73295,81.15227,9.16,347.64,N21,2026-09-08 13:52:00 IST,2,None (Open / Rural Area),,AGRICULTURAL_FIRE,MODERATE,0.88,7.7_81.2
f1f06db505,7.73403,81.15084,10.59,341.95,N21,2026-09-08 13:52:00 IST,2,None (Open / Rural Area),,AGRICULTURAL_FIRE,MODERATE,0.88,7.7_81.2
b260b1cdfc,7.75369,81.10416,5.14,340.67,N21,2026-09-08 13:52:00 IST,1,None (Open / Rural Area),,AGRICULTURAL_FIRE,MODERATE,0.88,7.8_81.1
2eb7686cb4,7.79291,80.13694,4.37,339.56,N21,2026-09-08 13:52:00 IST,1,None (Open / Rural Area),,AGRICULTURAL_FIRE,MODERATE,0.88,7.8_80.1
c06220fbf8,7.81706,79.93014,11.07,343.31,N21,2026-09-08 13:52:00 IST,1,None (Open / Rural Area),,AGRICULTURAL_FIRE,MODERATE,0.88,7.8_79.9
804fc2f1f1,7.83528,80.09206,6.85,339.18,N21,2026-09-08 13:52:00 IST,1,None (Open / Rural Area),,AGRICULTURAL_FIRE,MODERATE,0.88,7.8_80.1
6ce159bd07,7.88146,80.30216,4.13,333.08,N21,2026-09-08 13:52:00 IST,1,None (Open / Rural Area),,AGRICULTURAL_FIRE,MODERATE,0.88,7.9_80.3
5b2f963641,7.88359,80.19463,4.29,336.6,N21,2026-09-08 13:52:00 IST,2,None (Open / Rural Area),,AGRICULTURAL_FIRE,MODERATE,0.88,7.9_80.2
9bd920176d,7.89576,80.31219,2.53,336.68,N21,2026-09-08 13:52:00 IST,1,None (Open / Rural Area),,AGRICULTURAL_FIRE,MODERATE,0.88,7.9_80.3
871290b0d9,7.91018,80.0658,2.18,331.72,N21,2026-09-08 13:52:00 IST,2,None (Open / Rural Area),,AGRICULTURAL_FIRE,MODERATE,0.88,7.9_80.1
5f665bfecc,7.91203,80.06565,3.73,330.28,N21,2026-09-08 13:52:00 IST,2,None (Open / Rural Area),,AGRICULTURAL_FIRE,MODERATE,0.88,7.9_80.1
e42f73938b,7.925,80.55324,17.55,354.45,N21,2026-09-08 13:52:00 IST,2,None (Open / Rural Area),,AGRICULTURAL_FIRE,MODERATE,0.88,7.9_80.6
88a40846ed,7.93941,81.04449,8.65,336.21,N21,2026-09-08 13:52:00 IST,1,None (Open / Rural Area),,AGRICULTURAL_FIRE,MODERATE,0.88,7.9_81.0
09d18f07a8,7.94324,81.0453,7.89,351.15,N21,2026-09-08 13:52:00 IST,1,None (Open / Rural Area),,AGRICULTURAL_FIRE,MODERATE,0.88,7.9_81.0
309383e7f4,7.94974,80.10694,7.84,346.32,N21,2026-09-08 13:52:00 IST,2,None (Open / Rural Area),,AGRICULTURAL_FIRE,MODERATE,0.88,7.9_80.1
876e8fd9bf,7.97218,80.70206,2.2,330.63,N21,2026-09-08 13:52:00 IST,1,None (Open / Rural Area),,AGRICULTURAL_FIRE,MODERATE,0.88,8.0_80.7
54e148b8f3,8.00587,80.17339,4.18,338.66,N21,2026-09-08 13:52:00 IST,1,None (Open / Rural Area),,AGRICULTURAL_FIRE,MODERATE,0.88,8.0_80.2
25256abec7,8.00621,80.71095,5.54,332.99,N21,2026-09-08 13:52:00 IST,1,None (Open / Rural Area),,AGRICULTURAL_FIRE,MODERATE,0.88,8.0_80.7
9652a091dd,8.02521,80.62346,8.54,341.92,N21,2026-09-08 13:52:00 IST,1,None (Open / Rural Area),,AGRICULTURAL_FIRE,MODERATE,0.88,8.0_80.6
53b0f4336e,8.06066,80.65664,4.64,330.2,N21,2026-09-08 13:52:00 IST,2,None (Open / Rural Area),,AGRICULTURAL_FIRE,MODERATE,0.88,8.1_80.7
90838f6b3e,8.08208,80.44212,4.07,332.7,N21,2026-09-08 13:52:00 IST,1,None (Open / Rural Area),,AGRICULTURAL_FIRE,MODERATE,0.88,8.1_80.4
6d8097a3ba,8.11368,80.8131,4.36,331.22,N21,2026-09-08 13:52:00 IST,1,None (Open / Rural Area),,AGRICULTURAL_FIRE,MODERATE,0.88,8.1_80.8
d21594e250,8.12183,80.80756,10.69,332.62,N21,2026-09-08 13:52:00 IST,7,None (Open / Rural Area),,AGRICULTURAL_FIRE,MODERATE,0.88,8.1_80.8
83c4d2162c,8.12222,80.80523,9.63,332.08,N21,2026-09-08 13:52:00 IST,7,None (Open / Rural Area),,AGRICULTURAL_FIRE,MODERATE,0.88,8.1_80.8
a90b2ee779,8.13002,80.04712,5.72,336.9,N21,2026-09-08 13:52:00 IST,2,None (Open / Rural Area),,AGRICULTURAL_FIRE,MODERATE,0.88,8.1_80.0
973efadc70,8.13209,80.04674,3.12,332.82,N21,2026-09-08 13:52:00 IST,2,None (Open / Rural Area),,AGRICULTURAL_FIRE,MODERATE,0.88,8.1_80.0
4e43d59c60,8.14487,81.13193,10.37,342.28,N21,2026-09-08 13:52:00 IST,3,None (Open / Rural Area),,AGRICULTURAL_FIRE,MODERATE,0.88,8.1_81.1
d32940ae03,8.1455,81.13643,9.85,332.6,N21,2026-09-08 13:52:00 IST,3,None (Open / Rural Area),,AGRICULTURAL_FIRE,MODERATE,0.88,8.1_81.1
25927ba304,8.16101,80.7302,9.89,337.88,N21,2026-09-08 13:52:00 IST,1,None (Open / Rural Area),,AGRICULTURAL_FIRE,MODERATE,0.88,8.2_80.7
e7a5cebfd7,8.17546,80.30257,1.69,331.46,N21,2026-09-08 13:52:00 IST,1,None (Open / Rural Area),,AGRICULTURAL_FIRE,MODERATE,0.88,8.2_80.3
80e593dcea,8.2054,80.36328,5.52,335.76,N21,2026-09-08 13:52:00 IST,1,None (Open / Rural Area),,AGRICULTURAL_FIRE,MODERATE,0.88,8.2_80.4
aef7696ed6,8.21241,80.38275,8.78,341.38,N21,2026-09-08 13:52:00 IST,1,None (Open / Rural Area),,AGRICULTURAL_FIRE,MODERATE,0.88,8.2_80.4
28ee8211f2,8.23308,80.69492,5.99,333.06,N21,2026-09-08 13:52:00 IST,2,None (Open / Rural Area),,AGRICULTURAL_FIRE,MODERATE,0.88,8.2_80.7
fe2f2e9992,8.23327,81.05791,5.83,333.96,N21,2026-09-08 13:52:00 IST,1,None (Open / Rural Area),,AGRICULTURAL_FIRE,MODERATE,0.88,8.2_81.1
d3493479ea,8.23365,80.69917,5.65,333.04,N21,2026-09-08 13:52:00 IST,2,None (Open / Rural Area),,AGRICULTURAL_FIRE,MODERATE,0.88,8.2_80.7
e0836b2c7d,8.26527,80.44974,9.21,340.03,N21,2026-09-08 13:52:00 IST,1,None (Open / Rural Area),,AGRICULTURAL_FIRE,MODERATE,0.88,8.3_80.4
bc12e32bbd,8.29538,80.75999,10.28,345.56,N21,2026-09-08 13:52:00 IST,1,None (Open / Rural Area),,AGRICULTURAL_FIRE,MODERATE,0.88,8.3_80.8
178be37a5a,8.30749,80.6246,5.38,335.2,N21,2026-09-08 13:52:00 IST,1,None (Open / Rural Area),,AGRICULTURAL_FIRE,MODERATE,0.88,8.3_80.6
373942142e,8.34113,80.19086,20.3,335.95,N21,2026-09-08 13:52:00 IST,2,None (Open / Rural Area),,AGRICULTURAL_FIRE,MODERATE,0.88,8.3_80.2
1b1191e3db,8.34169,80.1948,27.25,342.42,N21,2026-09-08 13:52:00 IST,2,None (Open / Rural Area),,AGRICULTURAL_FIRE,MODERATE,0.88,8.3_80.2
6693aef198,8.35129,77.57536,7.94,337.99,N21,2026-09-08 13:52:00 IST,1,None (Open / Rural Area),,AGRICULTURAL_FIRE,MODERATE,0.88,8.4_77.6
9eaa969769,8.3563,80.17673,24.83,352.51,N21,2026-09-08 13:52:00 IST,2,None (Open / Rural Area),,AGRICULTURAL_FIRE,MODERATE,0.88,8.4_80.2
540d8e3986,8.35724,80.17769,24.92,341.6,N21,2026-09-08 13:52:00 IST,2,None (Open / Rural Area),,AGRICULTURAL_FIRE,MODERATE,0.88,8.4_80.2
808f4ec8ae,8.4142,81.10427,7.18,340.7,N21,2026-09-08 13:52:00 IST,1,None (Open / Rural Area),,AGRICULTURAL_FIRE,MODERATE,0.88,8.4_81.1
d659c80228,8.44955,80.19279,9.42,336.0,N21,2026-09-08 13:52:00 IST,1,None (Open / Rural Area),,AGRICULTURAL_FIRE,MODERATE,0.88,8.4_80.2
665afa345b,8.48359,80.7542,5.62,332.98,N21,2026-09-08 13:52:00 IST,1,None (Open / Rural Area),,AGRICULTURAL_FIRE,MODERATE,0.88,8.5_80.8
5935a147c4,8.50425,80.83977,45.38,347.27,N21,2026-09-08 13:52:00 IST,1,None (Open / Rural Area),,WILDFIRE_BIOMASS,HIGH,0.85,8.5_80.8
83e50e0a33,8.50442,80.48933,4.88,333.05,N21,2026-09-08 13:52:00 IST,2,None (Open / Rural Area),,AGRICULTURAL_FIRE,MODERATE,0.88,8.5_80.5
56d8d6e626,8.50873,80.48872,4.88,330.0,N21,2026-09-08 13:52:00 IST,2,None (Open / Rural Area),,AGRICULTURAL_FIRE,MODERATE,0.88,8.5_80.5
9395200625,8.53179,80.60948,2.51,330.76,N21,2026-09-08 13:52:00 IST,2,None (Open / Rural Area),,AGRICULTURAL_FIRE,MODERATE,0.88,8.5_80.6
78665b7ddb,8.54104,80.61244,6.06,347.17,N21,2026-09-08 13:52:00 IST,2,None (Open / Rural Area),,AGRICULTURAL_FIRE,MODERATE,0.88,8.5_80.6
d0d0ce2a85,8.55648,80.7274,7.94,346.51,N21,2026-09-08 13:52:00 IST,1,None (Open / Rural Area),,AGRICULTURAL_FIRE,MODERATE,0.88,8.6_80.7
dcc46fda8a,8.56899,80.49351,5.75,336.58,N21,2026-09-08 13:52:00 IST,1,None (Open / Rural Area),,AGRICULTURAL_FIRE,MODERATE,0.88,8.6_80.5
8d5802d9c4,8.58827,78.13114,6.7,338.22,N21,2026-09-08 13:52:00 IST,1,None (Open / Rural Area),,AGRICULTURAL_FIRE,MODERATE,0.88,8.6_78.1
158bc2a1bb,8.5959,80.31518,14.57,340.46,N21,2026-09-08 13:52:00 IST,2,None (Open / Rural Area),,AGRICULTURAL_FIRE,MODERATE,0.88,8.6_80.3
d1657bbe76,8.59646,80.3148,16.66,340.59,N21,2026-09-08 13:52:00 IST,2,None (Open / Rural Area),,AGRICULTURAL_FIRE,MODERATE,0.88,8.6_80.3
ea276023ff,8.60539,77.96745,22.28,340.75,N21,2026-09-08 13:52:00 IST,2,None (Open / Rural Area),,AGRICULTURAL_FIRE,MODERATE,0.88,8.6_78.0
593d239056,8.69732,80.73946,5.79,334.74,N21,2026-09-08 13:52:00 IST,1,None (Open / Rural Area),,AGRICULTURAL_FIRE,MODERATE,0.88,8.7_80.7
715d26b088,8.73366,77.81716,6.88,339.76,N21,2026-09-08 13:52:00 IST,2,None (Open / Rural Area),,AGRICULTURAL_FIRE,MODERATE,0.88,8.7_77.8
11bf43fedb,8.73731,77.81662,6.88,338.94,N21,2026-09-08 13:52:00 IST,2,None (Open / Rural Area),,AGRICULTURAL_FIRE,MODERATE,0.88,8.7_77.8
50a1a84024,8.80817,80.53466,8.11,330.63,N21,2026-09-08 13:52:00 IST,2,None (Open / Rural Area),,AGRICULTURAL_FIRE,MODERATE,0.88,8.8_80.5
55e33039f0,8.80876,80.53885,4.43,335.55,N21,2026-09-08 13:52:00 IST,2,None (Open / Rural Area),,AGRICULTURAL_FIRE,MODERATE,0.88,8.8_80.5
0abb4c7eed,8.8287,80.52316,3.29,333.42,N21,2026-09-08 13:52:00 IST,1,None (Open / Rural Area),,AGRICULTURAL_FIRE,MODERATE,0.88,8.8_80.5
dde2a421ec,8.8465,80.44485,6.63,330.95,N21,2026-09-08 13:52:00 IST,1,None (Open / Rural Area),,AGRICULTURAL_FIRE,MODERATE,0.88,8.8_80.4
d8474004b9,8.84915,77.81451,6.21,337.79,N21,2026-09-08 13:52:00 IST,1,None (Open / Rural Area),,AGRICULTURAL_FIRE,MODERATE,0.88,8.8_77.8
b5797ac787,8.86114,80.65377,7.22,332.5,N21,2026-09-08 13:52:00 IST,2,None (Open / Rural Area),,AGRICULTURAL_FIRE,MODERATE,0.88,8.9_80.7
4ce5da2fd6,8.86478,78.08195,13.19,343.18,N21,2026-09-08 13:52:00 IST,1,None (Open / Rural Area),,AGRICULTURAL_FIRE,MODERATE,0.88,8.9_78.1
ee8e91f2ac,8.86524,80.65672,7.33,330.46,N21,2026-09-08 13:52:00 IST,2,None (Open / Rural Area),,AGRICULTURAL_FIRE,MODERATE,0.88,8.9_80.7
33172080a6,8.86913,78.08589,13.19,343.59,N21,2026-09-08 13:52:00 IST,2,None (Open / Rural Area),,AGRICULTURAL_FIRE,MODERATE,0.88,8.9_78.1
5f079afc4e,8.88382,77.79616,4.84,336.88,N21,2026-09-08 13:52:00 IST,1,None (Open / Rural Area),,AGRICULTURAL_FIRE,MODERATE,0.88,8.9_77.8
5f9accbe8b,8.91747,80.87355,5.67,335.84,N21,2026-09-08 13:52:00 IST,1,None (Open / Rural Area),,AGRICULTURAL_FIRE,MODERATE,0.88,8.9_80.9
eb1a73b12b,8.92031,80.76068,8.61,341.96,N21,2026-09-08 13:52:00 IST,2,None (Open / Rural Area),,AGRICULTURAL_FIRE,MODERATE,0.88,8.9_80.8
4d72873d36,8.9209,80.76503,8.61,341.71,N21,2026-09-08 13:52:00 IST,2,None (Open / Rural Area),,AGRICULTURAL_FIRE,MODERATE,0.88,8.9_80.8
73428579e3,8.93358,77.49417,3.63,335.99,N21,2026-09-08 13:52:00 IST,1,None (Open / Rural Area),,AGRICULTURAL_FIRE,MODERATE,0.88,8.9_77.5
f2b2ea8e83,8.93672,80.84823,6.38,337.09,N21,2026-09-08 13:52:00 IST,3,None (Open / Rural Area),,AGRICULTURAL_FIRE,MODERATE,0.88,8.9_80.8
da53569724,8.97822,80.78842,4.05,330.4,N21,2026-09-08 13:52:00 IST,1,None (Open / Rural Area),,AGRICULTURAL_FIRE,MODERATE,0.88,9.0_80.8
5447c4728c,9.04233,78.01846,11.21,339.56,N21,2026-09-08 13:52:00 IST,1,None (Open / Rural Area),,AGRICULTURAL_FIRE,MODERATE,0.88,9.0_78.0
6be899ce5d,9.05442,77.6814,4.97,338.42,N21,2026-09-08 13:52:00 IST,1,None (Open / Rural Area),,AGRICULTURAL_FIRE,MODERATE,0.88,9.1_77.7
c549a8a6a9,9.09004,77.77312,10.56,348.41,N21,2026-09-08 13:52:00 IST,1,None (Open / Rural Area),,AGRICULTURAL_FIRE,MODERATE,0.88,9.1_77.8
5cce954b87,9.09544,77.34049,5.52,336.61,N21,2026-09-08 13:52:00 IST,1,None (Open / Rural Area),,AGRICULTURAL_FIRE,MODERATE,0.88,9.1_77.3
3942df8a45,9.14565,80.56906,3.75,335.13,N21,2026-09-08 13:52:00 IST,1,None (Open / Rural Area),,AGRICULTURAL_FIRE,MODERATE,0.88,9.1_80.6
bcf0a73487,9.22446,80.65133,3.95,336.94,N21,2026-09-08 13:52:00 IST,1,None (Open / Rural Area),,AGRICULTURAL_FIRE,MODERATE,0.88,9.2_80.7
2ab3956783,9.27549,78.66257,5.92,338.63,N21,2026-09-08 13:52:00 IST,1,None (Open / Rural Area),,AGRICULTURAL_FIRE,MODERATE,0.88,9.3_78.7
dd660d4a45,9.31614,78.72684,13.24,345.46,N21,2026-09-08 13:52:00 IST,1,None (Open / Rural Area),,AGRICULTURAL_FIRE,MODERATE,0.88,9.3_78.7
b6f2a1c0a5,9.34192,78.82452,31.48,337.52,N21,2026-09-08 13:52:00 IST,1,None (Open / Rural Area),,WILDFIRE_BIOMASS,HIGH,0.85,9.3_78.8
cdc3902682,9.3559,80.69241,9.42,346.16,N21,2026-09-08 13:52:00 IST,1,None (Open / Rural Area),,AGRICULTURAL_FIRE,MODERATE,0.88,9.4_80.7
a0c3ff99dc,9.38507,80.44005,7.81,341.4,N21,2026-09-08 13:52:00 IST,2,None (Open / Rural Area),,AGRICULTURAL_FIRE,MODERATE,0.88,9.4_80.4
603540ce2f,9.38563,80.44428,7.81,339.39,N21,2026-09-08 13:52:00 IST,2,None (Open / Rural Area),,AGRICULTURAL_FIRE,MODERATE,0.88,9.4_80.4
fad6579ec5,9.52653,77.79057,14.47,342.79,N21,2026-09-08 13:52:00 IST,1,None (Open / Rural Area),,AGRICULTURAL_FIRE,MODERATE,0.88,9.5_77.8
e50a4c964d,9.53313,78.64571,54.78,346.35,N21,2026-09-08 13:52:00 IST,1,None (Open / Rural Area),,WILDFIRE_BIOMASS,HIGH,0.85,9.5_78.6
a8273683f4,9.75825,78.38308,2.91,336.88,N21,2026-09-08 13:52:00 IST,1,None (Open / Rural Area),,AGRICULTURAL_FIRE,MODERATE,0.88,9.8_78.4
7c2877f53e,9.85383,77.64912,5.26,335.9,N21,2026-09-08 13:52:00 IST,1,None (Open / Rural Area),,AGRICULTURAL_FIRE,MODERATE,0.88,9.9_77.6
c186e0a421,9.86731,78.65581,3.23,336.69,N21,2026-09-08 13:52:00 IST,1,None (Open / Rural Area),,AGRICULTURAL_FIRE,MODERATE,0.88,9.9_78.7
31fa3b9a34,9.96227,78.9623,3.07,336.26,N21,2026-09-08 13:52:00 IST,1,None (Open / Rural Area),,AGRICULTURAL_FIRE,MODERATE,0.88,10.0_79.0
8bbe124be2,9.97272,78.71961,1.96,331.94,N21,2026-09-08 13:52:00 IST,1,None (Open / Rural Area),,AGRICULTURAL_FIRE,MODERATE,0.88,10.0_78.7
5cfb43b628,10.04153,78.05537,2.16,338.27,N21,2026-09-08 13:52:00 IST,1,None (Open / Rural Area),,AGRICULTURAL_FIRE,MODERATE,0.88,10.0_78.1
743154bf8b,10.16706,78.7907,3.99,338.75,N21,2026-09-08 13:52:00 IST,1,None (Open / Rural Area),,AGRICULTURAL_FIRE,MODERATE,0.88,10.2_78.8
f10037588d,10.17314,78.80556,3.25,332.18,N21,2026-09-08 13:52:00 IST,1,None (Open / Rural Area),,AGRICULTURAL_FIRE,MODERATE,0.88,10.2_78.8
e6460d7189,10.23821,79.09862,10.75,344.63,N21,2026-09-08 13:52:00 IST,1,None (Open / Rural Area),,AGRICULTURAL_FIRE,MODERATE,0.88,10.2_79.1
33371114fd,10.27256,77.2524,16.81,341.4,N21,2026-09-08 13:52:00 IST,2,None (Open / Rural Area),,AGRICULTURAL_FIRE,MODERATE,0.88,10.3_77.3
dc9c886811,10.40929,79.80421,3.37,338.02,N21,2026-09-08 13:52:00 IST,1,None (Open / Rural Area),,AGRICULTURAL_FIRE,MODERATE,0.88,10.4_79.8
106047f5e4,10.42191,79.25281,13.69,367.0,N21,2026-09-08 13:52:00 IST,2,None (Open / Rural Area),,AGRICULTURAL_FIRE,MODERATE,0.88,10.4_79.3
cbc67ba424,10.42648,79.25591,15.53,350.01,N21,2026-09-08 13:52:00 IST,2,None (Open / Rural Area),,AGRICULTURAL_FIRE,MODERATE,0.88,10.4_79.3
5c0132cfc0,10.43482,77.7946,9.44,341.46,N21,2026-09-08 13:52:00 IST,1,None (Open / Rural Area),,AGRICULTURAL_FIRE,MODERATE,0.88,10.4_77.8
70ed0e58a9,10.49573,78.17871,5.23,335.43,N21,2026-09-08 13:52:00 IST,1,None (Open / Rural Area),,AGRICULTURAL_FIRE,MODERATE,0.88,10.5_78.2
5af8a6ddf8,10.55287,77.33337,9.0,340.8,N21,2026-09-08 13:52:00 IST,1,None (Open / Rural Area),,AGRICULTURAL_FIRE,MODERATE,0.88,10.6_77.3
597308bfc5,10.55847,78.78347,5.9,341.32,N21,2026-09-08 13:52:00 IST,1,None (Open / Rural Area),,AGRICULTURAL_FIRE,MODERATE,0.88,10.6_78.8
dc1a8b6cce,10.75671,78.84985,2.77,335.72,N21,2026-09-08 13:52:00 IST,1,None (Open / Rural Area),,AGRICULTURAL_FIRE,MODERATE,0.88,10.8_78.8
dc289edcd8,10.78588,78.80675,1.68,338.74,N21,2026-09-08 13:52:00 IST,1,None (Open / Rural Area),,AGRICULTURAL_FIRE,MODERATE,0.88,10.8_78.8
b3d63ec1d5,10.78738,77.37723,6.63,340.07,N21,2026-09-08 13:52:00 IST,1,None (Open / Rural Area),,AGRICULTURAL_FIRE,MODERATE,0.88,10.8_77.4
7a13bcc4ba,10.7879,77.37819,6.51,340.86,N21,2026-09-08 13:52:00 IST,1,None (Open / Rural Area),,AGRICULTURAL_FIRE,MODERATE,0.88,10.8_77.4
38c730e253,10.80565,78.98431,6.58,346.36,N21,2026-09-08 13:52:00 IST,1,None (Open / Rural Area),,AGRICULTURAL_FIRE,MODERATE,0.88,10.8_79.0
423e829bcc,10.86482,77.44711,4.39,338.97,N21,2026-09-08 13:52:00 IST,1,None (Open / Rural Area),,AGRICULTURAL_FIRE,MODERATE,0.88,10.9_77.4
5f942410bd,10.92993,77.06577,5.02,337.44,N21,2026-09-08 13:52:00 IST,1,None (Open / Rural Area),,AGRICULTURAL_FIRE,MODERATE,0.88,10.9_77.1
faeee85af7,11.02627,77.50809,8.94,338.93,N21,2026-09-08 13:52:00 IST,1,None (Open / Rural Area),,AGRICULTURAL_FIRE,MODERATE,0.88,11.0_77.5
e43186d188,11.12294,77.05234,15.77,343.69,N21,2026-09-08 13:52:00 IST,1,None (Open / Rural Area),,AGRICULTURAL_FIRE,MODERATE,0.88,11.1_77.1
76e2ca1022,11.13888,79.6744,1.57,330.75,N21,2026-09-08 13:52:00 IST,1,None (Open / Rural Area),,AGRICULTURAL_FIRE,MODERATE,0.88,11.1_79.7
9e8beb97f1,11.14424,79.74757,2.46,331.38,N21,2026-09-08 13:52:00 IST,1,None (Open / Rural Area),,AGRICULTURAL_FIRE,MODERATE,0.88,11.1_79.7
16d6a5dd6b,11.16188,77.30102,5.8,339.64,N21,2026-09-08 13:52:00 IST,1,None (Open / Rural Area),,AGRICULTURAL_FIRE,MODERATE,0.88,11.2_77.3
e44c5fca5a,11.17862,79.84267,7.35,336.29,N21,2026-09-08 13:52:00 IST,1,None (Open / Rural Area),,AGRICULTURAL_FIRE,MODERATE,0.88,11.2_79.8
ee0794979e,11.18239,77.23586,7.38,337.91,N21,2026-09-08 13:52:00 IST,1,None (Open / Rural Area),,AGRICULTURAL_FIRE,MODERATE,0.88,11.2_77.2
741b06d42f,11.29268,79.53696,5.31,340.47,N21,2026-09-08 13:52:00 IST,2,None (Open / Rural Area),,AGRICULTURAL_FIRE,MODERATE,0.88,11.3_79.5
269d2256da,11.29362,79.53706,5.37,336.2,N21,2026-09-08 13:52:00 IST,2,None (Open / Rural Area),,AGRICULTURAL_FIRE,MODERATE,0.88,11.3_79.5
a8d2b53e60,11.44426,79.2206,2.6,330.32,N21,2026-09-08 13:52:00 IST,1,None (Open / Rural Area),,AGRICULTURAL_FIRE,MODERATE,0.88,11.4_79.2
4c5d5ee128,11.46137,79.28418,3.45,332.24,N21,2026-09-08 13:52:00 IST,1,None (Open / Rural Area),,AGRICULTURAL_FIRE,MODERATE,0.88,11.5_79.3
c680ff2f33,11.47736,78.03462,7.99,338.17,N21,2026-09-08 13:52:00 IST,1,None (Open / Rural Area),,AGRICULTURAL_FIRE,MODERATE,0.88,11.5_78.0
e6f19497de,11.70611,78.73426,3.05,337.6,N21,2026-09-08 13:52:00 IST,1,None (Open / Rural Area),,AGRICULTURAL_FIRE,MODERATE,0.88,11.7_78.7
05177e7d0c,11.999,79.72091,4.93,332.98,N21,2026-09-08 13:52:00 IST,1,None (Open / Rural Area),,AGRICULTURAL_FIRE,MODERATE,0.88,12.0_79.7
d35f6d9edd,12.09626,77.0597,20.08,348.73,N21,2026-09-08 13:52:00 IST,1,None (Open / Rural Area),,AGRICULTURAL_FIRE,MODERATE,0.88,12.1_77.1
0de934241d,12.47741,78.93455,16.2,342.01,N21,2026-09-08 13:54:00 IST,1,None (Open / Rural Area),,AGRICULTURAL_FIRE,MODERATE,0.88,12.5_78.9
270be5c778,12.53124,78.209,3.75,333.37,N21,2026-09-08 13:54:00 IST,1,None (Open / Rural Area),,AGRICULTURAL_FIRE,MODERATE,0.88,12.5_78.2
41e7d40156,12.71969,79.77961,6.31,333.09,N21,2026-09-08 13:54:00 IST,1,None (Open / Rural Area),,AGRICULTURAL_FIRE,MODERATE,0.88,12.7_79.8
8448cb98b6,13.38639,78.22185,3.35,341.05,N21,2026-09-08 13:54:00 IST,1,None (Open / Rural Area),,AGRICULTURAL_FIRE,MODERATE,0.88,13.4_78.2
4a23dbe182,13.73269,76.40993,5.03,338.63,N21,2026-09-08 13:54:00 IST,1,None (Open / Rural Area),,AGRICULTURAL_FIRE,MODERATE,0.88,13.7_76.4
8fafd6ac64,13.83928,77.07301,7.41,341.14,N21,2026-09-08 13:54:00 IST,1,None (Open / Rural Area),,AGRICULTURAL_FIRE,MODERATE,0.88,13.8_77.1
1750bce9e1,13.97903,77.95586,17.1,338.88,N21,2026-09-08 13:54:00 IST,1,None (Open / Rural Area),,AGRICULTURAL_FIRE,MODERATE,0.88,14.0_78.0
9c865f4522,13.99043,77.50262,4.89,338.3,N21,2026-09-08 13:54:00 IST,1,None (Open / Rural Area),,AGRICULTURAL_FIRE,MODERATE,0.88,14.0_77.5
dd9e8fcd43,14.04394,77.44282,12.21,340.46,N21,2026-09-08 13:54:00 IST,1,None (Open / Rural Area),,AGRICULTURAL_FIRE,MODERATE,0.88,14.0_77.4
74c2547405,14.04906,77.54129,3.87,331.43,N21,2026-09-08 13:54:00 IST,2,None (Open / Rural Area),,AGRICULTURAL_FIRE,MODERATE,0.88,14.0_77.5
21707bd5d4,14.05006,77.53891,7.04,332.19,N21,2026-09-08 13:54:00 IST,2,None (Open / Rural Area),,AGRICULTURAL_FIRE,MODERATE,0.88,14.1_77.5
8636a77858,14.18716,78.70611,2.16,342.37,N21,2026-09-08 13:54:00 IST,2,None (Open / Rural Area),,AGRICULTURAL_FIRE,MODERATE,0.88,14.2_78.7
792387932b,14.1913,78.70552,4.35,337.8,N21,2026-09-08 13:54:00 IST,2,None (Open / Rural Area),,AGRICULTURAL_FIRE,MODERATE,0.88,14.2_78.7
f324bb1055,14.21133,79.1557,5.96,335.5,N21,2026-09-08 13:54:00 IST,1,None (Open / Rural Area),,AGRICULTURAL_FIRE,MODERATE,0.88,14.2_79.2
69d6226fca,14.35181,79.77394,5.07,331.42,N21,2026-09-08 13:54:00 IST,1,None (Open / Rural Area),,AGRICULTURAL_FIRE,MODERATE,0.88,14.4_79.8
60c6681bdd,14.36157,78.77882,3.1,333.15,N21,2026-09-08 13:54:00 IST,1,None (Open / Rural Area),,AGRICULTURAL_FIRE,MODERATE,0.88,14.4_78.8
4a90983ec7,14.45216,79.08225,1.77,331.66,N21,2026-09-08 13:54:00 IST,1,None (Open / Rural Area),,AGRICULTURAL_FIRE,MODERATE,0.88,14.5_79.1
72f61b9208,14.53657,79.06839,41.2,367.0,N21,2026-09-08 13:54:00 IST,1,None (Open / Rural Area),,WILDFIRE_BIOMASS,HIGH,0.85,14.5_79.1
831aa06b94,14.61038,79.57807,3.66,332.01,N21,2026-09-08 13:54:00 IST,1,None (Open / Rural Area),,AGRICULTURAL_FIRE,MODERATE,0.88,14.6_79.6
24b59d7a46,14.71398,75.90421,4.12,341.75,N21,2026-09-08 13:54:00 IST,1,None (Open / Rural Area),,AGRICULTURAL_FIRE,MODERATE,0.88,14.7_75.9
54adc8334d,14.9011,76.80833,9.15,338.46,N21,2026-09-08 13:54:00 IST,1,None (Open / Rural Area),,AGRICULTURAL_FIRE,MODERATE,0.88,14.9_76.8
51da272324,15.17509,76.65768,3.97,331.27,N21,2026-09-08 13:54:00 IST,11,None (Open / Rural Area),,AGRICULTURAL_FIRE,MODERATE,0.88,15.2_76.7
ac0be4c012,15.17756,76.67593,5.45,335.87,N21,2026-09-08 13:54:00 IST,8,None (Open / Rural Area),,AGRICULTURAL_FIRE,MODERATE,0.88,15.2_76.7
a2b34287b0,15.27007,75.14799,4.15,331.02,N21,2026-09-08 13:54:00 IST,1,None (Open / Rural Area),,AGRICULTURAL_FIRE,MODERATE,0.88,15.3_75.1
3e26c29e33,16.19677,75.13605,3.77,330.82,N21,2026-09-08 13:54:00 IST,1,None (Open / Rural Area),,AGRICULTURAL_FIRE,MODERATE,0.88,16.2_75.1
5e727e65d9,16.39796,78.34895,13.95,333.49,N21,2026-09-08 13:54:00 IST,1,None (Open / Rural Area),,AGRICULTURAL_FIRE,MODERATE,0.88,16.4_78.3
24201697ff,16.72304,74.7004,3.22,332.97,N21,2026-09-08 13:54:00 IST,1,None (Open / Rural Area),,AGRICULTURAL_FIRE,MODERATE,0.88,16.7_74.7
2a9ec7c7d6,17.04641,76.16656,5.85,333.1,N21,2026-09-08 13:54:00 IST,1,None (Open / Rural Area),,AGRICULTURAL_FIRE,MODERATE,0.88,17.0_76.2
d36df545ed,17.3413,81.05385,3.37,336.4,N21,2026-09-08 13:54:00 IST,1,None (Open / Rural Area),,AGRICULTURAL_FIRE,MODERATE,0.88,17.3_81.1
51685dfa21,19.09082,82.16918,2.91,328.92,N21,2026-09-08 13:56:00 IST,7,None (Open / Rural Area),,AGRICULTURAL_FIRE,MODERATE,0.88,19.1_82.2
6657a4e777,19.09543,82.16656,10.56,329.77,N21,2026-09-08 13:56:00 IST,7,None (Open / Rural Area),,AGRICULTURAL_FIRE,MODERATE,0.88,19.1_82.2
929c0037bd,19.0964,82.16859,2.91,329.9,N21,2026-09-08 13:56:00 IST,7,None (Open / Rural Area),,AGRICULTURAL_FIRE,MODERATE,0.88,19.1_82.2
5fcc85fc94,19.33149,72.01928,1.9,330.26,N21,2026-09-08 13:56:00 IST,2,None (Open / Rural Area),,AGRICULTURAL_FIRE,MODERATE,0.88,19.3_72.0
96a1c98025,19.45337,75.63052,3.68,333.22,N21,2026-09-08 13:56:00 IST,1,None (Open / Rural Area),,AGRICULTURAL_FIRE,MODERATE,0.88,19.5_75.6
823fbeb16e,21.10306,72.63672,18.55,338.43,N21,2026-09-08 13:56:00 IST,8,None (Open / Rural Area),,AGRICULTURAL_FIRE,MODERATE,0.88,21.1_72.6
493e2ae5a4,21.10469,72.648,6.1,339.09,N21,2026-09-08 13:56:00 IST,17,None (Open / Rural Area),,AGRICULTURAL_FIRE,MODERATE,0.88,21.1_72.6
fe482360fa,21.10802,72.64745,6.1,345.05,N21,2026-09-08 13:56:00 IST,17,None (Open / Rural Area),,AGRICULTURAL_FIRE,MODERATE,0.88,21.1_72.6
36122139d4,22.6441,70.74747,5.6,345.0,N21,2026-09-08 13:56:00 IST,1,None (Open / Rural Area),,AGRICULTURAL_FIRE,MODERATE,0.88,22.6_70.7
ebc1d8501a,22.9283,70.10589,8.42,338.6,N21,2026-09-08 13:56:00 IST,2,None (Open / Rural Area),,AGRICULTURAL_FIRE,MODERATE,0.88,22.9_70.1
bdada7f3bc,22.93446,69.6957,2.78,333.52,N21,2026-09-08 13:56:00 IST,3,None (Open / Rural Area),,AGRICULTURAL_FIRE,MODERATE,0.88,22.9_69.7
d6273c478b,23.02547,71.60612,5.45,335.77,N21,2026-09-08 13:56:00 IST,1,None (Open / Rural Area),,AGRICULTURAL_FIRE,MODERATE,0.88,23.0_71.6
08cb70ef5d,23.04588,70.13788,13.02,338.51,N21,2026-09-08 13:56:00 IST,1,None (Open / Rural Area),,AGRICULTURAL_FIRE,MODERATE,0.88,23.0_70.1
c5ae1c8477,23.32236,73.02036,4.23,333.37,N21,2026-09-08 13:56:00 IST,1,None (Open / Rural Area),,AGRICULTURAL_FIRE,MODERATE,0.88,23.3_73.0
6780ef0ba1,24.96146,68.29283,5.38,337.08,N21,2026-09-08 13:58:00 IST,1,None (Open / Rural Area),,AGRICULTURAL_FIRE,MODERATE,0.88,25.0_68.3
dcef7a4762,26.61457,68.1585,10.17,345.72,N21,2026-09-08 13:58:00 IST,1,None (Open / Rural Area),,AGRICULTURAL_FIRE,MODERATE,0.88,26.6_68.2
4f376b9232,29.82665,72.6118,3.02,335.04,N21,2026-09-08 13:58:00 IST,1,None (Open / Rural Area),,AGRICULTURAL_FIRE,MODERATE,0.88,29.8_72.6
e62120d1b3,29.91017,74.95127,5.41,335.65,N21,2026-09-08 13:58:00 IST,1,None (Open / Rural Area),,AGRICULTURAL_FIRE,MODERATE,0.88,29.9_75.0
6fb19f0950,29.98816,72.85799,2.0,332.26,N21,2026-09-08 13:58:00 IST,1,None (Open / Rural Area),,AGRICULTURAL_FIRE,MODERATE,0.88,30.0_72.9
1b1e5d4993,30.32612,71.97502,4.33,334.23,N21,2026-09-08 13:58:00 IST,2,None (Open / Rural Area),,AGRICULTURAL_FIRE,MODERATE,0.88,30.3_72.0
1d41de8bbd,30.32961,71.97441,6.48,344.16,N21,2026-09-08 13:58:00 IST,2,None (Open / Rural Area),,AGRICULTURAL_FIRE,MODERATE,0.88,30.3_72.0
689dceb91f,31.12216,74.68616,9.2,339.62,N21,2026-09-08 13:58:00 IST,1,None (Open / Rural Area),,AGRICULTURAL_FIRE,MODERATE,0.88,31.1_74.7
29cc12fa76,31.42434,74.57329,3.47,332.86,N21,2026-09-08 13:58:00 IST,1,None (Open / Rural Area),,AGRICULTURAL_FIRE,MODERATE,0.88,31.4_74.6
ca4c7c6b02,31.45696,72.13266,3.59,335.98,N21,2026-09-08 13:58:00 IST,1,None (Open / Rural Area),,AGRICULTURAL_FIRE,MODERATE,0.88,31.5_72.1
5a229b021a,23.55976,87.08315,1.77,299.24,N21,2026-09-09 00:43:00 IST,1,None (Open / Rural Area),,AGRICULTURAL_FIRE,MODERATE,0.88,23.6_87.1
c9dd2d1443,23.66449,87.15766,0.85,302.53,N21,2026-09-09 00:43:00 IST,1,None (Open / Rural Area),,AGRICULTURAL_FIRE,MODERATE,0.88,23.7_87.2
0e55810c59,23.66482,87.15405,0.85,300.74,N21,2026-09-09 00:43:00 IST,1,None (Open / Rural Area),,AGRICULTURAL_FIRE,MODERATE,0.88,23.7_87.2
1b63e0493a,23.67803,86.39852,1.33,298.04,N21,2026-09-09 00:43:00 IST,2,None (Open / Rural Area),,AGRICULTURAL_FIRE,MODERATE,0.88,23.7_86.4
b7c4b07270,23.7144,86.42355,2.32,301.37,N21,2026-09-09 00:43:00 IST,1,None (Open / Rural Area),,AGRICULTURAL_FIRE,MODERATE,0.88,23.7_86.4
c38f894219,23.72031,86.42017,2.32,304.29,N21,2026-09-09 00:43:00 IST,1,None (Open / Rural Area),,AGRICULTURAL_FIRE,MODERATE,0.88,23.7_86.4
866bc8bece,23.77853,86.20904,1.84,300.67,N21,2026-09-09 00:43:00 IST,5,None (Open / Rural Area),,AGRICULTURAL_FIRE,MODERATE,0.88,23.8_86.2
a01638abb3,23.7941,86.35069,2.74,303.83,N21,2026-09-09 00:43:00 IST,1,None (Open / Rural Area),,AGRICULTURAL_FIRE,MODERATE,0.88,23.8_86.4
7c46db43a8,23.79843,86.35011,3.99,313.88,N21,2026-09-09 00:43:00 IST,1,None (Open / Rural Area),,AGRICULTURAL_FIRE,MODERATE,0.88,23.8_86.4
b07490ee70,23.80013,86.32999,2.3,311.88,N21,2026-09-09 00:43:00 IST,3,None (Open / Rural Area),,AGRICULTURAL_FIRE,MODERATE,0.88,23.8_86.3
c01ff1fdb2,23.80574,86.33054,1.6,308.66,N21,2026-09-09 00:43:00 IST,3,None (Open / Rural Area),,AGRICULTURAL_FIRE,MODERATE,0.88,23.8_86.3
8149caf782,7.18243,80.95554,1.32,305.62,N21,2026-09-09 00:47:00 IST,2,None (Open / Rural Area),,AGRICULTURAL_FIRE,MODERATE,0.88,7.2_81.0
b8b93b674d,7.18365,80.95577,1.31,305.33,N21,2026-09-09 00:47:00 IST,2,None (Open / Rural Area),,AGRICULTURAL_FIRE,MODERATE,0.88,7.2_81.0
40ac08dfbf,35.45044,73.76525,0.95,309.15,N21,2026-09-09 02:21:00 IST,1,None (Open / Rural Area),,AGRICULTURAL_FIRE,MODERATE,0.88,35.5_73.8
9b3f4454a9,20.79208,85.25125,3.74,296.8,N21,2026-09-09 02:23:00 IST,1,None (Open / Rural Area),,AGRICULTURAL_FIRE,MODERATE,0.88,20.8_85.3
13af5c0815,21.24916,79.20591,1.08,303.58,N21,2026-09-09 02:23:00 IST,2,None (Open / Rural Area),,AGRICULTURAL_FIRE,MODERATE,0.88,21.2_79.2
95e76182c8,21.33687,78.96786,1.54,305.76,N21,2026-09-09 02:23:00 IST,2,None (Open / Rural Area),,AGRICULTURAL_FIRE,MODERATE,0.88,21.3_79.0
33f98906b5,21.33834,78.96877,1.37,303.37,N21,2026-09-09 02:23:00 IST,2,None (Open / Rural Area),,AGRICULTURAL_FIRE,MODERATE,0.88,21.3_79.0
d889221895,21.74261,83.84052,3.69,300.13,N21,2026-09-09 02:23:00 IST,5,None (Open / Rural Area),,AGRICULTURAL_FIRE,MODERATE,0.88,21.7_83.8
a139b0b3a9,21.74874,83.84246,3.69,324.49,N21,2026-09-09 02:23:00 IST,5,None (Open / Rural Area),,AGRICULTURAL_FIRE,MODERATE,0.88,21.7_83.8
105da7c208,21.75488,83.84436,1.45,295.77,N21,2026-09-09 02:23:00 IST,1,None (Open / Rural Area),,AGRICULTURAL_FIRE,MODERATE,0.88,21.8_83.8
06656a300d,21.83302,72.65292,2.09,319.91,N21,2026-09-09 02:23:00 IST,1,None (Open / Rural Area),,AGRICULTURAL_FIRE,MODERATE,0.88,21.8_72.7
2e49c9e7d9,22.2642,75.13484,1.61,309.54,N21,2026-09-09 02:23:00 IST,2,None (Open / Rural Area),,AGRICULTURAL_FIRE,MODERATE,0.88,22.3_75.1
d9426a5d0a,22.35583,82.30267,2.7,315.43,N21,2026-09-09 02:23:00 IST,4,None (Open / Rural Area),,AGRICULTURAL_FIRE,MODERATE,0.88,22.4_82.3
2b38951cdd,22.3568,82.29849,1.96,296.49,N21,2026-09-09 02:23:00 IST,4,None (Open / Rural Area),,AGRICULTURAL_FIRE,MODERATE,0.88,22.4_82.3
28374b8982,22.35914,82.30242,3.22,315.69,N21,2026-09-09 02:23:00 IST,3,None (Open / Rural Area),,AGRICULTURAL_FIRE,MODERATE,0.88,22.4_82.3
3c38261cf4,23.25705,70.26215,2.15,310.22,N21,2026-09-09 02:23:00 IST,1,None (Open / Rural Area),,AGRICULTURAL_FIRE,MODERATE,0.88,23.3_70.3
6153e44e5e,23.31549,70.48596,1.86,312.78,N21,2026-09-09 02:23:00 IST,2,None (Open / Rural Area),,AGRICULTURAL_FIRE,MODERATE,0.88,23.3_70.5
7179abc09f,23.42921,68.7126,1.97,305.09,N21,2026-09-09 02:23:00 IST,1,None (Open / Rural Area),,AGRICULTURAL_FIRE,MODERATE,0.88,23.4_68.7
b89a609924,24.66074,74.63229,1.23,306.29,N21,2026-09-09 02:23:00 IST,2,None (Open / Rural Area),,AGRICULTURAL_FIRE,MODERATE,0.88,24.7_74.6
53ae668e95,24.76343,74.60809,1.66,312.0,N21,2026-09-09 02:23:00 IST,3,None (Open / Rural Area),,AGRICULTURAL_FIRE,MODERATE,0.88,24.8_74.6
a25eeb6f6b,24.82075,73.09358,1.32,313.84,N21,2026-09-09 02:23:00 IST,2,None (Open / Rural Area),,AGRICULTURAL_FIRE,MODERATE,0.88,24.8_73.1
dbfc441c79,24.93482,74.63259,1.55,309.0,N21,2026-09-09 02:23:00 IST,2,None (Open / Rural Area),,AGRICULTURAL_FIRE,MODERATE,0.88,24.9_74.6
62d4c80892,25.38644,68.58231,2.4,325.77,N21,2026-09-09 02:23:00 IST,6,None (Open / Rural Area),,AGRICULTURAL_FIRE,MODERATE,0.88,25.4_68.6
979d4edb35,25.38845,68.58139,2.32,321.16,N21,2026-09-09 02:23:00 IST,1,None (Open / Rural Area),,AGRICULTURAL_FIRE,MODERATE,0.88,25.4_68.6
30445e577c,27.66572,76.13033,2.16,307.72,N21,2026-09-09 02:23:00 IST,2,None (Open / Rural Area),,AGRICULTURAL_FIRE,MODERATE,0.88,27.7_76.1
0ae53a83c7,28.27609,77.18248,0.99,307.53,N21,2026-09-09 02:23:00 IST,1,None (Open / Rural Area),,AGRICULTURAL_FIRE,MODERATE,0.88,28.3_77.2
d223a5ae1a,28.34451,77.23112,1.54,311.99,N21,2026-09-09 02:23:00 IST,3,None (Open / Rural Area),,AGRICULTURAL_FIRE,MODERATE,0.88,28.3_77.2
e9e4106b55,28.34715,77.25851,3.45,306.92,N21,2026-09-09 02:23:00 IST,2,None (Open / Rural Area),,AGRICULTURAL_FIRE,MODERATE,0.88,28.3_77.3
b81c4d0698,28.42428,69.69835,2.15,315.76,N21,2026-09-09 02:23:00 IST,3,None (Open / Rural Area),,AGRICULTURAL_FIRE,MODERATE,0.88,28.4_69.7
2936e8592c,28.85114,77.14791,3.15,311.21,N21,2026-09-09 02:23:00 IST,1,None (Open / Rural Area),,AGRICULTURAL_FIRE,MODERATE,0.88,28.9_77.1
c6f884a150,29.6315,77.24976,0.75,305.32,N21,2026-09-09 02:23:00 IST,1,None (Open / Rural Area),,AGRICULTURAL_FIRE,MODERATE,0.88,29.6_77.2
e956dd758e,30.08338,70.17281,2.24,308.92,N21,2026-09-09 02:23:00 IST,1,None (Open / Rural Area),,AGRICULTURAL_FIRE,MODERATE,0.88,30.1_70.2
93d1b2afc7,30.44674,70.56655,0.9,312.48,N21,2026-09-09 02:23:00 IST,2,None (Open / Rural Area),,AGRICULTURAL_FIRE,MODERATE,0.88,30.4_70.6
21323d0ddd,32.29046,70.7383,3.19,310.12,N21,2026-09-09 02:23:00 IST,1,None (Open / Rural Area),,AGRICULTURAL_FIRE,MODERATE,0.88,32.3_70.7
b9b4c54229,32.37861,72.13979,1.03,308.95,N21,2026-09-09 02:23:00 IST,2,None (Open / Rural Area),,AGRICULTURAL_FIRE,MODERATE,0.88,32.4_72.1
e2a26d1308,32.38057,72.13855,2.39,309.09,N21,2026-09-09 02:23:00 IST,2,None (Open / Rural Area),,AGRICULTURAL_FIRE,MODERATE,0.88,32.4_72.1
947b26158c,32.57512,72.5635,2.52,313.96,N21,2026-09-09 02:23:00 IST,3,None (Open / Rural Area),,AGRICULTURAL_FIRE,MODERATE,0.88,32.6_72.6
c51164bdd6,32.65304,70.47336,1.47,314.53,N21,2026-09-09 02:23:00 IST,2,None (Open / Rural Area),,AGRICULTURAL_FIRE,MODERATE,0.88,32.7_70.5
cb11213fc0,32.71785,72.77577,1.49,312.2,N21,2026-09-09 02:23:00 IST,3,None (Open / Rural Area),,AGRICULTURAL_FIRE,MODERATE,0.88,32.7_72.8
d7f3d69e82,32.71963,72.92428,1.02,305.09,N21,2026-09-09 02:23:00 IST,1,None (Open / Rural Area),,AGRICULTURAL_FIRE,MODERATE,0.88,32.7_72.9
cd6b154c91,32.88968,71.6192,2.86,307.76,N21,2026-09-09 02:23:00 IST,2,None (Open / Rural Area),,AGRICULTURAL_FIRE,MODERATE,0.88,32.9_71.6
a8a4e93e3d,33.29688,71.18692,1.47,312.13,N21,2026-09-09 02:23:00 IST,2,None (Open / Rural Area),,AGRICULTURAL_FIRE,MODERATE,0.88,33.3_71.2
81d4253638,33.54583,71.55003,1.91,308.02,N21,2026-09-09 02:23:00 IST,2,None (Open / Rural Area),,AGRICULTURAL_FIRE,MODERATE,0.88,33.5_71.6
387fc08590,33.54665,71.55161,1.8,306.9,N21,2026-09-09 02:23:00 IST,2,None (Open / Rural Area),,AGRICULTURAL_FIRE,MODERATE,0.88,33.5_71.6
fa4aa3e135,33.68939,72.71101,1.56,315.02,N21,2026-09-09 02:23:00 IST,2,None (Open / Rural Area),,AGRICULTURAL_FIRE,MODERATE,0.88,33.7_72.7
78c5e0b722,33.90155,74.64181,3.7,327.28,N21,2026-09-09 02:23:00 IST,1,None (Open / Rural Area),,AGRICULTURAL_FIRE,MODERATE,0.88,33.9_74.6
55ea402729,35.96765,68.68378,1.14,303.0,N21,2026-09-09 02:23:00 IST,2,None (Open / Rural Area),,AGRICULTURAL_FIRE,MODERATE,0.88,36.0_68.7
36e837d90b,13.03041,77.87395,1.04,310.53,N21,2026-09-09 02:25:00 IST,3,None (Open / Rural Area),,AGRICULTURAL_FIRE,MODERATE,0.88,13.0_77.9
7be8a976c6,13.03228,77.87708,1.11,301.88,N21,2026-09-09 02:25:00 IST,3,None (Open / Rural Area),,AGRICULTURAL_FIRE,MODERATE,0.88,13.0_77.9
02c14c6ce8,13.03289,77.87395,1.11,313.38,N21,2026-09-09 02:25:00 IST,3,None (Open / Rural Area),,AGRICULTURAL_FIRE,MODERATE,0.88,13.0_77.9
00eef55c5e,14.42481,79.67995,4.49,295.39,N21,2026-09-09 02:25:00 IST,1,None (Open / Rural Area),,AGRICULTURAL_FIRE,MODERATE,0.88,14.4_79.7
ac74d15418,15.16434,76.37961,0.78,301.25,N21,2026-09-09 02:25:00 IST,7,None (Open / Rural Area),,AGRICULTURAL_FIRE,MODERATE,0.88,15.2_76.4
eca14ca5d7,15.16665,76.37827,1.36,302.06,N21,2026-09-09 02:25:00 IST,7,None (Open / Rural Area),,AGRICULTURAL_FIRE,MODERATE,0.88,15.2_76.4
9390105455,15.16879,76.38054,1.79,303.85,N21,2026-09-09 02:25:00 IST,7,None (Open / Rural Area),,AGRICULTURAL_FIRE,MODERATE,0.88,15.2_76.4
3860ecd859,15.17728,76.65664,6.33,327.82,N21,2026-09-09 02:25:00 IST,7,None (Open / Rural Area),,AGRICULTURAL_FIRE,MODERATE,0.88,15.2_76.7
0c753bcb1d,15.17819,76.67695,3.17,309.68,N21,2026-09-09 02:25:00 IST,8,None (Open / Rural Area),,AGRICULTURAL_FIRE,MODERATE,0.88,15.2_76.7
79ca261f5a,15.1791,76.67211,1.6,303.5,N21,2026-09-09 02:25:00 IST,11,None (Open / Rural Area),,AGRICULTURAL_FIRE,MODERATE,0.88,15.2_76.7
ae7bd6b8a2,15.18,76.66727,1.6,307.35,N21,2026-09-09 02:25:00 IST,11,None (Open / Rural Area),,AGRICULTURAL_FIRE,MODERATE,0.88,15.2_76.7
e1fedfd6e4,15.18634,76.65858,2.48,307.6,N21,2026-09-09 02:25:00 IST,11,None (Open / Rural Area),,AGRICULTURAL_FIRE,MODERATE,0.88,15.2_76.7
862f8e499d,15.2236,76.76345,1.71,309.35,N21,2026-09-09 02:25:00 IST,4,None (Open / Rural Area),,AGRICULTURAL_FIRE,MODERATE,0.88,15.2_76.8
82a6c7aa1b,15.33856,76.27937,2.49,319.13,N21,2026-09-09 02:25:00 IST,1,None (Open / Rural Area),,AGRICULTURAL_FIRE,MODERATE,0.88,15.3_76.3
78c4034aa5,15.33924,76.25131,0.75,303.55,N21,2026-09-09 02:25:00 IST,1,None (Open / Rural Area),,AGRICULTURAL_FIRE,MODERATE,0.88,15.3_76.3
fdbfda2887,15.6576,73.99148,0.84,304.03,N21,2026-09-09 02:25:00 IST,2,None (Open / Rural Area),,AGRICULTURAL_FIRE,MODERATE,0.88,15.7_74.0
bafa6aa202,16.51887,79.73135,1.59,302.84,N21,2026-09-09 02:25:00 IST,1,None (Open / Rural Area),,AGRICULTURAL_FIRE,MODERATE,0.88,16.5_79.7
214445122d,16.87159,80.02135,2.38,304.24,N21,2026-09-09 02:25:00 IST,1,None (Open / Rural Area),,AGRICULTURAL_FIRE,MODERATE,0.88,16.9_80.0
00dccbedb9,17.9596,80.79324,2.48,303.82,N21,2026-09-09 02:25:00 IST,1,None (Open / Rural Area),,AGRICULTURAL_FIRE,MODERATE,0.88,18.0_80.8
2fa638e691,18.57353,74.15674,4.21,328.04,N21,2026-09-09 02:25:00 IST,2,None (Open / Rural Area),,AGRICULTURAL_FIRE,MODERATE,0.88,18.6_74.2
8602d274e2,18.69045,73.04063,3.74,322.23,N21,2026-09-09 02:25:00 IST,2,None (Open / Rural Area),,AGRICULTURAL_FIRE,MODERATE,0.88,18.7_73.0
86e9cd320d,19.17728,70.94631,2.74,314.83,N21,2026-09-09 02:25:00 IST,2,None (Open / Rural Area),,AGRICULTURAL_FIRE,MODERATE,0.88,19.2_70.9
fb3a679536,19.37115,71.35227,3.92,324.07,N21,2026-09-09 02:25:00 IST,1,None (Open / Rural Area),,AGRICULTURAL_FIRE,MODERATE,0.88,19.4_71.4
4142d7cff7,19.81688,79.33522,1.06,307.31,N21,2026-09-09 02:25:00 IST,1,None (Open / Rural Area),,AGRICULTURAL_FIRE,MODERATE,0.88,19.8_79.3
290b931f34,19.93704,73.71299,2.1,319.13,N21,2026-09-09 02:25:00 IST,3,None (Open / Rural Area),,AGRICULTURAL_FIRE,MODERATE,0.88,19.9_73.7
27e29754db,20.91085,71.46191,0.81,307.85,N21,2026-09-09 02:25:00 IST,4,None (Open / Rural Area),,AGRICULTURAL_FIRE,MODERATE,0.88,20.9_71.5
c50de3ca8e,20.91144,71.45822,0.81,306.58,N21,2026-09-09 02:25:00 IST,4,None (Open / Rural Area),,AGRICULTURAL_FIRE,MODERATE,0.88,20.9_71.5
2e2de257ce,21.10085,72.6372,2.33,306.97,N21,2026-09-09 02:25:00 IST,8,None (Open / Rural Area),,AGRICULTURAL_FIRE,MODERATE,0.88,21.1_72.6
814649f88e,21.10228,72.64941,3.13,308.29,N21,2026-09-09 02:25:00 IST,17,None (Open / Rural Area),,AGRICULTURAL_FIRE,MODERATE,0.88,21.1_72.6
17d4a52ca7,21.10292,72.64555,3.13,316.94,N21,2026-09-09 02:25:00 IST,17,None (Open / Rural Area),,AGRICULTURAL_FIRE,MODERATE,0.88,21.1_72.6
e82b79ae78,21.10357,72.64169,1.45,307.13,N21,2026-09-09 02:25:00 IST,17,None (Open / Rural Area),,AGRICULTURAL_FIRE,MODERATE,0.88,21.1_72.6
ebcfb03fda,21.105,72.65392,3.04,307.63,N21,2026-09-09 02:25:00 IST,1,None (Open / Rural Area),,AGRICULTURAL_FIRE,MODERATE,0.88,21.1_72.7
64b3273896,21.10565,72.65005,3.13,311.3,N21,2026-09-09 02:25:00 IST,17,None (Open / Rural Area),,AGRICULTURAL_FIRE,MODERATE,0.88,21.1_72.7
80ff8929a0,21.10629,72.64619,3.13,338.63,N21,2026-09-09 02:25:00 IST,17,None (Open / Rural Area),,AGRICULTURAL_FIRE,MODERATE,0.88,21.1_72.6
974ca4a3a6,21.10694,72.64233,1.45,308.96,N21,2026-09-09 02:25:00 IST,17,None (Open / Rural Area),,AGRICULTURAL_FIRE,MODERATE,0.88,21.1_72.6
e26ce218eb,21.10758,72.63847,1.45,308.96,N21,2026-09-09 02:25:00 IST,17,None (Open / Rural Area),,AGRICULTURAL_FIRE,MODERATE,0.88,21.1_72.6
aa57035444,21.10966,72.64683,3.46,308.17,N21,2026-09-09 02:25:00 IST,17,None (Open / Rural Area),,AGRICULTURAL_FIRE,MODERATE,0.88,21.1_72.6
5baa70d490,23.69509,85.28782,3.04,298.32,N21,2026-09-09 02:25:00 IST,1,None (Open / Rural Area),,AGRICULTURAL_FIRE,MODERATE,0.88,23.7_85.3
d648981777,23.75601,86.40096,4.46,295.65,N21,2026-09-09 02:25:00 IST,3,None (Open / Rural Area),,AGRICULTURAL_FIRE,MODERATE,0.88,23.8_86.4
27579628de,23.76281,86.40294,5.06,298.71,N21,2026-09-09 02:25:00 IST,3,None (Open / Rural Area),,AGRICULTURAL_FIRE,MODERATE,0.88,23.8_86.4
751060979a,23.76368,86.39948,3.91,297.72,N21,2026-09-09 02:25:00 IST,3,None (Open / Rural Area),,AGRICULTURAL_FIRE,MODERATE,0.88,23.8_86.4
7acbc6f33b,24.16105,82.56412,3.94,297.3,N21,2026-09-09 02:25:00 IST,3,None (Open / Rural Area),,AGRICULTURAL_FIRE,MODERATE,0.88,24.2_82.6
773e986e79,24.16183,82.56509,3.95,295.7,N21,2026-09-09 02:25:00 IST,3,None (Open / Rural Area),,AGRICULTURAL_FIRE,MODERATE,0.88,24.2_82.6
aa20c47eda,26.09373,68.87742,1.71,313.82,N21,2026-09-09 02:25:00 IST,2,None (Open / Rural Area),,AGRICULTURAL_FIRE,MODERATE,0.88,26.1_68.9
c5a8d48f77,26.2584,74.09742,1.15,313.85,N21,2026-09-09 02:25:00 IST,2,None (Open / Rural Area),,AGRICULTURAL_FIRE,MODERATE,0.88,26.3_74.1
d59e129a9a,26.70292,77.84827,3.58,310.07,N21,2026-09-09 02:25:00 IST,2,None (Open / Rural Area),,AGRICULTURAL_FIRE,MODERATE,0.88,26.7_77.8
4eec17cfad,26.87415,73.51509,1.57,308.59,N21,2026-09-09 02:25:00 IST,3,None (Open / Rural Area),,AGRICULTURAL_FIRE,MODERATE,0.88,26.9_73.5
dd783133b8,26.87747,73.51576,1.48,311.23,N21,2026-09-09 02:25:00 IST,3,None (Open / Rural Area),,AGRICULTURAL_FIRE,MODERATE,0.88,26.9_73.5
9ad91c49a4,26.92614,73.46925,1.19,308.18,N21,2026-09-09 02:25:00 IST,1,None (Open / Rural Area),,AGRICULTURAL_FIRE,MODERATE,0.88,26.9_73.5
d48bb06f33,28.03767,69.67236,2.76,324.15,N21,2026-09-09 02:25:00 IST,1,None (Open / Rural Area),,AGRICULTURAL_FIRE,MODERATE,0.88,28.0_69.7
885d24cb8b,8.96161,77.40189,0.56,306.06,N21,2026-09-09 02:27:00 IST,1,None (Open / Rural Area),,AGRICULTURAL_FIRE,MODERATE,0.88,9.0_77.4
20c7e349ed,10.26176,77.25022,1.08,308.6,N21,2026-09-09 02:27:00 IST,1,None (Open / Rural Area),,AGRICULTURAL_FIRE,MODERATE,0.88,10.3_77.3
a787fdf054,10.26518,77.26077,0.64,300.34,N21,2026-09-09 02:27:00 IST,1,None (Open / Rural Area),,AGRICULTURAL_FIRE,MODERATE,0.88,10.3_77.3
ac34774619,10.61471,77.42147,0.4,302.44,N21,2026-09-09 02:27:00 IST,3,None (Open / Rural Area),,AGRICULTURAL_FIRE,MODERATE,0.88,10.6_77.4
1b54217578,10.61572,77.41997,0.25,304.11,N21,2026-09-09 02:27:00 IST,3,None (Open / Rural Area),,AGRICULTURAL_FIRE,MODERATE,0.88,10.6_77.4
f4b52a8538,11.03921,77.58987,0.36,303.79,N21,2026-09-09 02:27:00 IST,1,None (Open / Rural Area),,AGRICULTURAL_FIRE,MODERATE,0.88,11.0_77.6
95b79ba8e9,11.18072,79.10183,2.15,305.61,N21,2026-09-09 02:27:00 IST,3,None (Open / Rural Area),,AGRICULTURAL_FIRE,MODERATE,0.88,11.2_79.1
879a2aa817,11.1821,79.09983,1.75,311.76,N21,2026-09-09 02:27:00 IST,3,None (Open / Rural Area),,AGRICULTURAL_FIRE,MODERATE,0.88,11.2_79.1
cfda028702,11.42799,77.36931,1.28,314.3,N21,2026-09-09 02:27:00 IST,1,None (Open / Rural Area),,AGRICULTURAL_FIRE,MODERATE,0.88,11.4_77.4
6b5c3d7bca,23.56059,87.23653,5.73,329.4,N21,2026-09-09 11:57:00 IST,4,None (Open / Rural Area),,AGRICULTURAL_FIRE,MODERATE,0.88,23.6_87.2
c2d70f5c1e,23.56091,87.23907,7.34,330.53,N21,2026-09-09 11:57:00 IST,4,None (Open / Rural Area),,AGRICULTURAL_FIRE,MODERATE,0.88,23.6_87.2
98dc5fe49f,23.97787,97.77264,6.77,329.42,N21,2026-09-09 11:57:00 IST,1,None (Open / Rural Area),,AGRICULTURAL_FIRE,MODERATE,0.88,24.0_97.8
b3b331eb0f,24.42673,96.55429,3.87,330.3,N21,2026-09-09 11:57:00 IST,1,None (Open / Rural Area),,AGRICULTURAL_FIRE,MODERATE,0.88,24.4_96.6
9af613212b,27.87122,96.85186,2.31,326.36,N21,2026-09-09 11:59:00 IST,1,None (Open / Rural Area),,AGRICULTURAL_FIRE,MODERATE,0.88,27.9_96.9
9223c54521,27.95798,95.4838,1.66,329.15,N21,2026-09-09 11:59:00 IST,1,None (Open / Rural Area),,AGRICULTURAL_FIRE,MODERATE,0.88,28.0_95.5
6e45b05c55,28.49761,97.02418,4.07,332.0,N21,2026-09-09 11:59:00 IST,2,None (Open / Rural Area),,AGRICULTURAL_FIRE,MODERATE,0.88,28.5_97.0
7cb714784d,29.13791,91.72081,5.65,341.59,N21,2026-09-09 11:59:00 IST,2,None (Open / Rural Area),,AGRICULTURAL_FIRE,MODERATE,0.88,29.1_91.7
fb43085ad1,29.14235,91.71965,5.65,336.38,N21,2026-09-09 11:59:00 IST,2,None (Open / Rural Area),,AGRICULTURAL_FIRE,MODERATE,0.88,29.1_91.7
98ad664da8,29.60353,91.00055,4.53,328.1,N21,2026-09-09 11:59:00 IST,2,None (Open / Rural Area),,AGRICULTURAL_FIRE,MODERATE,0.88,29.6_91.0
eca489473f,29.60503,91.0018,5.97,328.82,N21,2026-09-09 11:59:00 IST,2,None (Open / Rural Area),,AGRICULTURAL_FIRE,MODERATE,0.88,29.6_91.0
29a9239153,29.64224,90.97825,2.67,325.26,N21,2026-09-09 11:59:00 IST,2,None (Open / Rural Area),,AGRICULTURAL_FIRE,MODERATE,0.88,29.6_91.0
21673a9385,6.19265,80.83313,4.13,332.66,N21,2026-09-09 13:31:00 IST,1,None (Open / Rural Area),,AGRICULTURAL_FIRE,MODERATE,0.88,6.2_80.8
97132f30af,6.25292,81.03427,4.85,338.21,N21,2026-09-09 13:31:00 IST,1,None (Open / Rural Area),,AGRICULTURAL_FIRE,MODERATE,0.88,6.3_81.0
0b672968ab,6.33823,80.99163,26.36,342.03,N21,2026-09-09 13:31:00 IST,2,None (Open / Rural Area),,AGRICULTURAL_FIRE,MODERATE,0.88,6.3_81.0
2871e6d69d,6.34158,80.99113,8.65,339.98,N21,2026-09-09 13:31:00 IST,2,None (Open / Rural Area),,AGRICULTURAL_FIRE,MODERATE,0.88,6.3_81.0
bc7ad6fc4e,6.35144,80.9423,3.45,332.39,N21,2026-09-09 13:31:00 IST,1,None (Open / Rural Area),,AGRICULTURAL_FIRE,MODERATE,0.88,6.4_80.9
b96d4c907c,6.35478,80.94179,5.19,336.88,N21,2026-09-09 13:31:00 IST,2,None (Open / Rural Area),,AGRICULTURAL_FIRE,MODERATE,0.88,6.4_80.9
bd7cb4083b,6.40658,80.854,7.74,339.68,N21,2026-09-09 13:31:00 IST,1,None (Open / Rural Area),,AGRICULTURAL_FIRE,MODERATE,0.88,6.4_80.9
9e4e7a3edf,6.40698,80.87935,4.82,340.34,N21,2026-09-09 13:31:00 IST,2,None (Open / Rural Area),,AGRICULTURAL_FIRE,MODERATE,0.88,6.4_80.9
1c31595303,6.41032,80.87884,4.82,337.9,N21,2026-09-09 13:31:00 IST,2,None (Open / Rural Area),,AGRICULTURAL_FIRE,MODERATE,0.88,6.4_80.9
357d2d0ba7,6.4562,81.0546,4.72,337.68,N21,2026-09-09 13:31:00 IST,1,None (Open / Rural Area),,AGRICULTURAL_FIRE,MODERATE,0.88,6.5_81.1
a44a50298a,6.46045,81.0833,2.94,336.6,N21,2026-09-09 13:31:00 IST,2,None (Open / Rural Area),,AGRICULTURAL_FIRE,MODERATE,0.88,6.5_81.1
55db41c639,6.46098,81.0869,2.48,334.4,N21,2026-09-09 13:31:00 IST,2,None (Open / Rural Area),,AGRICULTURAL_FIRE,MODERATE,0.88,6.5_81.1
3581bce360,6.5094,80.95144,6.59,343.31,N21,2026-09-09 13:31:00 IST,1,None (Open / Rural Area),,AGRICULTURAL_FIRE,MODERATE,0.88,6.5_81.0
3adbd9a461,6.54716,81.08868,2.73,336.47,N21,2026-09-09 13:31:00 IST,1,None (Open / Rural Area),,AGRICULTURAL_FIRE,MODERATE,0.88,6.5_81.1
4abb31b23c,6.56181,80.98679,1.87,333.07,N21,2026-09-09 13:31:00 IST,1,None (Open / Rural Area),,AGRICULTURAL_FIRE,MODERATE,0.88,6.6_81.0
3ac370be35,6.57573,81.20997,3.9,337.74,N21,2026-09-09 13:31:00 IST,1,None (Open / Rural Area),,AGRICULTURAL_FIRE,MODERATE,0.88,6.6_81.2
f6e0621704,6.57974,81.13117,5.5,346.0,N21,2026-09-09 13:31:00 IST,2,None (Open / Rural Area),,AGRICULTURAL_FIRE,MODERATE,0.88,6.6_81.1
63ab57afd3,6.58311,81.13067,5.5,339.28,N21,2026-09-09 13:31:00 IST,2,None (Open / Rural Area),,AGRICULTURAL_FIRE,MODERATE,0.88,6.6_81.1
e538cc9b6e,6.59059,81.18131,6.31,338.75,N21,2026-09-09 13:31:00 IST,1,None (Open / Rural Area),,AGRICULTURAL_FIRE,MODERATE,0.88,6.6_81.2
ed27a776a3,6.59298,81.08121,3.27,338.33,N21,2026-09-09 13:31:00 IST,1,None (Open / Rural Area),,AGRICULTURAL_FIRE,MODERATE,0.88,6.6_81.1
c334233e0b,6.69274,81.33363,3.75,335.08,N21,2026-09-09 13:31:00 IST,1,None (Open / Rural Area),,AGRICULTURAL_FIRE,MODERATE,0.88,6.7_81.3
c15b4dd5d2,6.70894,81.53505,9.45,341.64,N21,2026-09-09 13:31:00 IST,2,None (Open / Rural Area),,AGRICULTURAL_FIRE,MODERATE,0.88,6.7_81.5
40a240ab52,6.7095,81.53876,9.45,345.65,N21,2026-09-09 13:31:00 IST,2,None (Open / Rural Area),,AGRICULTURAL_FIRE,MODERATE,0.88,6.7_81.5
f09a8dbd94,6.71368,81.3264,15.38,343.85,N21,2026-09-09 13:31:00 IST,2,None (Open / Rural Area),,AGRICULTURAL_FIRE,MODERATE,0.88,6.7_81.3
57d90f8252,6.71513,81.39034,13.73,341.44,N21,2026-09-09 13:31:00 IST,1,None (Open / Rural Area),,AGRICULTURAL_FIRE,MODERATE,0.88,6.7_81.4
1007d6395f,6.72099,81.329,6.93,340.09,N21,2026-09-09 13:31:00 IST,2,None (Open / Rural Area),,AGRICULTURAL_FIRE,MODERATE,0.88,6.7_81.3
8a2d0597a3,6.7302,81.39169,26.02,348.78,N21,2026-09-09 13:31:00 IST,3,None (Open / Rural Area),,AGRICULTURAL_FIRE,MODERATE,0.88,6.7_81.4
7f32f29edc,6.73229,81.14848,7.69,346.61,N21,2026-09-09 13:31:00 IST,1,None (Open / Rural Area),,AGRICULTURAL_FIRE,MODERATE,0.88,6.7_81.1
240ca886ca,6.73456,81.32701,2.9,336.09,N21,2026-09-09 13:31:00 IST,2,None (Open / Rural Area),,AGRICULTURAL_FIRE,MODERATE,0.88,6.7_81.3
ef3d2f9314,6.73523,81.40224,11.42,344.52,N21,2026-09-09 13:31:00 IST,2,None (Open / Rural Area),,AGRICULTURAL_FIRE,MODERATE,0.88,6.7_81.4
eb06fd9479,6.7385,81.33026,6.19,336.73,N21,2026-09-09 13:31:00 IST,2,None (Open / Rural Area),,AGRICULTURAL_FIRE,MODERATE,0.88,6.7_81.3
c211be5eeb,6.73863,81.40172,11.42,345.01,N21,2026-09-09 13:31:00 IST,2,None (Open / Rural Area),,AGRICULTURAL_FIRE,MODERATE,0.88,6.7_81.4
b80e999611,6.74657,81.10564,5.55,336.29,N21,2026-09-09 13:31:00 IST,1,None (Open / Rural Area),,AGRICULTURAL_FIRE,MODERATE,0.88,6.7_81.1
2c78805770,6.76333,81.334,26.46,350.01,N21,2026-09-09 13:31:00 IST,1,None (Open / Rural Area),,AGRICULTURAL_FIRE,MODERATE,0.88,6.8_81.3
94553850d0,6.80782,81.51635,17.13,340.23,N21,2026-09-09 13:31:00 IST,1,None (Open / Rural Area),,AGRICULTURAL_FIRE,MODERATE,0.88,6.8_81.5
5939bd3783,6.80814,81.425,9.41,347.71,N21,2026-09-09 13:31:00 IST,1,None (Open / Rural Area),,AGRICULTURAL_FIRE,MODERATE,0.88,6.8_81.4
a1e73b4b3d,6.83122,81.48613,8.59,342.78,N21,2026-09-09 13:31:00 IST,1,None (Open / Rural Area),,AGRICULTURAL_FIRE,MODERATE,0.88,6.8_81.5
1130e355f4,6.86099,81.56608,15.46,341.41,N21,2026-09-09 13:31:00 IST,1,None (Open / Rural Area),,AGRICULTURAL_FIRE,MODERATE,0.88,6.9_81.6
4397262df6,6.9029,81.49482,4.32,335.76,N21,2026-09-09 13:31:00 IST,1,None (Open / Rural Area),,AGRICULTURAL_FIRE,MODERATE,0.88,6.9_81.5
d47a6066ce,6.90927,81.46726,4.73,335.79,N21,2026-09-09 13:31:00 IST,1,None (Open / Rural Area),,AGRICULTURAL_FIRE,MODERATE,0.88,6.9_81.5
fa51b80e1f,6.96611,81.35244,4.0,334.42,N21,2026-09-09 13:31:00 IST,1,None (Open / Rural Area),,AGRICULTURAL_FIRE,MODERATE,0.88,7.0_81.4
cc5279df9a,6.98227,80.1157,4.44,340.98,N21,2026-09-09 13:31:00 IST,1,None (Open / Rural Area),,AGRICULTURAL_FIRE,MODERATE,0.88,7.0_80.1
89fcb2cb96,7.02689,81.43372,4.25,331.03,N21,2026-09-09 13:31:00 IST,1,None (Open / Rural Area),,AGRICULTURAL_FIRE,MODERATE,0.88,7.0_81.4
58fc72242c,7.06246,81.55486,5.14,334.99,N21,2026-09-09 13:31:00 IST,2,None (Open / Rural Area),,AGRICULTURAL_FIRE,MODERATE,0.88,7.1_81.6
9571d3a4e1,7.08122,81.39563,43.41,313.78,N21,2026-09-09 13:31:00 IST,2,None (Open / Rural Area),,WILDFIRE_BIOMASS,HIGH,0.85,7.1_81.4
fa588886c4,7.08177,81.39934,43.41,332.28,N21,2026-09-09 13:31:00 IST,1,None (Open / Rural Area),,WILDFIRE_BIOMASS,HIGH,0.85,7.1_81.4
a07069ec0c,7.08463,81.3951,43.41,345.99,N21,2026-09-09 13:31:00 IST,2,None (Open / Rural Area),,WILDFIRE_BIOMASS,HIGH,0.85,7.1_81.4
1721998262,7.11561,80.89385,7.46,334.98,N21,2026-09-09 13:31:00 IST,1,None (Open / Rural Area),,AGRICULTURAL_FIRE,MODERATE,0.88,7.1_80.9
39c5b648fe,7.12797,81.07034,8.44,340.74,N21,2026-09-09 13:31:00 IST,2,None (Open / Rural Area),,AGRICULTURAL_FIRE,MODERATE,0.88,7.1_81.1
28a47ad9a2,7.13188,81.07349,8.61,338.28,N21,2026-09-09 13:31:00 IST,2,None (Open / Rural Area),,AGRICULTURAL_FIRE,MODERATE,0.88,7.1_81.1
4578397523,7.16563,81.68224,9.52,341.03,N21,2026-09-09 13:31:00 IST,1,None (Open / Rural Area),,AGRICULTURAL_FIRE,MODERATE,0.88,7.2_81.7
a1e6709ab5,7.18486,81.55257,6.04,343.79,N21,2026-09-09 13:31:00 IST,2,None (Open / Rural Area),,AGRICULTURAL_FIRE,MODERATE,0.88,7.2_81.6
bdaee9f602,7.19104,81.57093,6.93,338.09,N21,2026-09-09 13:31:00 IST,1,None (Open / Rural Area),,AGRICULTURAL_FIRE,MODERATE,0.88,7.2_81.6
bcbb48881e,7.22384,81.65108,8.32,336.28,N21,2026-09-09 13:31:00 IST,1,None (Open / Rural Area),,AGRICULTURAL_FIRE,MODERATE,0.88,7.2_81.7
9c6e2019a7,7.28317,81.05775,5.46,345.52,N21,2026-09-09 13:31:00 IST,1,None (Open / Rural Area),,AGRICULTURAL_FIRE,MODERATE,0.88,7.3_81.1
851c5361af,7.29643,81.10033,10.72,344.19,N21,2026-09-09 13:31:00 IST,1,None (Open / Rural Area),,AGRICULTURAL_FIRE,MODERATE,0.88,7.3_81.1
0bec459ea0,7.33038,79.99014,5.25,339.46,N21,2026-09-09 13:31:00 IST,1,None (Open / Rural Area),,AGRICULTURAL_FIRE,MODERATE,0.88,7.3_80.0
20dbaf94ed,7.35643,81.09863,1.56,335.52,N21,2026-09-09 13:31:00 IST,1,None (Open / Rural Area),,AGRICULTURAL_FIRE,MODERATE,0.88,7.4_81.1
c007adde6d,7.43342,81.7683,8.1,339.52,N21,2026-09-09 13:31:00 IST,1,None (Open / Rural Area),,AGRICULTURAL_FIRE,MODERATE,0.88,7.4_81.8
5ced272420,7.43344,81.12814,9.77,349.62,N21,2026-09-09 13:31:00 IST,2,None (Open / Rural Area),,AGRICULTURAL_FIRE,MODERATE,0.88,7.4_81.1
6b32eb0cf7,7.43399,81.13179,5.6,336.33,N21,2026-09-09 13:31:00 IST,2,None (Open / Rural Area),,AGRICULTURAL_FIRE,MODERATE,0.88,7.4_81.1
910ae3ff13,7.44558,80.23557,3.94,332.35,N21,2026-09-09 13:31:00 IST,1,None (Open / Rural Area),,AGRICULTURAL_FIRE,MODERATE,0.88,7.4_80.2
28ef53e005,7.53552,80.06421,3.27,335.07,N21,2026-09-09 13:31:00 IST,1,None (Open / Rural Area),,AGRICULTURAL_FIRE,MODERATE,0.88,7.5_80.1
776f6fbdcd,7.53921,80.2243,4.75,338.44,N21,2026-09-09 13:31:00 IST,1,None (Open / Rural Area),,AGRICULTURAL_FIRE,MODERATE,0.88,7.5_80.2
42d763b8bb,7.5457,81.36108,3.72,338.61,N21,2026-09-09 13:31:00 IST,1,None (Open / Rural Area),,AGRICULTURAL_FIRE,MODERATE,0.88,7.5_81.4
a35924487e,7.55054,80.18681,4.63,339.35,N21,2026-09-09 13:31:00 IST,1,None (Open / Rural Area),,AGRICULTURAL_FIRE,MODERATE,0.88,7.6_80.2
66badebbac,7.56053,81.00839,4.59,334.86,N21,2026-09-09 13:31:00 IST,2,None (Open / Rural Area),,AGRICULTURAL_FIRE,MODERATE,0.88,7.6_81.0
87c1553d0b,7.56444,81.01154,4.59,348.27,N21,2026-09-09 13:31:00 IST,2,None (Open / Rural Area),,AGRICULTURAL_FIRE,MODERATE,0.88,7.6_81.0
b8953e4cb9,7.57748,81.38687,10.81,338.97,N21,2026-09-09 13:31:00 IST,1,None (Open / Rural Area),,AGRICULTURAL_FIRE,MODERATE,0.88,7.6_81.4
3812457862,7.59119,81.05225,3.67,337.74,N21,2026-09-09 13:31:00 IST,4,None (Open / Rural Area),,AGRICULTURAL_FIRE,MODERATE,0.88,7.6_81.1
c01fb83904,7.59174,81.05589,3.14,337.05,N21,2026-09-09 13:31:00 IST,3,None (Open / Rural Area),,AGRICULTURAL_FIRE,MODERATE,0.88,7.6_81.1
b63ad6884d,7.60002,80.13287,3.77,334.73,N21,2026-09-09 13:31:00 IST,1,None (Open / Rural Area),,AGRICULTURAL_FIRE,MODERATE,0.88,7.6_80.1
9ecb56b67b,7.6025,80.94267,5.25,342.48,N21,2026-09-09 13:31:00 IST,2,None (Open / Rural Area),,AGRICULTURAL_FIRE,MODERATE,0.88,7.6_80.9
6c5cdffe8f,7.60587,80.94217,6.44,340.17,N21,2026-09-09 13:31:00 IST,2,None (Open / Rural Area),,AGRICULTURAL_FIRE,MODERATE,0.88,7.6_80.9
22cfd274c3,7.6145,80.09136,13.12,343.81,N21,2026-09-09 13:31:00 IST,1,None (Open / Rural Area),,AGRICULTURAL_FIRE,MODERATE,0.88,7.6_80.1
2dcacd01fe,7.61607,81.03359,7.9,347.57,N21,2026-09-09 13:31:00 IST,2,None (Open / Rural Area),,AGRICULTURAL_FIRE,MODERATE,0.88,7.6_81.0
eb8bd72bc4,7.61945,81.03308,12.23,350.18,N21,2026-09-09 13:31:00 IST,2,None (Open / Rural Area),,AGRICULTURAL_FIRE,MODERATE,0.88,7.6_81.0
b9b29f2a18,7.69218,80.7,4.32,348.86,N21,2026-09-09 13:31:00 IST,1,None (Open / Rural Area),,AGRICULTURAL_FIRE,MODERATE,0.88,7.7_80.7
4638472ea0,7.7116,79.99026,5.61,331.49,N21,2026-09-09 13:31:00 IST,2,None (Open / Rural Area),,AGRICULTURAL_FIRE,MODERATE,0.88,7.7_80.0
33cc5eaff3,7.71213,79.99374,5.61,335.65,N21,2026-09-09 13:31:00 IST,2,None (Open / Rural Area),,AGRICULTURAL_FIRE,MODERATE,0.88,7.7_80.0
32ca56eb66,7.74751,79.82487,4.79,334.86,N21,2026-09-09 13:31:00 IST,1,None (Open / Rural Area),,AGRICULTURAL_FIRE,MODERATE,0.88,7.7_79.8
9db872fdc6,7.75656,80.29111,2.11,330.54,N21,2026-09-09 13:31:00 IST,1,None (Open / Rural Area),,AGRICULTURAL_FIRE,MODERATE,0.88,7.8_80.3
a2b718091a,7.75702,80.38537,3.93,337.01,N21,2026-09-09 13:31:00 IST,1,None (Open / Rural Area),,AGRICULTURAL_FIRE,MODERATE,0.88,7.8_80.4
ba05fd7896,7.79775,80.18073,2.83,338.29,N21,2026-09-09 13:31:00 IST,1,None (Open / Rural Area),,AGRICULTURAL_FIRE,MODERATE,0.88,7.8_80.2
3bb74fdf5c,7.80348,80.15122,10.79,346.52,N21,2026-09-09 13:31:00 IST,1,None (Open / Rural Area),,AGRICULTURAL_FIRE,MODERATE,0.88,7.8_80.2
0d4ed0e99f,7.80401,80.15472,6.91,335.16,N21,2026-09-09 13:31:00 IST,1,None (Open / Rural Area),,AGRICULTURAL_FIRE,MODERATE,0.88,7.8_80.2
33cc278c8e,7.8512,81.03577,2.57,333.78,N21,2026-09-09 13:31:00 IST,1,None (Open / Rural Area),,AGRICULTURAL_FIRE,MODERATE,0.88,7.9_81.0
32bc4bfcf6,7.8633,80.54983,3.3,335.83,N21,2026-09-09 13:31:00 IST,2,None (Open / Rural Area),,AGRICULTURAL_FIRE,MODERATE,0.88,7.9_80.5
6c3b3afc5e,7.86383,80.55338,3.3,336.89,N21,2026-09-09 13:31:00 IST,2,None (Open / Rural Area),,AGRICULTURAL_FIRE,MODERATE,0.88,7.9_80.6
9d9185d445,7.86409,80.76196,6.79,345.08,N21,2026-09-09 13:31:00 IST,1,None (Open / Rural Area),,AGRICULTURAL_FIRE,MODERATE,0.88,7.9_80.8
f7209bd991,7.8874,81.05999,3.15,332.0,N21,2026-09-09 13:31:00 IST,1,None (Open / Rural Area),,AGRICULTURAL_FIRE,MODERATE,0.88,7.9_81.1
62b26c1f65,7.93876,81.3868,3.96,338.41,N21,2026-09-09 13:31:00 IST,1,None (Open / Rural Area),,AGRICULTURAL_FIRE,MODERATE,0.88,7.9_81.4
fc4bb3dd56,7.83207,79.97841,3.9,335.54,N21,2026-09-09 13:33:00 IST,1,None (Open / Rural Area),,AGRICULTURAL_FIRE,MODERATE,0.88,7.8_80.0
55669af72c,7.8694,80.20514,5.68,334.68,N21,2026-09-09 13:33:00 IST,3,None (Open / Rural Area),,AGRICULTURAL_FIRE,MODERATE,0.88,7.9_80.2
c7e64d7c07,7.86993,80.20865,2.99,337.82,N21,2026-09-09 13:33:00 IST,3,None (Open / Rural Area),,AGRICULTURAL_FIRE,MODERATE,0.88,7.9_80.2
7f04eb0dd5,7.87272,80.34135,3.66,335.5,N21,2026-09-09 13:33:00 IST,2,None (Open / Rural Area),,AGRICULTURAL_FIRE,MODERATE,0.88,7.9_80.3
fecb63cc2b,7.87325,80.20815,2.99,331.08,N21,2026-09-09 13:33:00 IST,3,None (Open / Rural Area),,AGRICULTURAL_FIRE,MODERATE,0.88,7.9_80.2
82a279c96a,7.87605,80.34086,2.69,332.13,N21,2026-09-09 13:33:00 IST,2,None (Open / Rural Area),,AGRICULTURAL_FIRE,MODERATE,0.88,7.9_80.3
6060d7a2d4,7.87903,79.95345,2.74,341.99,N21,2026-09-09 13:33:00 IST,1,None (Open / Rural Area),,AGRICULTURAL_FIRE,MODERATE,0.88,7.9_80.0
4596f13214,7.88397,80.03117,1.39,333.72,N21,2026-09-09 13:33:00 IST,1,None (Open / Rural Area),,AGRICULTURAL_FIRE,MODERATE,0.88,7.9_80.0
f63bf62b22,7.88815,80.57883,1.7,334.76,N21,2026-09-09 13:33:00 IST,1,None (Open / Rural Area),,AGRICULTURAL_FIRE,MODERATE,0.88,7.9_80.6
bee4704eb4,7.88963,80.6115,4.3,338.22,N21,2026-09-09 13:33:00 IST,1,None (Open / Rural Area),,AGRICULTURAL_FIRE,MODERATE,0.88,7.9_80.6
0cb17f0008,7.88971,80.43276,5.74,342.14,N21,2026-09-09 13:33:00 IST,1,None (Open / Rural Area),,AGRICULTURAL_FIRE,MODERATE,0.88,7.9_80.4
7dc577c3dc,7.89716,80.18658,9.55,345.52,N21,2026-09-09 13:33:00 IST,2,None (Open / Rural Area),,AGRICULTURAL_FIRE,MODERATE,0.88,7.9_80.2
1a32478872,7.90048,80.18609,5.93,338.89,N21,2026-09-09 13:33:00 IST,1,None (Open / Rural Area),,AGRICULTURAL_FIRE,MODERATE,0.88,7.9_80.2
44c882e49e,7.91765,80.55211,3.07,336.86,N21,2026-09-09 13:33:00 IST,2,None (Open / Rural Area),,AGRICULTURAL_FIRE,MODERATE,0.88,7.9_80.6
a6525147e3,7.92647,80.6348,5.29,347.5,N21,2026-09-09 13:33:00 IST,1,None (Open / Rural Area),,AGRICULTURAL_FIRE,MODERATE,0.88,7.9_80.6
f97eb51df1,7.92905,80.28599,7.76,339.36,N21,2026-09-09 13:33:00 IST,1,None (Open / Rural Area),,AGRICULTURAL_FIRE,MODERATE,0.88,7.9_80.3
e8d049b488,7.92982,80.6343,5.29,339.16,N21,2026-09-09 13:33:00 IST,1,None (Open / Rural Area),,AGRICULTURAL_FIRE,MODERATE,0.88,7.9_80.6
a0fb85b422,7.93336,80.68137,5.36,347.16,N21,2026-09-09 13:33:00 IST,1,None (Open / Rural Area),,AGRICULTURAL_FIRE,MODERATE,0.88,7.9_80.7
0d7c1ee6bb,7.9344,80.61898,4.92,343.61,N21,2026-09-09 13:33:00 IST,2,None (Open / Rural Area),,AGRICULTURAL_FIRE,MODERATE,0.88,7.9_80.6
f9f5ae0fdc,7.93493,80.62255,4.92,342.33,N21,2026-09-09 13:33:00 IST,2,None (Open / Rural Area),,AGRICULTURAL_FIRE,MODERATE,0.88,7.9_80.6
b2b8d050d2,7.93701,80.56743,8.62,336.23,N21,2026-09-09 13:33:00 IST,3,None (Open / Rural Area),,AGRICULTURAL_FIRE,MODERATE,0.88,7.9_80.6
b98e00b1eb,7.93754,80.57101,8.62,348.26,N21,2026-09-09 13:33:00 IST,3,None (Open / Rural Area),,AGRICULTURAL_FIRE,MODERATE,0.88,7.9_80.6
de4090c1c7,7.94089,80.5705,8.62,346.13,N21,2026-09-09 13:33:00 IST,3,None (Open / Rural Area),,AGRICULTURAL_FIRE,MODERATE,0.88,7.9_80.6
f2d243e2fc,7.94447,80.45713,11.59,348.53,N21,2026-09-09 13:33:00 IST,2,None (Open / Rural Area),,AGRICULTURAL_FIRE,MODERATE,0.88,7.9_80.5
4b3153b198,7.945,80.46067,11.59,334.41,N21,2026-09-09 13:33:00 IST,2,None (Open / Rural Area),,AGRICULTURAL_FIRE,MODERATE,0.88,7.9_80.5
f57c4cd5fe,7.95569,80.44094,5.15,337.07,N21,2026-09-09 13:33:00 IST,1,None (Open / Rural Area),,AGRICULTURAL_FIRE,MODERATE,0.88,8.0_80.4
25a2907e4c,7.96181,80.00496,2.85,332.79,N21,2026-09-09 13:33:00 IST,3,None (Open / Rural Area),,AGRICULTURAL_FIRE,MODERATE,0.88,8.0_80.0
23c7a511de,7.9698,79.96801,9.56,342.52,N21,2026-09-09 13:33:00 IST,1,None (Open / Rural Area),,AGRICULTURAL_FIRE,MODERATE,0.88,8.0_80.0
5634a0656f,7.9882,80.15836,1.19,332.31,N21,2026-09-09 13:33:00 IST,1,None (Open / Rural Area),,AGRICULTURAL_FIRE,MODERATE,0.88,8.0_80.2
6ba863b5b4,7.99612,80.34796,2.21,332.52,N21,2026-09-09 13:33:00 IST,1,None (Open / Rural Area),,AGRICULTURAL_FIRE,MODERATE,0.88,8.0_80.3
ea6ea5c96d,8.01583,80.91316,3.4,336.04,N21,2026-09-09 13:33:00 IST,1,None (Open / Rural Area),,AGRICULTURAL_FIRE,MODERATE,0.88,8.0_80.9
043d3c5707,8.01599,80.68362,34.35,341.3,N21,2026-09-09 13:33:00 IST,1,None (Open / Rural Area),,WILDFIRE_BIOMASS,HIGH,0.85,8.0_80.7
aeec8a9115,8.02066,80.64623,3.92,339.75,N21,2026-09-09 13:33:00 IST,1,None (Open / Rural Area),,AGRICULTURAL_FIRE,MODERATE,0.88,8.0_80.6
b7c831307d,8.02854,81.25826,4.07,344.67,N21,2026-09-09 13:33:00 IST,1,None (Open / Rural Area),,AGRICULTURAL_FIRE,MODERATE,0.88,8.0_81.3
eced955e20,8.02913,80.45529,2.08,334.04,N21,2026-09-09 13:33:00 IST,1,None (Open / Rural Area),,AGRICULTURAL_FIRE,MODERATE,0.88,8.0_80.5
25e45f4680,8.0363,81.19235,3.23,340.39,N21,2026-09-09 13:33:00 IST,1,None (Open / Rural Area),,AGRICULTURAL_FIRE,MODERATE,0.88,8.0_81.2
fafd81d567,8.03748,80.05777,5.78,334.99,N21,2026-09-09 13:33:00 IST,2,None (Open / Rural Area),,AGRICULTURAL_FIRE,MODERATE,0.88,8.0_80.1
4b8f1a3e95,8.03777,80.49038,8.93,340.92,N21,2026-09-09 13:33:00 IST,1,None (Open / Rural Area),,AGRICULTURAL_FIRE,MODERATE,0.88,8.0_80.5
e87b113de3,8.03801,80.06126,4.15,333.87,N21,2026-09-09 13:33:00 IST,2,None (Open / Rural Area),,AGRICULTURAL_FIRE,MODERATE,0.88,8.0_80.1
9c7dab0abb,8.03962,80.22958,4.39,338.66,N21,2026-09-09 13:33:00 IST,1,None (Open / Rural Area),,AGRICULTURAL_FIRE,MODERATE,0.88,8.0_80.2
f38db18227,8.04974,80.00166,6.05,334.1,N21,2026-09-09 13:33:00 IST,1,None (Open / Rural Area),,AGRICULTURAL_FIRE,MODERATE,0.88,8.0_80.0
0857110a63,8.05507,80.40058,8.29,348.56,N21,2026-09-09 13:33:00 IST,2,None (Open / Rural Area),,AGRICULTURAL_FIRE,MODERATE,0.88,8.1_80.4
363074265d,8.0556,80.40413,14.24,349.5,N21,2026-09-09 13:33:00 IST,2,None (Open / Rural Area),,AGRICULTURAL_FIRE,MODERATE,0.88,8.1_80.4
35095d36c9,8.07328,80.09106,6.81,334.15,N21,2026-09-09 13:33:00 IST,1,None (Open / Rural Area),,AGRICULTURAL_FIRE,MODERATE,0.88,8.1_80.1
d066c919ad,8.08427,80.3455,2.24,335.79,N21,2026-09-09 13:33:00 IST,1,None (Open / Rural Area),,AGRICULTURAL_FIRE,MODERATE,0.88,8.1_80.3
fd5d38aad4,8.09668,79.90884,3.11,333.13,N21,2026-09-09 13:33:00 IST,1,None (Open / Rural Area),,AGRICULTURAL_FIRE,MODERATE,0.88,8.1_79.9
080dcf890c,8.10521,80.10054,9.49,330.02,N21,2026-09-09 13:33:00 IST,1,None (Open / Rural Area),,AGRICULTURAL_FIRE,MODERATE,0.88,8.1_80.1
db6622bc66,8.12223,80.80439,4.18,334.12,N21,2026-09-09 13:33:00 IST,7,None (Open / Rural Area),,AGRICULTURAL_FIRE,MODERATE,0.88,8.1_80.8
b06fbedaf1,8.12277,80.80801,4.18,340.49,N21,2026-09-09 13:33:00 IST,1,None (Open / Rural Area),,AGRICULTURAL_FIRE,MODERATE,0.88,8.1_80.8
ee42611590,8.1251,80.09753,4.93,343.06,N21,2026-09-09 13:33:00 IST,2,None (Open / Rural Area),,AGRICULTURAL_FIRE,MODERATE,0.88,8.1_80.1
8c151b2bd8,8.12842,80.09703,4.93,343.49,N21,2026-09-09 13:33:00 IST,2,None (Open / Rural Area),,AGRICULTURAL_FIRE,MODERATE,0.88,8.1_80.1
8dd4761204,8.14641,81.13075,6.5,332.32,N21,2026-09-09 13:33:00 IST,3,None (Open / Rural Area),,AGRICULTURAL_FIRE,MODERATE,0.88,8.1_81.1
5bca3796f0,8.18763,80.10533,3.74,334.78,N21,2026-09-09 13:33:00 IST,1,None (Open / Rural Area),,AGRICULTURAL_FIRE,MODERATE,0.88,8.2_80.1
f14f84f332,8.19609,80.50241,9.57,336.51,N21,2026-09-09 13:33:00 IST,1,None (Open / Rural Area),,AGRICULTURAL_FIRE,MODERATE,0.88,8.2_80.5
61a629632b,8.22883,80.35868,3.25,337.36,N21,2026-09-09 13:33:00 IST,2,None (Open / Rural Area),,AGRICULTURAL_FIRE,MODERATE,0.88,8.2_80.4
826b705589,8.23216,80.35817,9.13,342.97,N21,2026-09-09 13:33:00 IST,2,None (Open / Rural Area),,AGRICULTURAL_FIRE,MODERATE,0.88,8.2_80.4
f9ed0d1abf,8.24527,80.60796,1.87,336.56,N21,2026-09-09 13:33:00 IST,1,None (Open / Rural Area),,AGRICULTURAL_FIRE,MODERATE,0.88,8.2_80.6
fd86594199,8.26458,80.32429,4.47,333.06,N21,2026-09-09 13:33:00 IST,1,None (Open / Rural Area),,AGRICULTURAL_FIRE,MODERATE,0.88,8.3_80.3
a65ee05900,8.26489,80.6712,3.59,337.15,N21,2026-09-09 13:33:00 IST,1,None (Open / Rural Area),,AGRICULTURAL_FIRE,MODERATE,0.88,8.3_80.7
b23e12291a,8.27032,80.29445,6.91,336.41,N21,2026-09-09 13:33:00 IST,1,None (Open / Rural Area),,AGRICULTURAL_FIRE,MODERATE,0.88,8.3_80.3
6577ebbe8f,8.27751,80.29699,5.14,334.89,N21,2026-09-09 13:33:00 IST,1,None (Open / Rural Area),,AGRICULTURAL_FIRE,MODERATE,0.88,8.3_80.3
fd8febba92,8.28111,80.16239,2.68,335.72,N21,2026-09-09 13:33:00 IST,1,None (Open / Rural Area),,AGRICULTURAL_FIRE,MODERATE,0.88,8.3_80.2
4226cc0973,8.29782,81.01308,7.58,341.72,N21,2026-09-09 13:33:00 IST,3,None (Open / Rural Area),,AGRICULTURAL_FIRE,MODERATE,0.88,8.3_81.0
6ad6463a61,8.30068,81.00888,4.34,337.03,N21,2026-09-09 13:33:00 IST,3,None (Open / Rural Area),,AGRICULTURAL_FIRE,MODERATE,0.88,8.3_81.0
d2240e1538,8.30122,81.01257,4.34,339.51,N21,2026-09-09 13:33:00 IST,3,None (Open / Rural Area),,AGRICULTURAL_FIRE,MODERATE,0.88,8.3_81.0
3b41fca762,8.30461,81.01205,4.34,345.13,N21,2026-09-09 13:33:00 IST,1,None (Open / Rural Area),,AGRICULTURAL_FIRE,MODERATE,0.88,8.3_81.0
5a2e572fb8,8.30576,80.48531,6.8,341.74,N21,2026-09-09 13:33:00 IST,1,None (Open / Rural Area),,AGRICULTURAL_FIRE,MODERATE,0.88,8.3_80.5
3d17fd4572,8.30893,80.28085,5.14,336.4,N21,2026-09-09 13:33:00 IST,1,None (Open / Rural Area),,AGRICULTURAL_FIRE,MODERATE,0.88,8.3_80.3
52885339c2,8.33951,81.03704,5.71,336.7,N21,2026-09-09 13:33:00 IST,1,None (Open / Rural Area),,AGRICULTURAL_FIRE,MODERATE,0.88,8.3_81.0
404c141def,8.35364,80.67591,4.13,340.53,N21,2026-09-09 13:33:00 IST,1,None (Open / Rural Area),,AGRICULTURAL_FIRE,MODERATE,0.88,8.4_80.7
24d344cbf4,8.36069,80.76041,2.62,340.08,N21,2026-09-09 13:33:00 IST,1,None (Open / Rural Area),,AGRICULTURAL_FIRE,MODERATE,0.88,8.4_80.8
ced93a37f9,8.36672,80.64814,9.43,346.84,N21,2026-09-09 13:33:00 IST,1,None (Open / Rural Area),,AGRICULTURAL_FIRE,MODERATE,0.88,8.4_80.6
b145815510,8.37899,81.06899,21.11,337.5,N21,2026-09-09 13:33:00 IST,1,None (Open / Rural Area),,AGRICULTURAL_FIRE,MODERATE,0.88,8.4_81.1
f42a8f8e72,8.38202,80.29152,4.53,337.44,N21,2026-09-09 13:33:00 IST,1,None (Open / Rural Area),,AGRICULTURAL_FIRE,MODERATE,0.88,8.4_80.3
ecb9be4b57,8.38482,80.28748,7.25,340.3,N21,2026-09-09 13:33:00 IST,3,None (Open / Rural Area),,AGRICULTURAL_FIRE,MODERATE,0.88,8.4_80.3
025a58e374,8.38602,80.27281,3.82,334.08,N21,2026-09-09 13:33:00 IST,3,None (Open / Rural Area),,AGRICULTURAL_FIRE,MODERATE,0.88,8.4_80.3
7b64611864,8.38655,80.27634,3.82,339.26,N21,2026-09-09 13:33:00 IST,3,None (Open / Rural Area),,AGRICULTURAL_FIRE,MODERATE,0.88,8.4_80.3
ab57b59733,8.38876,80.77444,5.59,341.38,N21,2026-09-09 13:33:00 IST,2,None (Open / Rural Area),,AGRICULTURAL_FIRE,MODERATE,0.88,8.4_80.8
c3cd3166bf,8.39213,80.77393,5.59,342.36,N21,2026-09-09 13:33:00 IST,2,None (Open / Rural Area),,AGRICULTURAL_FIRE,MODERATE,0.88,8.4_80.8
22ad4501b8,8.39316,80.45707,5.25,340.53,N21,2026-09-09 13:33:00 IST,3,None (Open / Rural Area),,AGRICULTURAL_FIRE,MODERATE,0.88,8.4_80.5
f49eb63cc6,8.39369,80.46064,5.74,337.38,N21,2026-09-09 13:33:00 IST,3,None (Open / Rural Area),,AGRICULTURAL_FIRE,MODERATE,0.88,8.4_80.5
803417ba93,8.394,80.32594,3.14,337.38,N21,2026-09-09 13:33:00 IST,1,None (Open / Rural Area),,AGRICULTURAL_FIRE,MODERATE,0.88,8.4_80.3
d9186497ba,8.39425,81.07808,4.59,337.28,N21,2026-09-09 13:33:00 IST,1,None (Open / Rural Area),,AGRICULTURAL_FIRE,MODERATE,0.88,8.4_81.1
fa10de91d6,8.39704,80.46014,1.97,334.39,N21,2026-09-09 13:33:00 IST,3,None (Open / Rural Area),,AGRICULTURAL_FIRE,MODERATE,0.88,8.4_80.5
a6e504f4f2,8.40413,80.21223,3.67,336.1,N21,2026-09-09 13:33:00 IST,1,None (Open / Rural Area),,AGRICULTURAL_FIRE,MODERATE,0.88,8.4_80.2
8ac990778e,8.41992,80.63644,4.72,340.67,N21,2026-09-09 13:33:00 IST,1,None (Open / Rural Area),,AGRICULTURAL_FIRE,MODERATE,0.88,8.4_80.6
30311b9b6c,8.46006,80.59005,3.04,332.07,N21,2026-09-09 13:33:00 IST,1,None (Open / Rural Area),,AGRICULTURAL_FIRE,MODERATE,0.88,8.5_80.6
46f919d956,8.46511,80.77786,5.62,337.32,N21,2026-09-09 13:33:00 IST,1,None (Open / Rural Area),,AGRICULTURAL_FIRE,MODERATE,0.88,8.5_80.8
09c2c434b3,8.47588,80.48859,3.31,336.08,N21,2026-09-09 13:33:00 IST,1,None (Open / Rural Area),,AGRICULTURAL_FIRE,MODERATE,0.88,8.5_80.5
bd8c6c23cb,8.48642,80.65241,5.66,341.57,N21,2026-09-09 13:33:00 IST,1,None (Open / Rural Area),,AGRICULTURAL_FIRE,MODERATE,0.88,8.5_80.7
620b85317c,8.48669,80.77114,3.38,337.06,N21,2026-09-09 13:33:00 IST,1,None (Open / Rural Area),,AGRICULTURAL_FIRE,MODERATE,0.88,8.5_80.8
5acb851e0e,8.49611,80.78838,3.03,341.81,N21,2026-09-09 13:33:00 IST,1,None (Open / Rural Area),,AGRICULTURAL_FIRE,MODERATE,0.88,8.5_80.8
935160af77,8.49775,80.1795,7.5,336.54,N21,2026-09-09 13:33:00 IST,2,None (Open / Rural Area),,AGRICULTURAL_FIRE,MODERATE,0.88,8.5_80.2
5ddd906499,8.50176,80.36421,4.89,337.16,N21,2026-09-09 13:33:00 IST,1,None (Open / Rural Area),,AGRICULTURAL_FIRE,MODERATE,0.88,8.5_80.4
a3612dce97,8.50499,80.63855,5.95,339.79,N21,2026-09-09 13:33:00 IST,1,None (Open / Rural Area),,AGRICULTURAL_FIRE,MODERATE,0.88,8.5_80.6
0d85bc02dd,8.50921,80.50553,3.12,332.43,N21,2026-09-09 13:33:00 IST,2,None (Open / Rural Area),,AGRICULTURAL_FIRE,MODERATE,0.88,8.5_80.5
774376ad8c,8.50975,80.50912,3.69,336.27,N21,2026-09-09 13:33:00 IST,2,None (Open / Rural Area),,AGRICULTURAL_FIRE,MODERATE,0.88,8.5_80.5
e0f7cb26ef,8.51185,80.61539,0.95,334.94,N21,2026-09-09 13:33:00 IST,1,None (Open / Rural Area),,AGRICULTURAL_FIRE,MODERATE,0.88,8.5_80.6
83f82e4b5c,8.52244,80.34608,1.78,330.05,N21,2026-09-09 13:33:00 IST,2,None (Open / Rural Area),,AGRICULTURAL_FIRE,MODERATE,0.88,8.5_80.3
837083fbbb,8.52311,80.78428,5.22,338.29,N21,2026-09-09 13:33:00 IST,1,None (Open / Rural Area),,AGRICULTURAL_FIRE,MODERATE,0.88,8.5_80.8
8de5111599,8.52577,80.34558,1.78,331.74,N21,2026-09-09 13:33:00 IST,2,None (Open / Rural Area),,AGRICULTURAL_FIRE,MODERATE,0.88,8.5_80.3
65056adf11,8.53091,80.51325,6.26,339.52,N21,2026-09-09 13:33:00 IST,1,None (Open / Rural Area),,AGRICULTURAL_FIRE,MODERATE,0.88,8.5_80.5
4c62a2d054,8.55865,80.4062,9.1,347.73,N21,2026-09-09 13:33:00 IST,1,None (Open / Rural Area),,AGRICULTURAL_FIRE,MODERATE,0.88,8.6_80.4
3f3b0d27ed,8.5593,80.63408,4.4,337.08,N21,2026-09-09 13:33:00 IST,2,None (Open / Rural Area),,AGRICULTURAL_FIRE,MODERATE,0.88,8.6_80.6
4f4ac77f3d,8.56206,80.8607,5.96,343.07,N21,2026-09-09 13:33:00 IST,1,None (Open / Rural Area),,AGRICULTURAL_FIRE,MODERATE,0.88,8.6_80.9
64f74f50bb,8.56266,80.63358,4.4,337.53,N21,2026-09-09 13:33:00 IST,2,None (Open / Rural Area),,AGRICULTURAL_FIRE,MODERATE,0.88,8.6_80.6
49634cb5c6,8.56272,80.84184,4.72,339.67,N21,2026-09-09 13:33:00 IST,1,None (Open / Rural Area),,AGRICULTURAL_FIRE,MODERATE,0.88,8.6_80.8
8ab092e9fd,8.5631,80.55207,2.85,336.45,N21,2026-09-09 13:33:00 IST,3,None (Open / Rural Area),,AGRICULTURAL_FIRE,MODERATE,0.88,8.6_80.6
19971d1e8d,8.56363,80.55566,2.85,335.76,N21,2026-09-09 13:33:00 IST,3,None (Open / Rural Area),,AGRICULTURAL_FIRE,MODERATE,0.88,8.6_80.6
202549cb4a,8.56699,80.55515,8.69,348.96,N21,2026-09-09 13:33:00 IST,3,None (Open / Rural Area),,AGRICULTURAL_FIRE,MODERATE,0.88,8.6_80.6
359baef721,8.56752,80.55875,3.03,338.76,N21,2026-09-09 13:33:00 IST,2,None (Open / Rural Area),,AGRICULTURAL_FIRE,MODERATE,0.88,8.6_80.6
568a3c4c70,8.57087,80.55824,3.03,333.51,N21,2026-09-09 13:33:00 IST,2,None (Open / Rural Area),,AGRICULTURAL_FIRE,MODERATE,0.88,8.6_80.6
a8eac73c06,8.58575,80.85715,4.54,338.77,N21,2026-09-09 13:33:00 IST,1,None (Open / Rural Area),,AGRICULTURAL_FIRE,MODERATE,0.88,8.6_80.9
d0b6e1bce1,8.59394,80.6915,4.65,336.15,N21,2026-09-09 13:33:00 IST,1,None (Open / Rural Area),,AGRICULTURAL_FIRE,MODERATE,0.88,8.6_80.7
be3acb8e93,8.5964,80.66146,3.97,339.12,N21,2026-09-09 13:33:00 IST,1,None (Open / Rural Area),,AGRICULTURAL_FIRE,MODERATE,0.88,8.6_80.7
19ac9d3bcd,8.60062,80.85469,5.44,336.05,N21,2026-09-09 13:33:00 IST,1,None (Open / Rural Area),,AGRICULTURAL_FIRE,MODERATE,0.88,8.6_80.9
1f9b328b7c,8.60524,80.83898,8.03,343.16,N21,2026-09-09 13:33:00 IST,1,None (Open / Rural Area),,AGRICULTURAL_FIRE,MODERATE,0.88,8.6_80.8
3f3752a01f,8.60604,77.9667,13.51,337.74,N21,2026-09-09 13:33:00 IST,2,None (Open / Rural Area),,AGRICULTURAL_FIRE,MODERATE,0.88,8.6_78.0
05f604de72,8.60838,80.37315,4.58,338.16,N21,2026-09-09 13:33:00 IST,1,None (Open / Rural Area),,AGRICULTURAL_FIRE,MODERATE,0.88,8.6_80.4
143fa19792,8.61144,80.41646,4.07,340.46,N21,2026-09-09 13:33:00 IST,2,None (Open / Rural Area),,AGRICULTURAL_FIRE,MODERATE,0.88,8.6_80.4
994caf8b7f,8.61351,80.61445,4.42,336.58,N21,2026-09-09 13:33:00 IST,1,None (Open / Rural Area),,AGRICULTURAL_FIRE,MODERATE,0.88,8.6_80.6
8749d4e6c3,8.61532,80.41953,4.02,339.38,N21,2026-09-09 13:33:00 IST,2,None (Open / Rural Area),,AGRICULTURAL_FIRE,MODERATE,0.88,8.6_80.4
68df0aa359,8.62361,80.52087,3.33,334.6,N21,2026-09-09 13:33:00 IST,1,None (Open / Rural Area),,AGRICULTURAL_FIRE,MODERATE,0.88,8.6_80.5
95727f6ce1,8.64033,81.07941,5.66,345.07,N21,2026-09-09 13:33:00 IST,1,None (Open / Rural Area),,AGRICULTURAL_FIRE,MODERATE,0.88,8.6_81.1
ab4f6e61ea,8.64299,80.74363,5.54,337.9,N21,2026-09-09 13:33:00 IST,1,None (Open / Rural Area),,AGRICULTURAL_FIRE,MODERATE,0.88,8.6_80.7
d04bfeaf57,8.64597,80.90429,5.05,335.23,N21,2026-09-09 13:33:00 IST,1,None (Open / Rural Area),,AGRICULTURAL_FIRE,MODERATE,0.88,8.6_80.9
9cdfb0904e,8.6525,80.42069,6.18,340.31,N21,2026-09-09 13:33:00 IST,1,None (Open / Rural Area),,AGRICULTURAL_FIRE,MODERATE,0.88,8.7_80.4
fa2c4bade0,8.65355,80.42785,4.18,333.72,N21,2026-09-09 13:33:00 IST,1,None (Open / Rural Area),,AGRICULTURAL_FIRE,MODERATE,0.88,8.7_80.4
7aa5eeb9fe,8.664,80.69955,1.78,335.59,N21,2026-09-09 13:33:00 IST,1,None (Open / Rural Area),,AGRICULTURAL_FIRE,MODERATE,0.88,8.7_80.7
5b73b3a064,8.67209,80.55353,6.39,343.05,N21,2026-09-09 13:33:00 IST,1,None (Open / Rural Area),,AGRICULTURAL_FIRE,MODERATE,0.88,8.7_80.6
0a979979ad,8.67923,80.80169,6.54,340.78,N21,2026-09-09 13:33:00 IST,1,None (Open / Rural Area),,AGRICULTURAL_FIRE,MODERATE,0.88,8.7_80.8
9f67025bd6,8.68907,80.36769,6.36,338.31,N21,2026-09-09 13:33:00 IST,2,None (Open / Rural Area),,AGRICULTURAL_FIRE,MODERATE,0.88,8.7_80.4
15f0624585,8.69013,80.37483,7.54,338.78,N21,2026-09-09 13:33:00 IST,2,None (Open / Rural Area),,AGRICULTURAL_FIRE,MODERATE,0.88,8.7_80.4
640612f817,8.69385,80.807,3.79,334.41,N21,2026-09-09 13:33:00 IST,1,None (Open / Rural Area),,AGRICULTURAL_FIRE,MODERATE,0.88,8.7_80.8
6b5ce114c1,8.78941,80.811,3.56,332.23,N21,2026-09-09 13:33:00 IST,1,None (Open / Rural Area),,AGRICULTURAL_FIRE,MODERATE,0.88,8.8_80.8
fd53102426,8.8199,80.84442,13.69,346.39,N21,2026-09-09 13:33:00 IST,1,None (Open / Rural Area),,AGRICULTURAL_FIRE,MODERATE,0.88,8.8_80.8
051b51c295,8.83599,80.62523,8.65,349.03,N21,2026-09-09 13:33:00 IST,1,None (Open / Rural Area),,AGRICULTURAL_FIRE,MODERATE,0.88,8.8_80.6
1c28e72fc8,8.83667,80.60658,2.12,332.05,N21,2026-09-09 13:33:00 IST,1,None (Open / Rural Area),,AGRICULTURAL_FIRE,MODERATE,0.88,8.8_80.6
5e98b10bd2,8.88022,80.30549,2.92,335.32,N21,2026-09-09 13:33:00 IST,1,None (Open / Rural Area),,AGRICULTURAL_FIRE,MODERATE,0.88,8.9_80.3
0d30f224f5,8.91769,80.44263,8.83,332.34,N21,2026-09-09 13:33:00 IST,1,None (Open / Rural Area),,AGRICULTURAL_FIRE,MODERATE,0.88,8.9_80.4
a3cfea3d26,8.93145,80.88777,8.85,336.38,N21,2026-09-09 13:33:00 IST,2,None (Open / Rural Area),,AGRICULTURAL_FIRE,MODERATE,0.88,8.9_80.9
9e8251b4ee,8.93199,80.89146,7.65,349.36,N21,2026-09-09 13:33:00 IST,2,None (Open / Rural Area),,AGRICULTURAL_FIRE,MODERATE,0.88,8.9_80.9
7be95ab33f,8.93253,80.89517,7.65,338.83,N21,2026-09-09 13:33:00 IST,1,None (Open / Rural Area),,AGRICULTURAL_FIRE,MODERATE,0.88,8.9_80.9
fac469e474,8.94411,80.85565,9.05,346.51,N21,2026-09-09 13:33:00 IST,3,None (Open / Rural Area),,AGRICULTURAL_FIRE,MODERATE,0.88,8.9_80.9
e56a73b285,8.9469,80.68634,2.42,331.82,N21,2026-09-09 13:33:00 IST,1,None (Open / Rural Area),,AGRICULTURAL_FIRE,MODERATE,0.88,8.9_80.7
c1657b6654,8.9475,80.85514,9.05,346.78,N21,2026-09-09 13:33:00 IST,3,None (Open / Rural Area),,AGRICULTURAL_FIRE,MODERATE,0.88,8.9_80.9
2411a44341,8.94805,80.85883,8.46,344.05,N21,2026-09-09 13:33:00 IST,2,None (Open / Rural Area),,AGRICULTURAL_FIRE,MODERATE,0.88,8.9_80.9
9554b9609c,8.95716,80.75587,6.01,336.91,N21,2026-09-09 13:33:00 IST,2,None (Open / Rural Area),,AGRICULTURAL_FIRE,MODERATE,0.88,9.0_80.8
3691e742b5,8.9577,80.75955,10.68,341.68,N21,2026-09-09 13:33:00 IST,2,None (Open / Rural Area),,AGRICULTURAL_FIRE,MODERATE,0.88,9.0_80.8
962865d45d,8.95999,80.84571,2.49,334.44,N21,2026-09-09 13:33:00 IST,1,None (Open / Rural Area),,AGRICULTURAL_FIRE,MODERATE,0.88,9.0_80.8
863ab41cb0,8.96852,80.73916,3.68,337.65,N21,2026-09-09 13:33:00 IST,2,None (Open / Rural Area),,AGRICULTURAL_FIRE,MODERATE,0.88,9.0_80.7
583fae1072,8.97044,80.89325,4.5,337.32,N21,2026-09-09 13:33:00 IST,2,None (Open / Rural Area),,AGRICULTURAL_FIRE,MODERATE,0.88,9.0_80.9
b546f97756,8.97153,80.90067,3.86,334.79,N21,2026-09-09 13:33:00 IST,2,None (Open / Rural Area),,AGRICULTURAL_FIRE,MODERATE,0.88,9.0_80.9
b8c89d934f,8.9719,80.73866,3.68,339.27,N21,2026-09-09 13:33:00 IST,2,None (Open / Rural Area),,AGRICULTURAL_FIRE,MODERATE,0.88,9.0_80.7
5a6c77f96c,8.98379,80.72562,3.64,332.66,N21,2026-09-09 13:33:00 IST,3,None (Open / Rural Area),,AGRICULTURAL_FIRE,MODERATE,0.88,9.0_80.7
233fd4b34a,8.98717,80.72513,7.82,346.58,N21,2026-09-09 13:33:00 IST,3,None (Open / Rural Area),,AGRICULTURAL_FIRE,MODERATE,0.88,9.0_80.7
7bd9519b51,8.98771,80.72879,7.82,340.36,N21,2026-09-09 13:33:00 IST,3,None (Open / Rural Area),,AGRICULTURAL_FIRE,MODERATE,0.88,9.0_80.7
8adb4c5737,9.01265,80.67618,3.38,336.08,N21,2026-09-09 13:33:00 IST,1,None (Open / Rural Area),,AGRICULTURAL_FIRE,MODERATE,0.88,9.0_80.7
95a9ee0e24,9.0372,80.7024,2.8,336.62,N21,2026-09-09 13:33:00 IST,1,None (Open / Rural Area),,AGRICULTURAL_FIRE,MODERATE,0.88,9.0_80.7
b8edec480c,9.03759,80.72856,6.17,334.02,N21,2026-09-09 13:33:00 IST,1,None (Open / Rural Area),,AGRICULTURAL_FIRE,MODERATE,0.88,9.0_80.7
0221f05d99,9.04945,80.07238,10.58,346.63,N21,2026-09-09 13:33:00 IST,1,None (Open / Rural Area),,AGRICULTURAL_FIRE,MODERATE,0.88,9.0_80.1
a08edef31c,9.06139,80.70252,5.54,338.58,N21,2026-09-09 13:33:00 IST,1,None (Open / Rural Area),,AGRICULTURAL_FIRE,MODERATE,0.88,9.1_80.7
ad0a7e41a8,9.09781,80.2832,3.1,335.37,N21,2026-09-09 13:33:00 IST,1,None (Open / Rural Area),,AGRICULTURAL_FIRE,MODERATE,0.88,9.1_80.3
7fa6327940,9.19541,80.68639,6.67,342.64,N21,2026-09-09 13:33:00 IST,2,None (Open / Rural Area),,AGRICULTURAL_FIRE,MODERATE,0.88,9.2_80.7
eab4044614,9.19879,80.68588,6.41,348.04,N21,2026-09-09 13:33:00 IST,2,None (Open / Rural Area),,AGRICULTURAL_FIRE,MODERATE,0.88,9.2_80.7
d1be649a4d,9.25298,80.27391,8.56,336.86,N21,2026-09-09 13:33:00 IST,1,None (Open / Rural Area),,AGRICULTURAL_FIRE,MODERATE,0.88,9.3_80.3
2520be97ed,9.37343,78.79734,5.14,340.21,N21,2026-09-09 13:33:00 IST,1,None (Open / Rural Area),,AGRICULTURAL_FIRE,MODERATE,0.88,9.4_78.8
e2d5f1f30c,9.38095,80.47141,3.09,339.58,N21,2026-09-09 13:33:00 IST,1,None (Open / Rural Area),,AGRICULTURAL_FIRE,MODERATE,0.88,9.4_80.5
7b481fe1df,9.38323,80.46365,5.25,339.56,N21,2026-09-09 13:33:00 IST,1,None (Open / Rural Area),,AGRICULTURAL_FIRE,MODERATE,0.88,9.4_80.5
22fd0ed809,9.38539,80.47816,30.5,341.18,N21,2026-09-09 13:33:00 IST,1,None (Open / Rural Area),,WILDFIRE_BIOMASS,HIGH,0.85,9.4_80.5
a004d71b4e,9.38971,80.50721,25.21,342.42,N21,2026-09-09 13:33:00 IST,1,None (Open / Rural Area),,AGRICULTURAL_FIRE,MODERATE,0.88,9.4_80.5
d4b40e3eea,9.39973,80.41304,4.91,344.51,N21,2026-09-09 13:33:00 IST,3,None (Open / Rural Area),,AGRICULTURAL_FIRE,MODERATE,0.88,9.4_80.4
1579ed1b1b,9.40197,80.41294,6.53,339.98,N21,2026-09-09 13:33:00 IST,3,None (Open / Rural Area),,AGRICULTURAL_FIRE,MODERATE,0.88,9.4_80.4
7e2f806310,9.40497,80.38664,3.2,336.45,N21,2026-09-09 13:33:00 IST,1,None (Open / Rural Area),,AGRICULTURAL_FIRE,MODERATE,0.88,9.4_80.4
98cfa074ed,9.40639,80.41968,9.68,349.13,N21,2026-09-09 13:33:00 IST,3,None (Open / Rural Area),,AGRICULTURAL_FIRE,MODERATE,0.88,9.4_80.4
c9bd1b342a,9.41557,80.38874,4.12,339.55,N21,2026-09-09 13:33:00 IST,2,None (Open / Rural Area),,AGRICULTURAL_FIRE,MODERATE,0.88,9.4_80.4
9bb4b48198,9.58811,80.33266,3.65,336.01,N21,2026-09-09 13:33:00 IST,1,None (Open / Rural Area),,AGRICULTURAL_FIRE,MODERATE,0.88,9.6_80.3
a16b626557,10.27511,77.2542,9.28,346.34,N21,2026-09-09 13:33:00 IST,2,None (Open / Rural Area),,AGRICULTURAL_FIRE,MODERATE,0.88,10.3_77.3
0eee3d8b8f,10.34697,79.31435,2.96,335.65,N21,2026-09-09 13:33:00 IST,1,None (Open / Rural Area),,AGRICULTURAL_FIRE,MODERATE,0.88,10.3_79.3
226f898cce,10.43594,77.06713,14.78,338.92,N21,2026-09-09 13:33:00 IST,1,None (Open / Rural Area),,AGRICULTURAL_FIRE,MODERATE,0.88,10.4_77.1
dfed0156de,10.52183,79.2366,2.67,336.16,N21,2026-09-09 13:33:00 IST,1,None (Open / Rural Area),,AGRICULTURAL_FIRE,MODERATE,0.88,10.5_79.2
bec90c99d2,10.53991,79.67301,7.05,340.24,N21,2026-09-09 13:33:00 IST,1,None (Open / Rural Area),,AGRICULTURAL_FIRE,MODERATE,0.88,10.5_79.7
81d740cdaa,10.54028,77.77425,6.28,343.33,N21,2026-09-09 13:33:00 IST,1,None (Open / Rural Area),,AGRICULTURAL_FIRE,MODERATE,0.88,10.5_77.8
7e560cee00,10.55722,79.22038,6.78,341.0,N21,2026-09-09 13:33:00 IST,1,None (Open / Rural Area),,AGRICULTURAL_FIRE,MODERATE,0.88,10.6_79.2
202e969743,10.81844,79.1286,1.82,336.1,N21,2026-09-09 13:33:00 IST,1,None (Open / Rural Area),,AGRICULTURAL_FIRE,MODERATE,0.88,10.8_79.1
766efe8e43,10.96822,79.55919,1.35,334.45,N21,2026-09-09 13:33:00 IST,1,None (Open / Rural Area),,AGRICULTURAL_FIRE,MODERATE,0.88,11.0_79.6
248366d075,11.18182,79.09955,0.86,334.17,N21,2026-09-09 13:33:00 IST,3,None (Open / Rural Area),,AGRICULTURAL_FIRE,MODERATE,0.88,11.2_79.1
9ce86ed953,11.33365,78.77398,7.69,339.33,N21,2026-09-09 13:33:00 IST,1,None (Open / Rural Area),,AGRICULTURAL_FIRE,MODERATE,0.88,11.3_78.8
c62c3ff7fd,11.89375,78.74492,3.83,339.29,N21,2026-09-09 13:33:00 IST,1,None (Open / Rural Area),,AGRICULTURAL_FIRE,MODERATE,0.88,11.9_78.7
6d6c452715,12.06441,79.20458,1.03,332.99,N21,2026-09-09 13:33:00 IST,1,None (Open / Rural Area),,AGRICULTURAL_FIRE,MODERATE,0.88,12.1_79.2
bca9794ce4,12.13256,79.73738,1.34,334.75,N21,2026-09-09 13:33:00 IST,1,None (Open / Rural Area),,AGRICULTURAL_FIRE,MODERATE,0.88,12.1_79.7
1e5aba2c15,12.14694,79.87358,3.34,337.98,N21,2026-09-09 13:33:00 IST,1,None (Open / Rural Area),,AGRICULTURAL_FIRE,MODERATE,0.88,12.1_79.9
64ba5007a0,12.35188,79.28709,2.17,331.99,N21,2026-09-09 13:33:00 IST,1,None (Open / Rural Area),,AGRICULTURAL_FIRE,MODERATE,0.88,12.4_79.3
26fa1e0d87,12.60612,80.15658,2.25,332.06,N21,2026-09-09 13:33:00 IST,1,None (Open / Rural Area),,AGRICULTURAL_FIRE,MODERATE,0.88,12.6_80.2
a3db6604d7,12.75158,79.99687,5.39,335.4,N21,2026-09-09 13:33:00 IST,1,None (Open / Rural Area),,AGRICULTURAL_FIRE,MODERATE,0.88,12.8_80.0
3773004c75,12.94421,78.92732,5.45,340.85,N21,2026-09-09 13:33:00 IST,1,None (Open / Rural Area),,AGRICULTURAL_FIRE,MODERATE,0.88,12.9_78.9
bbcdc5b158,13.97606,79.91261,8.05,337.67,N21,2026-09-09 13:33:00 IST,1,None (Open / Rural Area),,AGRICULTURAL_FIRE,MODERATE,0.88,14.0_79.9
23a5db3b0e,14.01298,80.09498,2.3,335.05,N21,2026-09-09 13:33:00 IST,1,None (Open / Rural Area),,AGRICULTURAL_FIRE,MODERATE,0.88,14.0_80.1
1a50ba08ec,14.04119,80.04752,2.04,332.94,N21,2026-09-09 13:33:00 IST,1,None (Open / Rural Area),,AGRICULTURAL_FIRE,MODERATE,0.88,14.0_80.0
949c6e0ac1,14.0464,79.93699,3.38,336.53,N21,2026-09-09 13:33:00 IST,1,None (Open / Rural Area),,AGRICULTURAL_FIRE,MODERATE,0.88,14.0_79.9
9b4da429b7,14.14412,79.71678,3.1,335.49,N21,2026-09-09 13:33:00 IST,1,None (Open / Rural Area),,AGRICULTURAL_FIRE,MODERATE,0.88,14.1_79.7
2c27efd384,14.2691,78.73764,7.2,345.64,N21,2026-09-09 13:33:00 IST,1,None (Open / Rural Area),,AGRICULTURAL_FIRE,MODERATE,0.88,14.3_78.7
85f1e62ff1,14.45214,78.27834,6.0,340.94,N21,2026-09-09 13:33:00 IST,1,None (Open / Rural Area),,AGRICULTURAL_FIRE,MODERATE,0.88,14.5_78.3
0f453d3783,14.47654,79.68936,3.04,337.62,N21,2026-09-09 13:33:00 IST,1,None (Open / Rural Area),,AGRICULTURAL_FIRE,MODERATE,0.88,14.5_79.7
d613e74f71,14.52803,78.49195,4.52,336.8,N21,2026-09-09 13:33:00 IST,1,None (Open / Rural Area),,AGRICULTURAL_FIRE,MODERATE,0.88,14.5_78.5
9d15274bbc,14.68141,79.14023,4.31,335.49,N21,2026-09-09 13:33:00 IST,1,None (Open / Rural Area),,AGRICULTURAL_FIRE,MODERATE,0.88,14.7_79.1
527eb8faaa,14.8653,78.35685,7.45,342.78,N21,2026-09-09 13:33:00 IST,1,None (Open / Rural Area),,AGRICULTURAL_FIRE,MODERATE,0.88,14.9_78.4
e7e2c6c472,14.89146,79.23196,4.29,343.05,N21,2026-09-09 13:33:00 IST,1,None (Open / Rural Area),,AGRICULTURAL_FIRE,MODERATE,0.88,14.9_79.2
4ae3a9ad26,15.26868,78.92443,5.46,345.06,N21,2026-09-09 13:33:00 IST,2,None (Open / Rural Area),,AGRICULTURAL_FIRE,MODERATE,0.88,15.3_78.9
eabee76b77,15.2713,78.92387,3.67,338.21,N21,2026-09-09 13:33:00 IST,2,None (Open / Rural Area),,AGRICULTURAL_FIRE,MODERATE,0.88,15.3_78.9
c2f980e497,15.17324,76.65638,4.17,331.94,N21,2026-09-09 13:35:00 IST,7,None (Open / Rural Area),,AGRICULTURAL_FIRE,MODERATE,0.88,15.2_76.7
d06796982e,15.17655,76.65583,4.17,338.03,N21,2026-09-09 13:35:00 IST,7,None (Open / Rural Area),,AGRICULTURAL_FIRE,MODERATE,0.88,15.2_76.7
082555d7fc,15.17712,76.65942,6.9,337.21,N21,2026-09-09 13:35:00 IST,11,None (Open / Rural Area),,AGRICULTURAL_FIRE,MODERATE,0.88,15.2_76.7
5aaa575835,15.38911,78.19917,7.87,342.8,N21,2026-09-09 13:35:00 IST,1,None (Open / Rural Area),,AGRICULTURAL_FIRE,MODERATE,0.88,15.4_78.2
ab812b7163,15.6227,78.10231,3.6,332.54,N21,2026-09-09 13:35:00 IST,1,None (Open / Rural Area),,AGRICULTURAL_FIRE,MODERATE,0.88,15.6_78.1
a9ca540b9e,15.91879,75.33707,3.13,331.85,N21,2026-09-09 13:35:00 IST,1,None (Open / Rural Area),,AGRICULTURAL_FIRE,MODERATE,0.88,15.9_75.3
dc5f1b1214,16.21061,78.12437,1.58,330.73,N21,2026-09-09 13:35:00 IST,1,None (Open / Rural Area),,AGRICULTURAL_FIRE,MODERATE,0.88,16.2_78.1
1d9d4f400c,17.2603,80.37199,4.64,334.59,N21,2026-09-09 13:35:00 IST,1,None (Open / Rural Area),,AGRICULTURAL_FIRE,MODERATE,0.88,17.3_80.4
403949081b,17.40713,80.6287,5.98,337.85,N21,2026-09-09 13:35:00 IST,1,None (Open / Rural Area),,AGRICULTURAL_FIRE,MODERATE,0.88,17.4_80.6
fd48352d15,18.51792,74.27672,5.13,334.1,N21,2026-09-09 13:35:00 IST,3,None (Open / Rural Area),,AGRICULTURAL_FIRE,MODERATE,0.88,18.5_74.3
ec5d659a96,18.52138,74.27608,5.13,334.14,N21,2026-09-09 13:35:00 IST,3,None (Open / Rural Area),,AGRICULTURAL_FIRE,MODERATE,0.88,18.5_74.3
6ef3981598,18.52205,74.28011,5.13,333.29,N21,2026-09-09 13:35:00 IST,3,None (Open / Rural Area),,AGRICULTURAL_FIRE,MODERATE,0.88,18.5_74.3
f33ec1aed6,18.68422,73.04059,14.96,337.16,N21,2026-09-09 13:35:00 IST,2,None (Open / Rural Area),,AGRICULTURAL_FIRE,MODERATE,0.88,18.7_73.0
ba2cf8c3f2,19.8471,75.83484,3.51,331.85,N21,2026-09-09 13:35:00 IST,1,None (Open / Rural Area),,AGRICULTURAL_FIRE,MODERATE,0.88,19.8_75.8
98632c0ffa,21.10073,77.35696,2.8,340.72,N21,2026-09-09 13:35:00 IST,1,None (Open / Rural Area),,AGRICULTURAL_FIRE,MODERATE,0.88,21.1_77.4
e95bf9ae87,21.10098,72.63618,18.08,341.29,N21,2026-09-09 13:37:00 IST,8,None (Open / Rural Area),,AGRICULTURAL_FIRE,MODERATE,0.88,21.1_72.6
71f17ec4e0,21.10459,72.63547,18.08,341.13,N21,2026-09-09 13:37:00 IST,8,None (Open / Rural Area),,AGRICULTURAL_FIRE,MODERATE,0.88,21.1_72.6
9b06ff2d8e,21.10615,72.64445,22.9,339.46,N21,2026-09-09 13:37:00 IST,17,None (Open / Rural Area),,AGRICULTURAL_FIRE,MODERATE,0.88,21.1_72.6
81df63c6fc,22.35879,82.30294,11.06,346.22,N21,2026-09-09 13:37:00 IST,3,None (Open / Rural Area),,AGRICULTURAL_FIRE,MODERATE,0.88,22.4_82.3
be1c50a97c,22.78133,69.45798,6.85,343.61,N21,2026-09-09 13:37:00 IST,1,None (Open / Rural Area),,AGRICULTURAL_FIRE,MODERATE,0.88,22.8_69.5
e0cc835ec0,22.92812,70.10755,7.38,339.98,N21,2026-09-09 13:37:00 IST,2,None (Open / Rural Area),,AGRICULTURAL_FIRE,MODERATE,0.88,22.9_70.1
2f3041127d,23.04061,69.77237,3.61,330.06,N21,2026-09-09 13:37:00 IST,1,None (Open / Rural Area),,AGRICULTURAL_FIRE,MODERATE,0.88,23.0_69.8
776fb82cec,23.0556,69.65101,5.63,341.33,N21,2026-09-09 13:37:00 IST,1,None (Open / Rural Area),,AGRICULTURAL_FIRE,MODERATE,0.88,23.1_69.7
352e4a733d,23.77867,86.20861,5.77,332.71,N21,2026-09-09 13:37:00 IST,5,None (Open / Rural Area),,AGRICULTURAL_FIRE,MODERATE,0.88,23.8_86.2
81ba5025f5,23.78031,86.20837,7.91,331.9,N21,2026-09-09 13:37:00 IST,5,None (Open / Rural Area),,AGRICULTURAL_FIRE,MODERATE,0.88,23.8_86.2
97b85467e9,25.14409,68.35629,5.15,333.26,N21,2026-09-09 13:37:00 IST,1,None (Open / Rural Area),,AGRICULTURAL_FIRE,MODERATE,0.88,25.1_68.4
6162b1fea8,25.38668,68.58372,2.85,338.48,N21,2026-09-09 13:37:00 IST,6,None (Open / Rural Area),,AGRICULTURAL_FIRE,MODERATE,0.88,25.4_68.6
d615468db7,25.99035,68.83852,2.78,336.42,N21,2026-09-09 13:37:00 IST,1,None (Open / Rural Area),,AGRICULTURAL_FIRE,MODERATE,0.88,26.0_68.8
fed9fa4edc,26.64483,79.48153,4.05,330.06,N21,2026-09-09 13:37:00 IST,1,None (Open / Rural Area),,AGRICULTURAL_FIRE,MODERATE,0.88,26.6_79.5
aedba708c4,30.31971,69.83965,8.29,341.07,N21,2026-09-09 13:39:00 IST,1,None (Open / Rural Area),,AGRICULTURAL_FIRE,MODERATE,0.88,30.3_69.8
de863a488f,30.36686,73.61315,4.64,337.6,N21,2026-09-09 13:39:00 IST,1,None (Open / Rural Area),,AGRICULTURAL_FIRE,MODERATE,0.88,30.4_73.6
2c00207ae2,30.46358,73.84248,2.89,333.16,N21,2026-09-09 13:39:00 IST,1,None (Open / Rural Area),,AGRICULTURAL_FIRE,MODERATE,0.88,30.5_73.8
bb6c406dce,31.24909,75.12587,2.91,331.85,N21,2026-09-09 13:39:00 IST,1,None (Open / Rural Area),,AGRICULTURAL_FIRE,MODERATE,0.88,31.2_75.1
ff191eb76f,31.31425,75.0283,3.21,335.07,N21,2026-09-09 13:39:00 IST,1,None (Open / Rural Area),,AGRICULTURAL_FIRE,MODERATE,0.88,31.3_75.0
1aede62e76,31.38428,74.80376,4.3,331.82,N21,2026-09-09 13:39:00 IST,1,None (Open / Rural Area),,AGRICULTURAL_FIRE,MODERATE,0.88,31.4_74.8
fd8d971467,31.56111,75.2141,2.96,332.42,N21,2026-09-09 13:39:00 IST,1,None (Open / Rural Area),,AGRICULTURAL_FIRE,MODERATE,0.88,31.6_75.2
6050a222c3,31.56716,74.99506,4.56,336.47,N21,2026-09-09 13:39:00 IST,1,None (Open / Rural Area),,AGRICULTURAL_FIRE,MODERATE,0.88,31.6_75.0
9480f0778a,31.59089,73.54737,3.18,331.89,N21,2026-09-09 13:39:00 IST,1,None (Open / Rural Area),,AGRICULTURAL_FIRE,MODERATE,0.88,31.6_73.5
ae66cac0b5,31.60621,75.0046,2.71,332.59,N21,2026-09-09 13:39:00 IST,1,None (Open / Rural Area),,AGRICULTURAL_FIRE,MODERATE,0.88,31.6_75.0
65c61c08e5,31.6447,75.01,2.3,335.05,N21,2026-09-09 13:39:00 IST,1,None (Open / Rural Area),,AGRICULTURAL_FIRE,MODERATE,0.88,31.6_75.0
271d6c4d20,31.69981,72.22272,2.91,336.34,N21,2026-09-09 13:39:00 IST,1,None (Open / Rural Area),,AGRICULTURAL_FIRE,MODERATE,0.88,31.7_72.2
9a1cf860ae,31.72758,72.35172,2.21,335.12,N21,2026-09-09 13:39:00 IST,1,None (Open / Rural Area),,AGRICULTURAL_FIRE,MODERATE,0.88,31.7_72.4
4978ad6a9e,32.57676,72.56045,2.08,332.85,N21,2026-09-09 13:39:00 IST,2,None (Open / Rural Area),,AGRICULTURAL_FIRE,MODERATE,0.88,32.6_72.6
62ba96877e,34.0943,72.01019,4.47,341.66,N21,2026-09-09 13:39:00 IST,1,None (Open / Rural Area),,AGRICULTURAL_FIRE,MODERATE,0.88,34.1_72.0
2bce920f27,24.36372,90.91956,5.1,295.87,N21,2026-09-10 00:23:00 IST,1,None (Open / Rural Area),,AGRICULTURAL_FIRE,MODERATE,0.88,24.4_90.9
512a3f6d22,32.57431,72.5625,3.31,314.95,N21,2026-09-10 02:02:00 IST,3,None (Open / Rural Area),,AGRICULTURAL_FIRE,MODERATE,0.88,32.6_72.6
2dcdf5f112,32.65152,70.47442,2.28,314.64,N21,2026-09-10 02:02:00 IST,2,None (Open / Rural Area),,AGRICULTURAL_FIRE,MODERATE,0.88,32.7_70.5
f4fbce09d5,32.71631,72.77657,1.37,305.63,N21,2026-09-10 02:02:00 IST,3,None (Open / Rural Area),,AGRICULTURAL_FIRE,MODERATE,0.88,32.7_72.8
10642b7ccb,32.88884,71.61807,2.7,308.36,N21,2026-09-10 02:02:00 IST,2,None (Open / Rural Area),,AGRICULTURAL_FIRE,MODERATE,0.88,32.9_71.6
507304b4fc,33.29591,71.18521,1.32,306.68,N21,2026-09-10 02:02:00 IST,2,None (Open / Rural Area),,AGRICULTURAL_FIRE,MODERATE,0.88,33.3_71.2
a2e786f1a1,35.96827,68.68578,1.36,308.53,N21,2026-09-10 02:02:00 IST,2,None (Open / Rural Area),,AGRICULTURAL_FIRE,MODERATE,0.88,36.0_68.7
0010fdec0b,36.93255,80.30405,1.23,301.15,N21,2026-09-10 02:02:00 IST,1,None (Open / Rural Area),,AGRICULTURAL_FIRE,MODERATE,0.88,36.9_80.3
2fd4421827,24.76222,74.60638,1.7,317.7,N21,2026-09-10 02:04:00 IST,3,None (Open / Rural Area),,AGRICULTURAL_FIRE,MODERATE,0.88,24.8_74.6
437f28f388,24.82092,73.09148,1.51,308.04,N21,2026-09-10 02:04:00 IST,2,None (Open / Rural Area),,AGRICULTURAL_FIRE,MODERATE,0.88,24.8_73.1
70478869fe,24.93375,74.63393,1.73,310.89,N21,2026-09-10 02:04:00 IST,2,None (Open / Rural Area),,AGRICULTURAL_FIRE,MODERATE,0.88,24.9_74.6
c54bbddada,25.38713,68.57884,1.72,308.45,N21,2026-09-10 02:04:00 IST,6,None (Open / Rural Area),,AGRICULTURAL_FIRE,MODERATE,0.88,25.4_68.6
f0a4e30ad8,25.78418,73.69784,3.1,326.09,N21,2026-09-10 02:04:00 IST,3,None (Open / Rural Area),,AGRICULTURAL_FIRE,MODERATE,0.88,25.8_73.7
cef1976895,25.86705,68.93176,15.87,340.24,N21,2026-09-10 02:04:00 IST,1,None (Open / Rural Area),,AGRICULTURAL_FIRE,MODERATE,0.88,25.9_68.9
05b8c599a7,26.09542,68.87901,1.59,307.88,N21,2026-09-10 02:04:00 IST,2,None (Open / Rural Area),,AGRICULTURAL_FIRE,MODERATE,0.88,26.1_68.9
e23c4622d1,26.25774,74.09557,1.41,311.02,N21,2026-09-10 02:04:00 IST,2,None (Open / Rural Area),,AGRICULTURAL_FIRE,MODERATE,0.88,26.3_74.1
d42b1d8ad0,26.70252,77.84946,1.1,312.5,N21,2026-09-10 02:04:00 IST,2,None (Open / Rural Area),,AGRICULTURAL_FIRE,MODERATE,0.88,26.7_77.8
e646a60c16,26.87631,73.51521,2.1,309.13,N21,2026-09-10 02:04:00 IST,3,None (Open / Rural Area),,AGRICULTURAL_FIRE,MODERATE,0.88,26.9_73.5
cc0160d758,27.28864,73.83879,1.22,308.89,N21,2026-09-10 02:04:00 IST,1,None (Open / Rural Area),,AGRICULTURAL_FIRE,MODERATE,0.88,27.3_73.8
05e52d4616,27.66615,76.12916,1.7,313.39,N21,2026-09-10 02:04:00 IST,2,None (Open / Rural Area),,AGRICULTURAL_FIRE,MODERATE,0.88,27.7_76.1
b5081ffc10,28.27328,77.18404,0.84,308.43,N21,2026-09-10 02:04:00 IST,1,None (Open / Rural Area),,AGRICULTURAL_FIRE,MODERATE,0.88,28.3_77.2
5b452db058,28.27658,77.27263,0.67,307.55,N21,2026-09-10 02:04:00 IST,1,None (Open / Rural Area),,AGRICULTURAL_FIRE,MODERATE,0.88,28.3_77.3
2b0c27ac34,28.3474,77.23056,0.94,311.03,N21,2026-09-10 02:04:00 IST,3,None (Open / Rural Area),,AGRICULTURAL_FIRE,MODERATE,0.88,28.3_77.2
668cb45edf,28.3476,77.27761,0.5,308.61,N21,2026-09-10 02:04:00 IST,1,None (Open / Rural Area),,AGRICULTURAL_FIRE,MODERATE,0.88,28.3_77.3
a73f64af28,28.35059,77.25818,0.79,315.85,N21,2026-09-10 02:04:00 IST,2,None (Open / Rural Area),,AGRICULTURAL_FIRE,MODERATE,0.88,28.4_77.3
ebe7db1d4f,28.3724,77.22649,2.67,329.26,N21,2026-09-10 02:04:00 IST,1,None (Open / Rural Area),,AGRICULTURAL_FIRE,MODERATE,0.88,28.4_77.2
0acac985e9,28.42573,69.7007,2.93,310.64,N21,2026-09-10 02:04:00 IST,3,None (Open / Rural Area),,AGRICULTURAL_FIRE,MODERATE,0.88,28.4_69.7
7486628476,28.42579,69.69822,3.01,311.67,N21,2026-09-10 02:04:00 IST,3,None (Open / Rural Area),,AGRICULTURAL_FIRE,MODERATE,0.88,28.4_69.7
8eb641f295,28.7076,76.85604,0.23,306.71,N21,2026-09-10 02:04:00 IST,1,None (Open / Rural Area),,AGRICULTURAL_FIRE,MODERATE,0.88,28.7_76.9
907d89f16c,28.71445,76.83309,0.8,313.92,N21,2026-09-10 02:04:00 IST,1,None (Open / Rural Area),,AGRICULTURAL_FIRE,MODERATE,0.88,28.7_76.8
241c5047c9,28.74343,76.93484,0.84,311.66,N21,2026-09-10 02:04:00 IST,1,None (Open / Rural Area),,AGRICULTURAL_FIRE,MODERATE,0.88,28.7_76.9
6ee82a2ff7,28.7955,77.57259,0.67,306.2,N21,2026-09-10 02:04:00 IST,1,None (Open / Rural Area),,AGRICULTURAL_FIRE,MODERATE,0.88,28.8_77.6
cac48b6468,28.79756,77.0705,1.42,309.65,N21,2026-09-10 02:04:00 IST,1,None (Open / Rural Area),,AGRICULTURAL_FIRE,MODERATE,0.88,28.8_77.1
6428e3c1da,29.02777,73.97745,1.18,308.01,N21,2026-09-10 02:04:00 IST,2,None (Open / Rural Area),,AGRICULTURAL_FIRE,MODERATE,0.88,29.0_74.0
ce9cde8de6,29.02843,73.97974,0.97,311.65,N21,2026-09-10 02:04:00 IST,2,None (Open / Rural Area),,AGRICULTURAL_FIRE,MODERATE,0.88,29.0_74.0
b964fafd0a,30.44627,70.56583,0.99,310.24,N21,2026-09-10 02:04:00 IST,2,None (Open / Rural Area),,AGRICULTURAL_FIRE,MODERATE,0.88,30.4_70.6
3e22ed3973,31.25045,76.92875,0.86,308.54,N21,2026-09-10 02:04:00 IST,1,None (Open / Rural Area),,AGRICULTURAL_FIRE,MODERATE,0.88,31.3_76.9
44bf232315,32.12976,74.17651,1.62,311.63,N21,2026-09-10 02:04:00 IST,1,None (Open / Rural Area),,AGRICULTURAL_FIRE,MODERATE,0.88,32.1_74.2
7f6db2aba2,18.5691,74.52812,0.78,309.94,N21,2026-09-10 02:06:00 IST,1,None (Open / Rural Area),,AGRICULTURAL_FIRE,MODERATE,0.88,18.6_74.5
13a96be33a,18.57131,74.15503,0.78,300.17,N21,2026-09-10 02:06:00 IST,2,None (Open / Rural Area),,AGRICULTURAL_FIRE,MODERATE,0.88,18.6_74.2
79a338f496,18.68232,73.03611,1.89,310.26,N21,2026-09-10 02:06:00 IST,1,None (Open / Rural Area),,AGRICULTURAL_FIRE,MODERATE,0.88,18.7_73.0
1bd707d0fd,18.8592,72.92779,6.95,333.14,N21,2026-09-10 02:06:00 IST,1,None (Open / Rural Area),,AGRICULTURAL_FIRE,MODERATE,0.88,18.9_72.9
d0ad2e27e3,19.14089,74.70187,0.6,302.59,N21,2026-09-10 02:06:00 IST,1,None (Open / Rural Area),,AGRICULTURAL_FIRE,MODERATE,0.88,19.1_74.7
a775dbd6df,19.17634,70.94287,3.76,307.62,N21,2026-09-10 02:06:00 IST,2,None (Open / Rural Area),,AGRICULTURAL_FIRE,MODERATE,0.88,19.2_70.9
f37250876e,19.33292,72.01788,2.07,304.74,N21,2026-09-10 02:06:00 IST,2,None (Open / Rural Area),,AGRICULTURAL_FIRE,MODERATE,0.88,19.3_72.0
c627276599,19.4157,71.38811,4.64,312.49,N21,2026-09-10 02:06:00 IST,2,None (Open / Rural Area),,AGRICULTURAL_FIRE,MODERATE,0.88,19.4_71.4
368e7e45a1,19.41655,71.39067,4.06,308.02,N21,2026-09-10 02:06:00 IST,2,None (Open / Rural Area),,AGRICULTURAL_FIRE,MODERATE,0.88,19.4_71.4
c26f1c2502,19.56959,71.35637,8.49,329.76,N21,2026-09-10 02:06:00 IST,3,None (Open / Rural Area),,AGRICULTURAL_FIRE,MODERATE,0.88,19.6_71.4
c734e322e4,19.57268,71.3616,3.65,318.98,N21,2026-09-10 02:06:00 IST,3,None (Open / Rural Area),,AGRICULTURAL_FIRE,MODERATE,0.88,19.6_71.4
76e6feb26f,19.9362,73.71065,1.65,310.84,N21,2026-09-10 02:06:00 IST,3,None (Open / Rural Area),,AGRICULTURAL_FIRE,MODERATE,0.88,19.9_73.7
b8340e61c7,20.91109,71.4589,2.43,315.52,N21,2026-09-10 02:06:00 IST,4,None (Open / Rural Area),,AGRICULTURAL_FIRE,MODERATE,0.88,20.9_71.5
91731de3d2,20.95217,86.04386,0.42,296.74,N21,2026-09-10 02:06:00 IST,1,None (Open / Rural Area),,AGRICULTURAL_FIRE,MODERATE,0.88,21.0_86.0
543c41bf7c,20.96053,86.00558,1.14,302.8,N21,2026-09-10 02:06:00 IST,1,None (Open / Rural Area),,AGRICULTURAL_FIRE,MODERATE,0.88,21.0_86.0
0495d18127,20.9651,86.01086,1.14,304.01,N21,2026-09-10 02:06:00 IST,5,None (Open / Rural Area),,AGRICULTURAL_FIRE,MODERATE,0.88,21.0_86.0
4d62a1f76b,20.96677,86.00318,1.02,298.31,N21,2026-09-10 02:06:00 IST,5,None (Open / Rural Area),,AGRICULTURAL_FIRE,MODERATE,0.88,21.0_86.0
fe92d7353f,20.96883,86.01999,1.43,301.25,N21,2026-09-10 02:06:00 IST,1,None (Open / Rural Area),,AGRICULTURAL_FIRE,MODERATE,0.88,21.0_86.0
5421862ad5,20.96967,86.01614,1.43,298.06,N21,2026-09-10 02:06:00 IST,5,None (Open / Rural Area),,AGRICULTURAL_FIRE,MODERATE,0.88,21.0_86.0
2a48306cc8,20.97049,86.01234,2.89,311.64,N21,2026-09-10 02:06:00 IST,5,None (Open / Rural Area),,AGRICULTURAL_FIRE,MODERATE,0.88,21.0_86.0
15b65ccaf1,21.1813,81.38794,0.97,302.62,N21,2026-09-10 02:06:00 IST,4,Bhilai Steel Complex,1.27,INDUSTRIAL_FLARE,LOW,0.92,21.2_81.4
d9e2281089,21.18205,81.38406,0.97,301.54,N21,2026-09-10 02:06:00 IST,4,Bhilai Steel Complex,0.98,INDUSTRIAL_FLARE,LOW,0.92,21.2_81.4
b6768452fd,21.18536,81.38883,1.26,303.04,N21,2026-09-10 02:06:00 IST,4,Bhilai Steel Complex,1.05,INDUSTRIAL_FLARE,LOW,0.92,21.2_81.4
ff5dc555d1,21.24435,79.22292,0.93,299.97,N21,2026-09-10 02:06:00 IST,1,None (Open / Rural Area),,AGRICULTURAL_FIRE,MODERATE,0.88,21.2_79.2
6daca81501,21.24669,79.20949,0.47,298.56,N21,2026-09-10 02:06:00 IST,1,None (Open / Rural Area),,AGRICULTURAL_FIRE,MODERATE,0.88,21.2_79.2
91351b4e6c,21.24836,79.20725,1.44,302.72,N21,2026-09-10 02:06:00 IST,2,None (Open / Rural Area),,AGRICULTURAL_FIRE,MODERATE,0.88,21.2_79.2
4704516bf0,21.25029,79.21022,0.68,298.98,N21,2026-09-10 02:06:00 IST,1,None (Open / Rural Area),,AGRICULTURAL_FIRE,MODERATE,0.88,21.3_79.2
923913abdd,21.3112,81.592,1.64,305.52,N21,2026-09-10 02:06:00 IST,2,None (Open / Rural Area),,AGRICULTURAL_FIRE,MODERATE,0.88,21.3_81.6
ca831086d1,21.33527,78.96882,1.31,304.59,N21,2026-09-10 02:06:00 IST,2,None (Open / Rural Area),,AGRICULTURAL_FIRE,MODERATE,0.88,21.3_79.0
be08274c55,21.34633,81.66607,2.72,320.23,N21,2026-09-10 02:06:00 IST,2,None (Open / Rural Area),,AGRICULTURAL_FIRE,MODERATE,0.88,21.3_81.7
85981dd524,21.34837,81.6671,2.15,311.87,N21,2026-09-10 02:06:00 IST,2,None (Open / Rural Area),,AGRICULTURAL_FIRE,MODERATE,0.88,21.3_81.7
bd0d53aa39,21.3777,81.68142,2.55,309.45,N21,2026-09-10 02:06:00 IST,3,None (Open / Rural Area),,AGRICULTURAL_FIRE,MODERATE,0.88,21.4_81.7
a2cf971a73,21.38877,81.64631,0.9,304.2,N21,2026-09-10 02:06:00 IST,2,None (Open / Rural Area),,AGRICULTURAL_FIRE,MODERATE,0.88,21.4_81.6
9e96cb3230,21.69824,72.54119,0.34,309.48,N21,2026-09-10 02:06:00 IST,1,None (Open / Rural Area),,AGRICULTURAL_FIRE,MODERATE,0.88,21.7_72.5
e5d0d703fc,22.33609,69.86825,3.88,306.67,N21,2026-09-10 02:06:00 IST,1,None (Open / Rural Area),,AGRICULTURAL_FIRE,MODERATE,0.88,22.3_69.9
68f57d3549,22.33755,69.85572,3.92,307.43,N21,2026-09-10 02:06:00 IST,1,None (Open / Rural Area),,AGRICULTURAL_FIRE,MODERATE,0.88,22.3_69.9
2df6c3551d,22.35613,82.3051,1.53,295.53,N21,2026-09-10 02:06:00 IST,4,None (Open / Rural Area),,AGRICULTURAL_FIRE,MODERATE,0.88,22.4_82.3
50d1b42d4e,22.35696,82.30088,1.53,307.54,N21,2026-09-10 02:06:00 IST,4,None (Open / Rural Area),,AGRICULTURAL_FIRE,MODERATE,0.88,22.4_82.3
52154ec8a3,22.4166,69.04057,3.8,311.53,N21,2026-09-10 02:06:00 IST,1,None (Open / Rural Area),,AGRICULTURAL_FIRE,MODERATE,0.88,22.4_69.0
e0385f1d25,22.9316,69.70322,1.18,306.17,N21,2026-09-10 02:06:00 IST,5,None (Open / Rural Area),,AGRICULTURAL_FIRE,MODERATE,0.88,22.9_69.7
acaf8966e9,22.93211,69.69884,1.75,313.33,N21,2026-09-10 02:06:00 IST,5,None (Open / Rural Area),,AGRICULTURAL_FIRE,MODERATE,0.88,22.9_69.7
12203238ab,22.93262,69.69446,1.75,306.52,N21,2026-09-10 02:06:00 IST,3,None (Open / Rural Area),,AGRICULTURAL_FIRE,MODERATE,0.88,22.9_69.7
ed58214cb5,23.31435,70.48582,1.72,308.67,N21,2026-09-10 02:06:00 IST,2,None (Open / Rural Area),,AGRICULTURAL_FIRE,MODERATE,0.88,23.3_70.5
fb25acc08c,24.44698,72.75267,1.14,306.87,N21,2026-09-10 02:06:00 IST,1,None (Open / Rural Area),,AGRICULTURAL_FIRE,MODERATE,0.88,24.4_72.8
dbb6381a11,10.61617,77.42035,1.51,305.44,N21,2026-09-10 02:08:00 IST,3,None (Open / Rural Area),,AGRICULTURAL_FIRE,MODERATE,0.88,10.6_77.4
e69a85b1d5,11.18337,79.10139,0.75,296.98,N21,2026-09-10 02:08:00 IST,1,None (Open / Rural Area),,AGRICULTURAL_FIRE,MODERATE,0.88,11.2_79.1
17c417988d,11.75512,77.01227,0.43,303.35,N21,2026-09-10 02:08:00 IST,1,None (Open / Rural Area),,AGRICULTURAL_FIRE,MODERATE,0.88,11.8_77.0
416baffc52,12.27269,77.37935,3.41,322.92,N21,2026-09-10 02:08:00 IST,1,None (Open / Rural Area),,AGRICULTURAL_FIRE,MODERATE,0.88,12.3_77.4
8d3244d921,12.74632,77.62019,0.65,302.49,N21,2026-09-10 02:08:00 IST,2,None (Open / Rural Area),,AGRICULTURAL_FIRE,MODERATE,0.88,12.7_77.6
2fc1ecaba5,12.85013,77.58395,0.41,302.4,N21,2026-09-10 02:08:00 IST,1,None (Open / Rural Area),,AGRICULTURAL_FIRE,MODERATE,0.88,12.9_77.6
9f754ad032,13.50614,78.64854,1.72,306.17,N21,2026-09-10 02:08:00 IST,1,None (Open / Rural Area),,AGRICULTURAL_FIRE,MODERATE,0.88,13.5_78.6
9f693e39cc,13.71074,79.61864,5.99,309.33,N21,2026-09-10 02:08:00 IST,1,None (Open / Rural Area),,AGRICULTURAL_FIRE,MODERATE,0.88,13.7_79.6
22f80c5053,14.58761,78.58028,2.93,304.51,N21,2026-09-10 02:08:00 IST,1,None (Open / Rural Area),,AGRICULTURAL_FIRE,MODERATE,0.88,14.6_78.6
02377a9aaf,15.10985,76.80682,0.49,299.82,N21,2026-09-10 02:08:00 IST,1,None (Open / Rural Area),,AGRICULTURAL_FIRE,MODERATE,0.88,15.1_76.8
71615a28f1,15.13707,76.70947,0.9,305.14,N21,2026-09-10 02:08:00 IST,1,None (Open / Rural Area),,AGRICULTURAL_FIRE,MODERATE,0.88,15.1_76.7
9cb17cbf28,15.16795,76.67424,1.49,305.09,N21,2026-09-10 02:08:00 IST,1,None (Open / Rural Area),,AGRICULTURAL_FIRE,MODERATE,0.88,15.2_76.7
bdc736abf2,15.16802,76.37833,0.48,297.09,N21,2026-09-10 02:08:00 IST,7,None (Open / Rural Area),,AGRICULTURAL_FIRE,MODERATE,0.88,15.2_76.4
3caca47fc6,15.17143,76.37894,0.69,299.47,N21,2026-09-10 02:08:00 IST,7,None (Open / Rural Area),,AGRICULTURAL_FIRE,MODERATE,0.88,15.2_76.4
d0cd5a847c,15.17222,76.6913,1.18,309.22,N21,2026-09-10 02:08:00 IST,1,None (Open / Rural Area),,AGRICULTURAL_FIRE,MODERATE,0.88,15.2_76.7
98a990bd06,15.17404,76.65913,1.11,304.68,N21,2026-09-10 02:08:00 IST,11,None (Open / Rural Area),,AGRICULTURAL_FIRE,MODERATE,0.88,15.2_76.7
85a0f1f9c3,15.17428,76.78569,0.5,295.68,N21,2026-09-10 02:08:00 IST,1,None (Open / Rural Area),,AGRICULTURAL_FIRE,MODERATE,0.88,15.2_76.8
ff86a5839a,15.1747,76.65519,1.11,310.92,N21,2026-09-10 02:08:00 IST,7,None (Open / Rural Area),,AGRICULTURAL_FIRE,MODERATE,0.88,15.2_76.7
b0b1c75f8d,15.17486,76.67554,2.21,313.92,N21,2026-09-10 02:08:00 IST,8,None (Open / Rural Area),,AGRICULTURAL_FIRE,MODERATE,0.88,15.2_76.7
3aa7392f55,15.17582,77.10212,0.49,299.97,N21,2026-09-10 02:08:00 IST,5,None (Open / Rural Area),,AGRICULTURAL_FIRE,MODERATE,0.88,15.2_77.1
ba50916c0d,15.17749,76.65976,1.13,305.0,N21,2026-09-10 02:08:00 IST,11,None (Open / Rural Area),,AGRICULTURAL_FIRE,MODERATE,0.88,15.2_76.7
7174551f2e,15.17815,76.65582,1.13,309.9,N21,2026-09-10 02:08:00 IST,7,None (Open / Rural Area),,AGRICULTURAL_FIRE,MODERATE,0.88,15.2_76.7
36e8e84da7,15.17831,76.67618,2.21,321.15,N21,2026-09-10 02:08:00 IST,8,None (Open / Rural Area),,AGRICULTURAL_FIRE,MODERATE,0.88,15.2_76.7
1605a70b8f,15.17934,77.10276,0.49,299.91,N21,2026-09-10 02:08:00 IST,5,None (Open / Rural Area),,AGRICULTURAL_FIRE,MODERATE,0.88,15.2_77.1
5dac11ec54,15.18308,76.66891,2.27,316.49,N21,2026-09-10 02:08:00 IST,11,None (Open / Rural Area),,AGRICULTURAL_FIRE,MODERATE,0.88,15.2_76.7
35c930784d,15.22403,76.76599,0.91,304.43,N21,2026-09-10 02:08:00 IST,4,None (Open / Rural Area),,AGRICULTURAL_FIRE,MODERATE,0.88,15.2_76.8
14fdc9fbc1,15.22469,76.76201,0.91,307.78,N21,2026-09-10 02:08:00 IST,2,None (Open / Rural Area),,AGRICULTURAL_FIRE,MODERATE,0.88,15.2_76.8
bb80255e14,15.22588,76.76585,0.93,308.09,N21,2026-09-10 02:08:00 IST,4,None (Open / Rural Area),,AGRICULTURAL_FIRE,MODERATE,0.88,15.2_76.8
a279450455,15.22656,76.76188,0.93,306.18,N21,2026-09-10 02:08:00 IST,2,None (Open / Rural Area),,AGRICULTURAL_FIRE,MODERATE,0.88,15.2_76.8
f72b04a8d9,15.29969,76.21921,0.38,300.04,N21,2026-09-10 02:08:00 IST,1,None (Open / Rural Area),,AGRICULTURAL_FIRE,MODERATE,0.88,15.3_76.2
c6c8047b58,15.3345,76.24483,1.01,304.05,N21,2026-09-10 02:08:00 IST,1,None (Open / Rural Area),,AGRICULTURAL_FIRE,MODERATE,0.88,15.3_76.2
33b91be403,15.65771,73.99008,1.11,311.64,N21,2026-09-10 02:08:00 IST,2,None (Open / Rural Area),,AGRICULTURAL_FIRE,MODERATE,0.88,15.7_74.0
f7590b119a,16.20535,75.2086,0.5,301.51,N21,2026-09-10 02:08:00 IST,1,None (Open / Rural Area),,AGRICULTURAL_FIRE,MODERATE,0.88,16.2_75.2
4bd6026041,16.64612,74.3112,1.12,311.23,N21,2026-09-10 02:08:00 IST,1,None (Open / Rural Area),,AGRICULTURAL_FIRE,MODERATE,0.88,16.6_74.3
4830dd5493,17.13936,77.17619,0.2,296.48,N21,2026-09-10 02:08:00 IST,1,None (Open / Rural Area),,AGRICULTURAL_FIRE,MODERATE,0.88,17.1_77.2
19a10355e3,17.14147,77.18481,0.75,298.98,N21,2026-09-10 02:08:00 IST,1,None (Open / Rural Area),,AGRICULTURAL_FIRE,MODERATE,0.88,17.1_77.2
899576ff37,17.36966,77.44419,1.27,307.87,N21,2026-09-10 02:08:00 IST,1,None (Open / Rural Area),,AGRICULTURAL_FIRE,MODERATE,0.88,17.4_77.4
0648d054b1,7.68202,80.70406,0.93,311.65,N21,2026-09-10 02:10:00 IST,3,None (Open / Rural Area),,AGRICULTURAL_FIRE,MODERATE,0.88,7.7_80.7
49d850d356,7.68589,80.70474,1.73,317.43,N21,2026-09-10 02:10:00 IST,3,None (Open / Rural Area),,AGRICULTURAL_FIRE,MODERATE,0.88,7.7_80.7
88ba401f58,7.68702,80.70467,0.93,303.39,N21,2026-09-10 02:10:00 IST,3,None (Open / Rural Area),,AGRICULTURAL_FIRE,MODERATE,0.88,7.7_80.7
733ec0347e,7.83908,81.18146,0.46,302.94,N21,2026-09-10 02:10:00 IST,1,None (Open / Rural Area),,AGRICULTURAL_FIRE,MODERATE,0.88,7.8_81.2
2eeb059ca7,8.05898,80.61339,1.18,303.42,N21,2026-09-10 02:10:00 IST,1,None (Open / Rural Area),,AGRICULTURAL_FIRE,MODERATE,0.88,8.1_80.6
15bdeded62,28.02405,96.64853,6.33,329.18,N21,2026-09-10 11:38:00 IST,2,None (Open / Rural Area),,AGRICULTURAL_FIRE,MODERATE,0.88,28.0_96.6
ffa7e25051,6.2632,80.97652,2.63,334.97,N21,2026-09-10 13:14:00 IST,1,None (Open / Rural Area),,AGRICULTURAL_FIRE,MODERATE,0.88,6.3_81.0
21e342eacc,6.40709,81.31159,5.59,332.25,N21,2026-09-10 13:14:00 IST,1,None (Open / Rural Area),,AGRICULTURAL_FIRE,MODERATE,0.88,6.4_81.3
c8e4d3905e,6.41888,81.08362,24.62,334.42,N21,2026-09-10 13:14:00 IST,1,None (Open / Rural Area),,AGRICULTURAL_FIRE,MODERATE,0.88,6.4_81.1
1d937343c1,6.42442,81.04807,4.94,331.32,N21,2026-09-10 13:14:00 IST,1,None (Open / Rural Area),,AGRICULTURAL_FIRE,MODERATE,0.88,6.4_81.0
15d568ce68,6.44335,81.08987,9.4,340.02,N21,2026-09-10 13:14:00 IST,1,None (Open / Rural Area),,AGRICULTURAL_FIRE,MODERATE,0.88,6.4_81.1
26fa2959d1,6.4849,81.11776,4.96,334.16,N21,2026-09-10 13:14:00 IST,1,None (Open / Rural Area),,AGRICULTURAL_FIRE,MODERATE,0.88,6.5_81.1
74801cebd3,6.55179,80.92549,5.38,336.67,N21,2026-09-10 13:14:00 IST,1,None (Open / Rural Area),,AGRICULTURAL_FIRE,MODERATE,0.88,6.6_80.9
11161538ca,6.56214,81.05875,6.5,336.79,N21,2026-09-10 13:14:00 IST,1,None (Open / Rural Area),,AGRICULTURAL_FIRE,MODERATE,0.88,6.6_81.1
2d4e9f3b38,6.56282,81.06295,6.5,337.02,N21,2026-09-10 13:14:00 IST,2,None (Open / Rural Area),,AGRICULTURAL_FIRE,MODERATE,0.88,6.6_81.1
4cc014050f,6.56508,81.05399,3.98,334.69,N21,2026-09-10 13:14:00 IST,2,None (Open / Rural Area),,AGRICULTURAL_FIRE,MODERATE,0.88,6.6_81.1
26409cf0b1,6.69198,81.07414,13.92,336.44,N21,2026-09-10 13:14:00 IST,1,None (Open / Rural Area),,AGRICULTURAL_FIRE,MODERATE,0.88,6.7_81.1
01afa8327d,6.79362,81.27934,4.22,335.47,N21,2026-09-10 13:14:00 IST,2,None (Open / Rural Area),,AGRICULTURAL_FIRE,MODERATE,0.88,6.8_81.3
5d9ad06bbb,6.79421,81.27834,4.86,335.73,N21,2026-09-10 13:14:00 IST,2,None (Open / Rural Area),,AGRICULTURAL_FIRE,MODERATE,0.88,6.8_81.3
310c520f8e,6.84055,81.55181,6.23,336.38,N21,2026-09-10 13:14:00 IST,2,None (Open / Rural Area),,AGRICULTURAL_FIRE,MODERATE,0.88,6.8_81.6
4d8ca76e9b,6.84137,81.55236,6.64,337.79,N21,2026-09-10 13:14:00 IST,2,None (Open / Rural Area),,AGRICULTURAL_FIRE,MODERATE,0.88,6.8_81.6
a03d203795,7.27058,81.12646,8.2,334.67,N21,2026-09-10 13:14:00 IST,1,None (Open / Rural Area),,AGRICULTURAL_FIRE,MODERATE,0.88,7.3_81.1
c5ad6a53af,7.97727,80.36172,5.67,338.8,N21,2026-09-10 13:14:00 IST,1,None (Open / Rural Area),,AGRICULTURAL_FIRE,MODERATE,0.88,8.0_80.4
e7d6e53f00,7.99352,80.1341,2.96,333.76,N21,2026-09-10 13:14:00 IST,1,None (Open / Rural Area),,AGRICULTURAL_FIRE,MODERATE,0.88,8.0_80.1
f99ca66237,8.0018,80.11408,4.33,331.42,N21,2026-09-10 13:14:00 IST,1,None (Open / Rural Area),,AGRICULTURAL_FIRE,MODERATE,0.88,8.0_80.1
ab005a09fe,8.16179,80.40961,6.11,336.7,N21,2026-09-10 13:14:00 IST,1,None (Open / Rural Area),,AGRICULTURAL_FIRE,MODERATE,0.88,8.2_80.4
4cad08f449,8.30825,81.03323,5.18,336.39,N21,2026-09-10 13:14:00 IST,1,None (Open / Rural Area),,AGRICULTURAL_FIRE,MODERATE,0.88,8.3_81.0
eeac3f6fdf,8.32863,81.36947,4.88,333.67,N21,2026-09-10 13:14:00 IST,1,None (Open / Rural Area),,AGRICULTURAL_FIRE,MODERATE,0.88,8.3_81.4
9ae4e43004,8.36626,80.27986,6.9,340.57,N21,2026-09-10 13:14:00 IST,1,None (Open / Rural Area),,AGRICULTURAL_FIRE,MODERATE,0.88,8.4_80.3
0f0c8f000a,8.41569,77.66499,3.43,335.52,N21,2026-09-10 13:14:00 IST,1,None (Open / Rural Area),,AGRICULTURAL_FIRE,MODERATE,0.88,8.4_77.7
2f895ab197,8.43529,77.6227,1.21,336.99,N21,2026-09-10 13:14:00 IST,2,None (Open / Rural Area),,AGRICULTURAL_FIRE,MODERATE,0.88,8.4_77.6
bf9deee2bb,8.44602,80.63084,5.46,335.48,N21,2026-09-10 13:14:00 IST,1,None (Open / Rural Area),,AGRICULTURAL_FIRE,MODERATE,0.88,8.4_80.6
58978915b1,8.47801,80.75889,11.45,346.95,N21,2026-09-10 13:14:00 IST,1,None (Open / Rural Area),,AGRICULTURAL_FIRE,MODERATE,0.88,8.5_80.8
5018706051,8.49768,80.283,4.91,332.12,N21,2026-09-10 13:14:00 IST,2,None (Open / Rural Area),,AGRICULTURAL_FIRE,MODERATE,0.88,8.5_80.3
382c176bf0,8.50359,80.27306,12.38,341.02,N21,2026-09-10 13:14:00 IST,2,None (Open / Rural Area),,AGRICULTURAL_FIRE,MODERATE,0.88,8.5_80.3
fbab7533f4,8.57501,80.36468,5.48,335.92,N21,2026-09-10 13:14:00 IST,3,None (Open / Rural Area),,AGRICULTURAL_FIRE,MODERATE,0.88,8.6_80.4
93d9c8d46d,8.57867,80.36407,6.15,334.37,N21,2026-09-10 13:14:00 IST,3,None (Open / Rural Area),,AGRICULTURAL_FIRE,MODERATE,0.88,8.6_80.4
1d1a6816c4,8.57937,80.36842,3.83,332.6,N21,2026-09-10 13:14:00 IST,3,None (Open / Rural Area),,AGRICULTURAL_FIRE,MODERATE,0.88,8.6_80.4
eb4b9d6ad1,8.61568,78.09698,4.47,336.26,N21,2026-09-10 13:14:00 IST,1,None (Open / Rural Area),,AGRICULTURAL_FIRE,MODERATE,0.88,8.6_78.1
6a4cf4db25,8.70023,80.37247,7.4,334.56,N21,2026-09-10 13:14:00 IST,1,None (Open / Rural Area),,AGRICULTURAL_FIRE,MODERATE,0.88,8.7_80.4
767dd90782,8.72976,80.8091,5.51,338.08,N21,2026-09-10 13:14:00 IST,1,None (Open / Rural Area),,AGRICULTURAL_FIRE,MODERATE,0.88,8.7_80.8
20635ef532,8.8314,80.98924,10.54,344.59,N21,2026-09-10 13:14:00 IST,4,None (Open / Rural Area),,AGRICULTURAL_FIRE,MODERATE,0.88,8.8_81.0
b64a3f3f73,8.83493,80.98868,10.54,346.94,N21,2026-09-10 13:14:00 IST,4,None (Open / Rural Area),,AGRICULTURAL_FIRE,MODERATE,0.88,8.8_81.0
9d81c71e03,8.83694,80.33418,3.47,333.87,N21,2026-09-10 13:14:00 IST,1,None (Open / Rural Area),,AGRICULTURAL_FIRE,MODERATE,0.88,8.8_80.3
a928cd1718,8.83912,80.99213,6.01,330.97,N21,2026-09-10 13:14:00 IST,4,None (Open / Rural Area),,AGRICULTURAL_FIRE,MODERATE,0.88,8.8_81.0
8bca3bfa87,8.90438,77.60378,4.95,333.52,N21,2026-09-10 13:14:00 IST,2,None (Open / Rural Area),,AGRICULTURAL_FIRE,MODERATE,0.88,8.9_77.6
e1bb01430a,8.90687,77.60324,3.33,339.94,N21,2026-09-10 13:14:00 IST,2,None (Open / Rural Area),,AGRICULTURAL_FIRE,MODERATE,0.88,8.9_77.6
675420b71f,8.93589,80.57632,16.47,349.52,N21,2026-09-10 13:14:00 IST,1,None (Open / Rural Area),,AGRICULTURAL_FIRE,MODERATE,0.88,8.9_80.6
28cc16956c,8.94718,80.46166,15.06,344.44,N21,2026-09-10 13:14:00 IST,1,None (Open / Rural Area),,AGRICULTURAL_FIRE,MODERATE,0.88,8.9_80.5
31f10a6f3e,8.94782,80.90019,3.64,336.32,N21,2026-09-10 13:14:00 IST,1,None (Open / Rural Area),,AGRICULTURAL_FIRE,MODERATE,0.88,8.9_80.9
66f4c339bd,8.94848,80.46294,10.22,333.45,N21,2026-09-10 13:14:00 IST,1,None (Open / Rural Area),,AGRICULTURAL_FIRE,MODERATE,0.88,8.9_80.5
ad6ab9446f,8.95331,80.68477,10.13,336.52,N21,2026-09-10 13:14:00 IST,1,None (Open / Rural Area),,AGRICULTURAL_FIRE,MODERATE,0.88,9.0_80.7
72c6f4c1c9,8.96667,77.85931,14.16,348.35,N21,2026-09-10 13:14:00 IST,1,None (Open / Rural Area),,AGRICULTURAL_FIRE,MODERATE,0.88,9.0_77.9
7f13c79ae7,9.02846,80.2422,7.41,350.65,N21,2026-09-10 13:14:00 IST,1,None (Open / Rural Area),,AGRICULTURAL_FIRE,MODERATE,0.88,9.0_80.2
bdf1f6bf85,9.02856,80.24287,8.78,342.15,N21,2026-09-10 13:14:00 IST,1,None (Open / Rural Area),,AGRICULTURAL_FIRE,MODERATE,0.88,9.0_80.2
18f93665b8,9.24767,77.89903,12.1,342.41,N21,2026-09-10 13:14:00 IST,1,None (Open / Rural Area),,AGRICULTURAL_FIRE,MODERATE,0.88,9.2_77.9
4439d7b72d,9.2705,78.60549,2.3,343.63,N21,2026-09-10 13:14:00 IST,1,None (Open / Rural Area),,AGRICULTURAL_FIRE,MODERATE,0.88,9.3_78.6
89beb90efe,9.36015,78.76106,1.88,339.16,N21,2026-09-10 13:14:00 IST,1,None (Open / Rural Area),,AGRICULTURAL_FIRE,MODERATE,0.88,9.4_78.8
f6d5d69df0,9.40057,80.47038,10.59,341.83,N21,2026-09-10 13:14:00 IST,1,None (Open / Rural Area),,AGRICULTURAL_FIRE,MODERATE,0.88,9.4_80.5
63ca0dba6a,9.4199,80.3849,24.67,353.94,N21,2026-09-10 13:14:00 IST,2,None (Open / Rural Area),,AGRICULTURAL_FIRE,MODERATE,0.88,9.4_80.4
c869671dd5,9.43006,80.37888,10.01,339.92,N21,2026-09-10 13:14:00 IST,1,None (Open / Rural Area),,AGRICULTURAL_FIRE,MODERATE,0.88,9.4_80.4
f9531f0b1c,9.44271,80.50226,10.15,335.25,N21,2026-09-10 13:14:00 IST,1,None (Open / Rural Area),,AGRICULTURAL_FIRE,MODERATE,0.88,9.4_80.5
7929a3c382,14.50943,77.50732,6.11,345.89,N21,2026-09-10 13:16:00 IST,1,None (Open / Rural Area),,AGRICULTURAL_FIRE,MODERATE,0.88,14.5_77.5
d875275178,15.17447,76.8308,3.73,341.83,N21,2026-09-10 13:16:00 IST,1,None (Open / Rural Area),,AGRICULTURAL_FIRE,MODERATE,0.88,15.2_76.8
fe2e0a2ded,17.3086,77.62019,8.89,333.06,N21,2026-09-10 13:16:00 IST,2,None (Open / Rural Area),,AGRICULTURAL_FIRE,MODERATE,0.88,17.3_77.6
83a10abfd1,17.30932,77.6216,8.81,330.95,N21,2026-09-10 13:16:00 IST,2,None (Open / Rural Area),,AGRICULTURAL_FIRE,MODERATE,0.88,17.3_77.6
98f87c347e,17.70016,75.35762,3.82,335.22,N21,2026-09-10 13:16:00 IST,1,None (Open / Rural Area),,AGRICULTURAL_FIRE,MODERATE,0.88,17.7_75.4
16e00b2daa,18.63248,74.05639,4.94,331.15,N21,2026-09-10 13:18:00 IST,1,None (Open / Rural Area),,AGRICULTURAL_FIRE,MODERATE,0.88,18.6_74.1
f71cec784e,19.92554,79.11815,8.46,332.8,N21,2026-09-10 13:18:00 IST,1,None (Open / Rural Area),,AGRICULTURAL_FIRE,MODERATE,0.88,19.9_79.1
be4939f7e6,21.10014,72.63404,36.33,336.61,N21,2026-09-10 13:18:00 IST,8,None (Open / Rural Area),,WILDFIRE_BIOMASS,HIGH,0.85,21.1_72.6
b128b9aebc,21.10247,72.64529,9.05,342.82,N21,2026-09-10 13:18:00 IST,17,None (Open / Rural Area),,AGRICULTURAL_FIRE,MODERATE,0.88,21.1_72.6
677f761a2a,21.10725,72.6442,9.05,331.63,N21,2026-09-10 13:18:00 IST,17,None (Open / Rural Area),,AGRICULTURAL_FIRE,MODERATE,0.88,21.1_72.6
5793911988,22.21149,84.86465,5.09,334.91,N21,2026-09-10 13:18:00 IST,4,None (Open / Rural Area),,AGRICULTURAL_FIRE,MODERATE,0.88,22.2_84.9
ef84656da8,22.21438,84.866,5.73,333.48,N21,2026-09-10 13:18:00 IST,4,None (Open / Rural Area),,AGRICULTURAL_FIRE,MODERATE,0.88,22.2_84.9
f49cb43039,22.7853,86.20583,7.11,337.65,N21,2026-09-10 13:18:00 IST,1,"Tata Steel Plant, Jamshedpur",3.0,INDUSTRIAL_FLARE,LOW,0.92,22.8_86.2
70e44b6408,23.68556,86.39387,5.88,336.97,N21,2026-09-10 13:18:00 IST,2,None (Open / Rural Area),,AGRICULTURAL_FIRE,MODERATE,0.88,23.7_86.4
6dc7ac7d96,23.71437,86.45137,6.09,333.64,N21,2026-09-10 13:18:00 IST,1,None (Open / Rural Area),,AGRICULTURAL_FIRE,MODERATE,0.88,23.7_86.5
88e5ebbbea,23.73816,86.43526,6.49,336.08,N21,2026-09-10 13:18:00 IST,1,None (Open / Rural Area),,AGRICULTURAL_FIRE,MODERATE,0.88,23.7_86.4
fca1f1178a,23.77832,86.21114,8.84,335.85,N21,2026-09-10 13:18:00 IST,5,None (Open / Rural Area),,AGRICULTURAL_FIRE,MODERATE,0.88,23.8_86.2
ae92c66ce4,23.77997,86.21016,8.13,342.33,N21,2026-09-10 13:18:00 IST,5,None (Open / Rural Area),,AGRICULTURAL_FIRE,MODERATE,0.88,23.8_86.2
221c044272,23.22733,69.83443,6.36,353.5,N21,2026-09-10 13:20:00 IST,2,None (Open / Rural Area),,AGRICULTURAL_FIRE,MODERATE,0.88,23.2_69.8
9f248ecd50,23.22823,69.83833,6.36,335.21,N21,2026-09-10 13:20:00 IST,1,None (Open / Rural Area),,AGRICULTURAL_FIRE,MODERATE,0.88,23.2_69.8
6e2b14bb48,25.56557,72.19657,3.32,334.68,N21,2026-09-10 13:20:00 IST,1,None (Open / Rural Area),,AGRICULTURAL_FIRE,MODERATE,0.88,25.6_72.2
36ae90d1f9,25.78074,73.69642,1.44,330.59,N21,2026-09-10 13:20:00 IST,3,None (Open / Rural Area),,AGRICULTURAL_FIRE,MODERATE,0.88,25.8_73.7
9eb93a30fb,25.85574,68.94447,3.08,331.09,N21,2026-09-10 13:20:00 IST,1,None (Open / Rural Area),,AGRICULTURAL_FIRE,MODERATE,0.88,25.9_68.9
85c8c66c20,28.7746,71.00861,15.55,353.66,N21,2026-09-10 13:20:00 IST,1,None (Open / Rural Area),,AGRICULTURAL_FIRE,MODERATE,0.88,28.8_71.0
7bc42d8d06,31.40946,72.38369,1.68,331.31,N21,2026-09-10 13:20:00 IST,1,None (Open / Rural Area),,AGRICULTURAL_FIRE,MODERATE,0.88,31.4_72.4
2d3cbb9e8f,31.52411,73.387,3.65,343.3,N21,2026-09-10 13:20:00 IST,1,None (Open / Rural Area),,AGRICULTURAL_FIRE,MODERATE,0.88,31.5_73.4
83e8432ad6,31.48832,70.32721,4.02,331.98,N21,2026-09-10 13:22:00 IST,1,None (Open / Rural Area),,AGRICULTURAL_FIRE,MODERATE,0.88,31.5_70.3
3daca72e4e,31.94805,73.20129,4.43,334.13,N21,2026-09-10 13:22:00 IST,1,None (Open / Rural Area),,AGRICULTURAL_FIRE,MODERATE,0.88,31.9_73.2
fb52998283,30.06927,96.97865,1.61,302.95,N21,2026-09-11 00:04:00 IST,1,None (Open / Rural Area),,AGRICULTURAL_FIRE,MODERATE,0.88,30.1_97.0
bd87962caf,22.35299,96.70353,0.93,300.27,N21,2026-09-11 00:06:00 IST,1,None (Open / Rural Area),,AGRICULTURAL_FIRE,MODERATE,0.88,22.4_96.7
869799f9ad,35.98932,94.83054,1.24,306.1,N21,2026-09-11 01:42:00 IST,2,None (Open / Rural Area),,AGRICULTURAL_FIRE,MODERATE,0.88,36.0_94.8
781347f7e1,35.98952,94.83158,1.29,299.25,N21,2026-09-11 01:42:00 IST,2,None (Open / Rural Area),,AGRICULTURAL_FIRE,MODERATE,0.88,36.0_94.8
b627c697f3,36.99888,80.19262,1.12,299.57,N21,2026-09-11 01:42:00 IST,1,None (Open / Rural Area),,AGRICULTURAL_FIRE,MODERATE,0.88,37.0_80.2
398fe21eb1,27.22271,95.34615,0.66,303.07,N21,2026-09-11 01:44:00 IST,1,None (Open / Rural Area),,AGRICULTURAL_FIRE,MODERATE,0.88,27.2_95.3
74bcd09c94,28.77348,76.70058,1.37,310.63,N21,2026-09-11 01:44:00 IST,1,None (Open / Rural Area),,AGRICULTURAL_FIRE,MODERATE,0.88,28.8_76.7
b3d100acc9,31.24952,76.92664,0.45,301.0,N21,2026-09-11 01:44:00 IST,1,None (Open / Rural Area),,AGRICULTURAL_FIRE,MODERATE,0.88,31.2_76.9
3b67e3a30c,31.2582,76.92317,0.56,302.06,N21,2026-09-11 01:44:00 IST,1,None (Open / Rural Area),,AGRICULTURAL_FIRE,MODERATE,0.88,31.3_76.9
719f9265af,32.5728,72.56274,2.87,306.18,N21,2026-09-11 01:44:00 IST,3,None (Open / Rural Area),,AGRICULTURAL_FIRE,MODERATE,0.88,32.6_72.6
3ccfbdb921,32.57594,72.56072,2.66,309.97,N21,2026-09-11 01:44:00 IST,2,None (Open / Rural Area),,AGRICULTURAL_FIRE,MODERATE,0.88,32.6_72.6
339f00a531,32.71813,72.77424,0.77,305.15,N21,2026-09-11 01:44:00 IST,3,None (Open / Rural Area),,AGRICULTURAL_FIRE,MODERATE,0.88,32.7_72.8
ae9cf91244,32.88787,71.61549,2.79,306.45,N21,2026-09-11 01:44:00 IST,1,None (Open / Rural Area),,AGRICULTURAL_FIRE,MODERATE,0.88,32.9_71.6
15502477e7,33.69026,72.7108,1.45,306.77,N21,2026-09-11 01:44:00 IST,2,None (Open / Rural Area),,AGRICULTURAL_FIRE,MODERATE,0.88,33.7_72.7
e954055ec9,15.16834,76.37976,1.41,299.18,N21,2026-09-11 01:47:00 IST,7,None (Open / Rural Area),,AGRICULTURAL_FIRE,MODERATE,0.88,15.2_76.4
311b340613,15.17242,76.37626,0.79,295.13,N21,2026-09-11 01:47:00 IST,7,None (Open / Rural Area),,AGRICULTURAL_FIRE,MODERATE,0.88,15.2_76.4
af15cb900c,15.17324,76.6552,0.62,300.7,N21,2026-09-11 01:47:00 IST,7,None (Open / Rural Area),,AGRICULTURAL_FIRE,MODERATE,0.88,15.2_76.7
bb702ed6d7,15.17332,76.67924,1.45,311.98,N21,2026-09-11 01:47:00 IST,8,None (Open / Rural Area),,AGRICULTURAL_FIRE,MODERATE,0.88,15.2_76.7
ff1fcb7956,15.17476,77.10052,1.38,308.85,N21,2026-09-11 01:47:00 IST,5,None (Open / Rural Area),,AGRICULTURAL_FIRE,MODERATE,0.88,15.2_77.1
c350f607c1,15.17614,76.65965,2.24,313.93,N21,2026-09-11 01:47:00 IST,11,None (Open / Rural Area),,AGRICULTURAL_FIRE,MODERATE,0.88,15.2_76.7
62170a50c2,15.1767,76.65572,4.18,325.35,N21,2026-09-11 01:47:00 IST,7,None (Open / Rural Area),,AGRICULTURAL_FIRE,MODERATE,0.88,15.2_76.7
a88314a7e5,15.17677,76.67976,1.45,323.76,N21,2026-09-11 01:47:00 IST,8,None (Open / Rural Area),,AGRICULTURAL_FIRE,MODERATE,0.88,15.2_76.7
7881026399,15.17734,76.67583,1.45,308.41,N21,2026-09-11 01:47:00 IST,8,None (Open / Rural Area),,AGRICULTURAL_FIRE,MODERATE,0.88,15.2_76.7
6021eaa139,15.1776,77.10484,1.38,306.7,N21,2026-09-11 01:47:00 IST,5,None (Open / Rural Area),,AGRICULTURAL_FIRE,MODERATE,0.88,15.2_77.1
5bc670f936,15.18079,76.67635,1.76,308.84,N21,2026-09-11 01:47:00 IST,8,None (Open / Rural Area),,AGRICULTURAL_FIRE,MODERATE,0.88,15.2_76.7
b059918d1f,15.18135,76.67244,1.24,302.51,N21,2026-09-11 01:47:00 IST,11,None (Open / Rural Area),,AGRICULTURAL_FIRE,MODERATE,0.88,15.2_76.7
13b8c43ee5,15.18192,76.66852,1.24,316.12,N21,2026-09-11 01:47:00 IST,11,None (Open / Rural Area),,AGRICULTURAL_FIRE,MODERATE,0.88,15.2_76.7
d4afb60c5c,15.22459,76.76285,2.43,317.18,N21,2026-09-11 01:47:00 IST,4,None (Open / Rural Area),,AGRICULTURAL_FIRE,MODERATE,0.88,15.2_76.8
90bb4789aa,15.3341,76.28777,1.69,307.32,N21,2026-09-11 01:47:00 IST,1,None (Open / Rural Area),,AGRICULTURAL_FIRE,MODERATE,0.88,15.3_76.3
4931a829e6,18.80434,74.2586,0.77,310.09,N21,2026-09-11 01:47:00 IST,1,None (Open / Rural Area),,AGRICULTURAL_FIRE,MODERATE,0.88,18.8_74.3
af621c501c,20.79309,85.25423,5.61,323.4,N21,2026-09-11 01:47:00 IST,6,None (Open / Rural Area),,AGRICULTURAL_FIRE,MODERATE,0.88,20.8_85.3
2ba48fd06e,20.80473,85.25675,1.35,304.03,N21,2026-09-11 01:47:00 IST,3,None (Open / Rural Area),,AGRICULTURAL_FIRE,MODERATE,0.88,20.8_85.3
7a3587180c,20.8086,85.2576,1.3,304.82,N21,2026-09-11 01:47:00 IST,3,None (Open / Rural Area),,AGRICULTURAL_FIRE,MODERATE,0.88,20.8_85.3
fd0b0958f1,20.96069,85.18478,1.44,302.21,N21,2026-09-11 01:47:00 IST,3,None (Open / Rural Area),,AGRICULTURAL_FIRE,MODERATE,0.88,21.0_85.2
b0dc696395,20.96152,85.17278,1.31,302.35,N21,2026-09-11 01:47:00 IST,4,None (Open / Rural Area),,AGRICULTURAL_FIRE,MODERATE,0.88,21.0_85.2
5686001af7,20.96246,85.16761,1.31,302.45,N21,2026-09-11 01:47:00 IST,4,None (Open / Rural Area),,AGRICULTURAL_FIRE,MODERATE,0.88,21.0_85.2
a0f218bc55,20.96254,85.18925,2.46,315.65,N21,2026-09-11 01:47:00 IST,7,None (Open / Rural Area),,AGRICULTURAL_FIRE,MODERATE,0.88,21.0_85.2
61ba018911,20.96264,85.17442,1.41,303.85,N21,2026-09-11 01:47:00 IST,18,None (Open / Rural Area),,AGRICULTURAL_FIRE,MODERATE,0.88,21.0_85.2
b31fb57af5,20.96348,85.18401,2.36,302.17,N21,2026-09-11 01:47:00 IST,7,None (Open / Rural Area),,AGRICULTURAL_FIRE,MODERATE,0.88,21.0_85.2
19c9e4ff61,20.96355,85.19088,1.44,302.51,N21,2026-09-11 01:47:00 IST,7,None (Open / Rural Area),,AGRICULTURAL_FIRE,MODERATE,0.88,21.0_85.2
ab7ff3cf88,20.96361,85.16926,1.2,303.57,N21,2026-09-11 01:47:00 IST,18,None (Open / Rural Area),,AGRICULTURAL_FIRE,MODERATE,0.88,21.0_85.2
ef2aba48f1,20.96454,85.18561,1.44,307.13,N21,2026-09-11 01:47:00 IST,7,None (Open / Rural Area),,AGRICULTURAL_FIRE,MODERATE,0.88,21.0_85.2
55047fc00c,20.96458,85.16412,1.2,298.55,N21,2026-09-11 01:47:00 IST,18,None (Open / Rural Area),,AGRICULTURAL_FIRE,MODERATE,0.88,21.0_85.2
9f5894306c,20.9663,85.16846,2.57,299.45,N21,2026-09-11 01:47:00 IST,18,None (Open / Rural Area),,AGRICULTURAL_FIRE,MODERATE,0.88,21.0_85.2
81269dfaf8,20.96649,85.17525,1.41,302.71,N21,2026-09-11 01:47:00 IST,18,None (Open / Rural Area),,AGRICULTURAL_FIRE,MODERATE,0.88,21.0_85.2
b63f307680,20.96652,85.15382,1.0,301.39,N21,2026-09-11 01:47:00 IST,4,None (Open / Rural Area),,AGRICULTURAL_FIRE,MODERATE,0.88,21.0_85.2
9427aaf504,20.96746,85.17009,1.2,300.13,N21,2026-09-11 01:47:00 IST,18,None (Open / Rural Area),,AGRICULTURAL_FIRE,MODERATE,0.88,21.0_85.2
c4d53a83cc,20.96911,85.15297,1.59,308.54,N21,2026-09-11 01:47:00 IST,4,None (Open / Rural Area),,AGRICULTURAL_FIRE,MODERATE,0.88,21.0_85.2
13f8223a53,20.96922,85.17447,2.57,320.87,N21,2026-09-11 01:47:00 IST,18,None (Open / Rural Area),,AGRICULTURAL_FIRE,MODERATE,0.88,21.0_85.2
ab38d165d4,20.97034,85.17608,2.82,315.75,N21,2026-09-11 01:47:00 IST,18,None (Open / Rural Area),,AGRICULTURAL_FIRE,MODERATE,0.88,21.0_85.2
87fdfd3295,20.97036,85.15466,1.0,298.84,N21,2026-09-11 01:47:00 IST,4,None (Open / Rural Area),,AGRICULTURAL_FIRE,MODERATE,0.88,21.0_85.2
16b12a3a5e,20.97306,85.17531,1.08,299.21,N21,2026-09-11 01:47:00 IST,18,None (Open / Rural Area),,AGRICULTURAL_FIRE,MODERATE,0.88,21.0_85.2
8461235afb,20.97515,85.17178,1.47,304.77,N21,2026-09-11 01:47:00 IST,18,None (Open / Rural Area),,AGRICULTURAL_FIRE,MODERATE,0.88,21.0_85.2
294ac1166e,20.97612,85.16662,1.47,297.35,N21,2026-09-11 01:47:00 IST,18,None (Open / Rural Area),,AGRICULTURAL_FIRE,MODERATE,0.88,21.0_85.2
0cbb9cfc91,20.97784,85.17099,1.08,302.58,N21,2026-09-11 01:47:00 IST,1,None (Open / Rural Area),,AGRICULTURAL_FIRE,MODERATE,0.88,21.0_85.2
c833befcd6,21.37694,81.64027,0.76,302.86,N21,2026-09-11 01:47:00 IST,1,None (Open / Rural Area),,AGRICULTURAL_FIRE,MODERATE,0.88,21.4_81.6
6e0a1c7aef,21.48548,81.76911,0.41,295.14,N21,2026-09-11 01:47:00 IST,2,None (Open / Rural Area),,AGRICULTURAL_FIRE,MODERATE,0.88,21.5_81.8
d341560eec,22.26423,75.13145,0.96,299.8,N21,2026-09-11 01:47:00 IST,2,None (Open / Rural Area),,AGRICULTURAL_FIRE,MODERATE,0.88,22.3_75.1
0ef6424a57,22.93333,69.69787,2.41,307.85,N21,2026-09-11 01:47:00 IST,5,None (Open / Rural Area),,AGRICULTURAL_FIRE,MODERATE,0.88,22.9_69.7
a1a3a12582,23.32822,70.2144,0.77,303.81,N21,2026-09-11 01:47:00 IST,1,None (Open / Rural Area),,AGRICULTURAL_FIRE,MODERATE,0.88,23.3_70.2
e859e53fd4,24.1596,82.56532,1.01,304.86,N21,2026-09-11 01:47:00 IST,3,None (Open / Rural Area),,AGRICULTURAL_FIRE,MODERATE,0.88,24.2_82.6
fb8c99f5fd,24.20646,82.52596,0.73,298.17,N21,2026-09-11 01:47:00 IST,1,None (Open / Rural Area),,AGRICULTURAL_FIRE,MODERATE,0.88,24.2_82.5
ffca0bf2da,24.6628,74.63235,2.33,305.65,N21,2026-09-11 01:47:00 IST,2,None (Open / Rural Area),,AGRICULTURAL_FIRE,MODERATE,0.88,24.7_74.6
7c5a539ee7,24.76426,74.60631,2.58,310.84,N21,2026-09-11 01:47:00 IST,3,None (Open / Rural Area),,AGRICULTURAL_FIRE,MODERATE,0.88,24.8_74.6
13ca5063a0,25.38452,68.58169,0.99,307.4,N21,2026-09-11 01:47:00 IST,6,None (Open / Rural Area),,AGRICULTURAL_FIRE,MODERATE,0.88,25.4_68.6
a892ef4a9b,25.38704,68.58024,2.06,315.78,N21,2026-09-11 01:47:00 IST,6,None (Open / Rural Area),,AGRICULTURAL_FIRE,MODERATE,0.88,25.4_68.6
34937ca4cf,25.54182,91.23454,0.37,298.31,N21,2026-09-11 01:47:00 IST,1,None (Open / Rural Area),,AGRICULTURAL_FIRE,MODERATE,0.88,25.5_91.2
2a6dc1231a,25.7813,73.69701,1.07,304.39,N21,2026-09-11 01:47:00 IST,3,None (Open / Rural Area),,AGRICULTURAL_FIRE,MODERATE,0.88,25.8_73.7
26559d9e9b,28.34398,77.23093,5.47,306.66,N21,2026-09-11 01:47:00 IST,3,None (Open / Rural Area),,AGRICULTURAL_FIRE,MODERATE,0.88,28.3_77.2
2f3d4ec4be,28.3725,77.224,4.2,308.09,N21,2026-09-11 01:47:00 IST,1,None (Open / Rural Area),,AGRICULTURAL_FIRE,MODERATE,0.88,28.4_77.2
8b1b21d269,6.31923,81.33753,1.23,305.83,N21,2026-09-11 01:49:00 IST,1,None (Open / Rural Area),,AGRICULTURAL_FIRE,MODERATE,0.88,6.3_81.3
965eec81f0,6.60608,80.89038,2.95,318.94,N21,2026-09-11 01:49:00 IST,1,None (Open / Rural Area),,AGRICULTURAL_FIRE,MODERATE,0.88,6.6_80.9
3436dcd6e9,7.56059,80.69923,0.9,306.98,N21,2026-09-11 01:49:00 IST,3,None (Open / Rural Area),,AGRICULTURAL_FIRE,MODERATE,0.88,7.6_80.7
44b330d921,7.5612,80.69749,1.61,311.69,N21,2026-09-11 01:49:00 IST,3,None (Open / Rural Area),,AGRICULTURAL_FIRE,MODERATE,0.88,7.6_80.7
1af3e29e7e,7.56122,80.69533,1.26,303.98,N21,2026-09-11 01:49:00 IST,3,None (Open / Rural Area),,AGRICULTURAL_FIRE,MODERATE,0.88,7.6_80.7
d331789f61,7.86869,80.65234,1.17,305.24,N21,2026-09-11 01:49:00 IST,1,None (Open / Rural Area),,AGRICULTURAL_FIRE,MODERATE,0.88,7.9_80.7
b2b135ef0d,8.91433,80.78183,1.68,312.43,N21,2026-09-11 01:49:00 IST,1,None (Open / Rural Area),,AGRICULTURAL_FIRE,MODERATE,0.88,8.9_80.8
76e6a9b3cd,8.91794,80.78244,2.52,321.13,N21,2026-09-11 01:49:00 IST,1,None (Open / Rural Area),,AGRICULTURAL_FIRE,MODERATE,0.88,8.9_80.8
e63ddfe297,9.40665,77.73219,1.52,305.49,N21,2026-09-11 01:49:00 IST,1,None (Open / Rural Area),,AGRICULTURAL_FIRE,MODERATE,0.88,9.4_77.7
aaecda0958,14.5182,77.85088,1.11,305.51,N21,2026-09-11 01:49:00 IST,1,None (Open / Rural Area),,AGRICULTURAL_FIRE,MODERATE,0.88,14.5_77.9
ec43952570,19.56989,71.36366,1.41,306.91,N21,2026-09-11 01:49:00 IST,1,None (Open / Rural Area),,AGRICULTURAL_FIRE,MODERATE,0.88,19.6_71.4
7b457853e8,19.57022,71.3606,1.41,306.44,N21,2026-09-11 01:49:00 IST,3,None (Open / Rural Area),,AGRICULTURAL_FIRE,MODERATE,0.88,19.6_71.4
279e47f2e7,19.93538,73.71288,0.69,298.94,N21,2026-09-11 01:49:00 IST,3,None (Open / Rural Area),,AGRICULTURAL_FIRE,MODERATE,0.88,19.9_73.7
5fb3cc75c5,20.73184,70.91271,1.42,310.91,N21,2026-09-11 01:49:00 IST,2,None (Open / Rural Area),,AGRICULTURAL_FIRE,MODERATE,0.88,20.7_70.9
969694877b,20.73192,70.91265,1.41,311.32,N21,2026-09-11 01:49:00 IST,2,None (Open / Rural Area),,AGRICULTURAL_FIRE,MODERATE,0.88,20.7_70.9
628f44b472,20.91126,71.4586,0.84,299.5,N21,2026-09-11 01:49:00 IST,4,None (Open / Rural Area),,AGRICULTURAL_FIRE,MODERATE,0.88,20.9_71.5
52f3d3e3ec,21.10214,72.64581,9.84,318.94,N21,2026-09-11 01:49:00 IST,17,None (Open / Rural Area),,AGRICULTURAL_FIRE,MODERATE,0.88,21.1_72.6
30e9523d8b,21.10329,72.63512,13.9,343.31,N21,2026-09-11 01:49:00 IST,8,None (Open / Rural Area),,AGRICULTURAL_FIRE,MODERATE,0.88,21.1_72.6
69b59edf8a,21.10685,72.64638,9.84,341.61,N21,2026-09-11 01:49:00 IST,17,None (Open / Rural Area),,AGRICULTURAL_FIRE,MODERATE,0.88,21.1_72.6
2b9c228057,21.11273,72.63628,4.49,308.44,N21,2026-09-11 01:49:00 IST,1,None (Open / Rural Area),,AGRICULTURAL_FIRE,MODERATE,0.88,21.1_72.6
60bff3c34a,25.38611,68.58448,1.49,311.26,N21,2026-09-11 03:25:00 IST,6,None (Open / Rural Area),,AGRICULTURAL_FIRE,MODERATE,0.88,25.4_68.6
04a9a9561f,22.93134,69.69849,1.88,304.45,N21,2026-09-11 03:27:00 IST,5,None (Open / Rural Area),,AGRICULTURAL_FIRE,MODERATE,0.88,22.9_69.7
c0611f2cb2,22.93361,69.70084,2.08,302.36,N21,2026-09-11 03:27:00 IST,5,None (Open / Rural Area),,AGRICULTURAL_FIRE,MODERATE,0.88,22.9_69.7
4d13dd2023,23.0551,69.99067,1.78,302.86,N21,2026-09-11 03:27:00 IST,1,None (Open / Rural Area),,AGRICULTURAL_FIRE,MODERATE,0.88,23.1_70.0
bfc05d6986,27.80422,96.25511,5.56,335.35,N21,2026-09-11 11:20:00 IST,1,None (Open / Rural Area),,AGRICULTURAL_FIRE,MODERATE,0.88,27.8_96.3
2a6188c14a,28.04317,96.47542,4.29,330.4,N21,2026-09-11 11:20:00 IST,1,None (Open / Rural Area),,AGRICULTURAL_FIRE,MODERATE,0.88,28.0_96.5
920eb6419a,6.23675,80.86526,4.12,334.31,N21,2026-09-11 12:56:00 IST,1,None (Open / Rural Area),,AGRICULTURAL_FIRE,MODERATE,0.88,6.2_80.9
93f1bc78cb,6.33034,80.99194,4.99,351.23,N21,2026-09-11 12:56:00 IST,1,None (Open / Rural Area),,AGRICULTURAL_FIRE,MODERATE,0.88,6.3_81.0
6c6fafb72e,6.35857,80.94335,3.97,340.79,N21,2026-09-11 12:56:00 IST,2,None (Open / Rural Area),,AGRICULTURAL_FIRE,MODERATE,0.88,6.4_80.9
74557f14f3,6.42279,81.28326,9.28,336.83,N21,2026-09-11 12:56:00 IST,1,None (Open / Rural Area),,AGRICULTURAL_FIRE,MODERATE,0.88,6.4_81.3
8cfc9c9d51,6.53911,80.9467,2.0,331.79,N21,2026-09-11 12:56:00 IST,1,None (Open / Rural Area),,AGRICULTURAL_FIRE,MODERATE,0.88,6.5_80.9
798ba64ba1,6.67181,81.1211,6.5,330.05,N21,2026-09-11 12:56:00 IST,1,None (Open / Rural Area),,AGRICULTURAL_FIRE,MODERATE,0.88,6.7_81.1
db0d531ecc,6.70483,81.3157,17.86,344.06,N21,2026-09-11 12:56:00 IST,2,None (Open / Rural Area),,AGRICULTURAL_FIRE,MODERATE,0.88,6.7_81.3
943baf8071,6.70966,81.31493,9.5,350.75,N21,2026-09-11 12:56:00 IST,2,None (Open / Rural Area),,AGRICULTURAL_FIRE,MODERATE,0.88,6.7_81.3
837dbd6d74,6.71541,81.3196,9.5,332.8,N21,2026-09-11 12:56:00 IST,1,None (Open / Rural Area),,AGRICULTURAL_FIRE,MODERATE,0.88,6.7_81.3
d298a62afa,6.74071,81.49876,9.91,344.26,N21,2026-09-11 12:56:00 IST,1,None (Open / Rural Area),,AGRICULTURAL_FIRE,MODERATE,0.88,6.7_81.5
a50d61afba,6.75242,81.36433,8.71,343.11,N21,2026-09-11 12:56:00 IST,1,None (Open / Rural Area),,AGRICULTURAL_FIRE,MODERATE,0.88,6.8_81.4
1dc7830900,6.75315,81.36772,15.74,345.31,N21,2026-09-11 12:56:00 IST,2,None (Open / Rural Area),,AGRICULTURAL_FIRE,MODERATE,0.88,6.8_81.4
47d519ea23,6.75334,81.36961,8.71,339.08,N21,2026-09-11 12:56:00 IST,2,None (Open / Rural Area),,AGRICULTURAL_FIRE,MODERATE,0.88,6.8_81.4
fbf21a28bc,6.76568,81.38377,3.62,330.37,N21,2026-09-11 12:56:00 IST,1,None (Open / Rural Area),,AGRICULTURAL_FIRE,MODERATE,0.88,6.8_81.4
4d2a2d1ba5,6.78033,81.56044,4.9,333.59,N21,2026-09-11 12:56:00 IST,3,None (Open / Rural Area),,AGRICULTURAL_FIRE,MODERATE,0.88,6.8_81.6
e80b94e207,6.78106,81.55669,4.65,336.12,N21,2026-09-11 12:56:00 IST,3,None (Open / Rural Area),,AGRICULTURAL_FIRE,MODERATE,0.88,6.8_81.6
4dd83354d5,6.8919,81.63732,6.6,341.36,N21,2026-09-11 12:56:00 IST,1,None (Open / Rural Area),,AGRICULTURAL_FIRE,MODERATE,0.88,6.9_81.6
953cdba6f9,6.89411,81.63881,3.22,341.13,N21,2026-09-11 12:56:00 IST,1,None (Open / Rural Area),,AGRICULTURAL_FIRE,MODERATE,0.88,6.9_81.6
3b57f57878,6.95228,81.63975,6.6,341.12,N21,2026-09-11 12:56:00 IST,1,None (Open / Rural Area),,AGRICULTURAL_FIRE,MODERATE,0.88,7.0_81.6
64fb8c5890,7.04393,81.3398,9.34,339.54,N21,2026-09-11 12:56:00 IST,1,None (Open / Rural Area),,AGRICULTURAL_FIRE,MODERATE,0.88,7.0_81.3
f161bb087b,7.06148,81.55836,3.81,339.75,N21,2026-09-11 12:56:00 IST,2,None (Open / Rural Area),,AGRICULTURAL_FIRE,MODERATE,0.88,7.1_81.6
96c6019185,7.29534,80.90753,9.43,332.06,N21,2026-09-11 12:56:00 IST,1,None (Open / Rural Area),,AGRICULTURAL_FIRE,MODERATE,0.88,7.3_80.9
3d3fffdee9,7.34159,81.73363,5.02,332.62,N21,2026-09-11 12:56:00 IST,1,None (Open / Rural Area),,AGRICULTURAL_FIRE,MODERATE,0.88,7.3_81.7
ac8b5d7d3e,7.36861,81.83842,2.84,333.38,N21,2026-09-11 12:56:00 IST,1,None (Open / Rural Area),,AGRICULTURAL_FIRE,MODERATE,0.88,7.4_81.8
8a02ddde3a,7.4696,81.26337,9.11,341.38,N21,2026-09-11 12:56:00 IST,2,None (Open / Rural Area),,AGRICULTURAL_FIRE,MODERATE,0.88,7.5_81.3
df8cfbf227,7.46992,81.26645,9.36,341.78,N21,2026-09-11 12:56:00 IST,2,None (Open / Rural Area),,AGRICULTURAL_FIRE,MODERATE,0.88,7.5_81.3
c3699030f5,7.50373,81.0055,20.32,343.1,N21,2026-09-11 12:56:00 IST,1,None (Open / Rural Area),,AGRICULTURAL_FIRE,MODERATE,0.88,7.5_81.0
54c70bf56f,7.58117,81.05603,7.49,346.56,N21,2026-09-11 12:56:00 IST,1,None (Open / Rural Area),,AGRICULTURAL_FIRE,MODERATE,0.88,7.6_81.1
e22f411cf1,7.58505,81.0498,7.49,333.23,N21,2026-09-11 12:56:00 IST,4,None (Open / Rural Area),,AGRICULTURAL_FIRE,MODERATE,0.88,7.6_81.0
9799a226ba,7.58989,81.04897,12.93,342.75,N21,2026-09-11 12:56:00 IST,4,None (Open / Rural Area),,AGRICULTURAL_FIRE,MODERATE,0.88,7.6_81.0
1d5d01b999,7.59083,81.05435,12.93,341.08,N21,2026-09-11 12:56:00 IST,3,None (Open / Rural Area),,AGRICULTURAL_FIRE,MODERATE,0.88,7.6_81.1
7bceedebb8,7.59472,81.04814,12.93,330.11,N21,2026-09-11 12:56:00 IST,4,None (Open / Rural Area),,AGRICULTURAL_FIRE,MODERATE,0.88,7.6_81.0
1b0c8fe4fd,7.59566,81.05355,12.93,341.84,N21,2026-09-11 12:56:00 IST,3,None (Open / Rural Area),,AGRICULTURAL_FIRE,MODERATE,0.88,7.6_81.1
590b4da5bb,7.60043,81.70636,4.0,333.79,N21,2026-09-11 12:56:00 IST,1,None (Open / Rural Area),,AGRICULTURAL_FIRE,MODERATE,0.88,7.6_81.7
b9bb0a44eb,7.63271,81.00848,17.66,342.55,N21,2026-09-11 12:56:00 IST,1,None (Open / Rural Area),,AGRICULTURAL_FIRE,MODERATE,0.88,7.6_81.0
16723ec0b4,7.70216,81.24224,21.8,355.84,N21,2026-09-11 12:56:00 IST,2,None (Open / Rural Area),,AGRICULTURAL_FIRE,MODERATE,0.88,7.7_81.2
7aff9fd12b,7.70227,81.2403,24.75,343.05,N21,2026-09-11 12:56:00 IST,2,None (Open / Rural Area),,AGRICULTURAL_FIRE,MODERATE,0.88,7.7_81.2
9071f694e3,7.70587,81.54907,5.25,335.39,N21,2026-09-11 12:56:00 IST,1,None (Open / Rural Area),,AGRICULTURAL_FIRE,MODERATE,0.88,7.7_81.5
4573df0434,7.72287,80.65866,2.6,331.59,N21,2026-09-11 12:56:00 IST,1,None (Open / Rural Area),,AGRICULTURAL_FIRE,MODERATE,0.88,7.7_80.7
12d5edac53,7.75616,81.04324,3.9,333.1,N21,2026-09-11 12:56:00 IST,2,None (Open / Rural Area),,AGRICULTURAL_FIRE,MODERATE,0.88,7.8_81.0
9abf6c5cfd,7.75739,81.04642,3.09,333.01,N21,2026-09-11 12:56:00 IST,2,None (Open / Rural Area),,AGRICULTURAL_FIRE,MODERATE,0.88,7.8_81.0
fe3b4d692b,7.76149,80.46893,5.2,331.17,N21,2026-09-11 12:56:00 IST,1,None (Open / Rural Area),,AGRICULTURAL_FIRE,MODERATE,0.88,7.8_80.5
a9bebdd018,7.76352,80.10153,2.2,330.15,N21,2026-09-11 12:56:00 IST,1,None (Open / Rural Area),,AGRICULTURAL_FIRE,MODERATE,0.88,7.8_80.1
7f70f455e1,7.76651,80.46803,2.93,339.65,N21,2026-09-11 12:56:00 IST,1,None (Open / Rural Area),,AGRICULTURAL_FIRE,MODERATE,0.88,7.8_80.5
2c8ccfdc1c,7.78214,80.61802,8.07,340.18,N21,2026-09-11 12:56:00 IST,1,None (Open / Rural Area),,AGRICULTURAL_FIRE,MODERATE,0.88,7.8_80.6
a41265bf80,7.86162,80.01357,6.27,335.91,N21,2026-09-11 12:56:00 IST,1,None (Open / Rural Area),,AGRICULTURAL_FIRE,MODERATE,0.88,7.9_80.0
30a718952f,7.86603,80.21651,1.27,336.47,N21,2026-09-11 12:56:00 IST,1,None (Open / Rural Area),,AGRICULTURAL_FIRE,MODERATE,0.88,7.9_80.2
b821b03612,7.89261,80.00832,13.53,336.03,N21,2026-09-11 12:56:00 IST,2,None (Open / Rural Area),,AGRICULTURAL_FIRE,MODERATE,0.88,7.9_80.0
2309d2565c,7.89316,80.01147,13.53,367.0,N21,2026-09-11 12:56:00 IST,2,None (Open / Rural Area),,AGRICULTURAL_FIRE,MODERATE,0.88,7.9_80.0
913566791f,7.9272,81.20104,9.78,343.9,N21,2026-09-11 12:56:00 IST,1,None (Open / Rural Area),,AGRICULTURAL_FIRE,MODERATE,0.88,7.9_81.2
35e511c259,7.95415,80.10401,6.79,335.43,N21,2026-09-11 12:56:00 IST,2,None (Open / Rural Area),,AGRICULTURAL_FIRE,MODERATE,0.88,8.0_80.1
ec9c85bb2a,7.95961,81.19024,4.8,332.3,N21,2026-09-11 12:56:00 IST,5,None (Open / Rural Area),,AGRICULTURAL_FIRE,MODERATE,0.88,8.0_81.2
7e41673932,7.96052,81.19545,4.8,331.99,N21,2026-09-11 12:56:00 IST,5,None (Open / Rural Area),,AGRICULTURAL_FIRE,MODERATE,0.88,8.0_81.2
f13af2afe7,7.96143,81.2007,2.71,332.0,N21,2026-09-11 12:56:00 IST,5,None (Open / Rural Area),,AGRICULTURAL_FIRE,MODERATE,0.88,8.0_81.2
14ffc073a3,7.96473,80.04477,3.02,334.68,N21,2026-09-11 12:56:00 IST,1,None (Open / Rural Area),,AGRICULTURAL_FIRE,MODERATE,0.88,8.0_80.0
7190695b8d,7.96528,81.19466,4.8,330.75,N21,2026-09-11 12:56:00 IST,5,None (Open / Rural Area),,AGRICULTURAL_FIRE,MODERATE,0.88,8.0_81.2
b05f5d3101,7.96914,81.18865,5.15,333.18,N21,2026-09-11 12:56:00 IST,5,None (Open / Rural Area),,AGRICULTURAL_FIRE,MODERATE,0.88,8.0_81.2
b6824c15f4,7.9765,80.17004,6.16,355.35,N21,2026-09-11 12:56:00 IST,1,None (Open / Rural Area),,AGRICULTURAL_FIRE,MODERATE,0.88,8.0_80.2
1d72af4d95,8.00678,80.95213,4.32,332.53,N21,2026-09-11 12:56:00 IST,1,None (Open / Rural Area),,AGRICULTURAL_FIRE,MODERATE,0.88,8.0_81.0
fcfd1509dd,8.02262,81.30133,4.39,331.31,N21,2026-09-11 12:56:00 IST,2,None (Open / Rural Area),,AGRICULTURAL_FIRE,MODERATE,0.88,8.0_81.3
1491fb326a,8.02483,81.304,6.72,330.92,N21,2026-09-11 12:56:00 IST,2,None (Open / Rural Area),,AGRICULTURAL_FIRE,MODERATE,0.88,8.0_81.3
dfd320f0fb,8.02955,80.58305,12.23,334.53,N21,2026-09-11 12:56:00 IST,1,None (Open / Rural Area),,AGRICULTURAL_FIRE,MODERATE,0.88,8.0_80.6
1785d88b7d,8.03451,80.58224,12.23,367.0,N21,2026-09-11 12:56:00 IST,1,None (Open / Rural Area),,AGRICULTURAL_FIRE,MODERATE,0.88,8.0_80.6
ab9363bc90,8.14744,81.34031,12.16,336.64,N21,2026-09-11 12:56:00 IST,2,None (Open / Rural Area),,AGRICULTURAL_FIRE,MODERATE,0.88,8.1_81.3
00076cd1d1,8.14977,81.34171,8.72,331.74,N21,2026-09-11 12:56:00 IST,2,None (Open / Rural Area),,AGRICULTURAL_FIRE,MODERATE,0.88,8.1_81.3
a6ef85c256,8.22174,81.02438,7.89,339.9,N21,2026-09-11 12:56:00 IST,1,None (Open / Rural Area),,AGRICULTURAL_FIRE,MODERATE,0.88,8.2_81.0
b46a6bbd77,8.22999,80.67237,9.52,341.78,N21,2026-09-11 12:56:00 IST,2,None (Open / Rural Area),,AGRICULTURAL_FIRE,MODERATE,0.88,8.2_80.7
ec4c230d1e,8.23185,80.67056,9.01,339.54,N21,2026-09-11 12:56:00 IST,2,None (Open / Rural Area),,AGRICULTURAL_FIRE,MODERATE,0.88,8.2_80.7
6304d75db9,8.24239,80.55995,9.17,351.1,N21,2026-09-11 12:56:00 IST,1,None (Open / Rural Area),,AGRICULTURAL_FIRE,MODERATE,0.88,8.2_80.6
4dad6c10cc,8.31679,80.25421,6.52,332.65,N21,2026-09-11 12:56:00 IST,1,None (Open / Rural Area),,AGRICULTURAL_FIRE,MODERATE,0.88,8.3_80.3
a2cce49d3a,8.31783,80.31797,3.64,338.65,N21,2026-09-11 12:56:00 IST,1,None (Open / Rural Area),,AGRICULTURAL_FIRE,MODERATE,0.88,8.3_80.3
c1ae220834,8.3213,80.2504,4.77,332.07,N21,2026-09-11 12:56:00 IST,1,None (Open / Rural Area),,AGRICULTURAL_FIRE,MODERATE,0.88,8.3_80.3
0791d31c80,8.32473,81.02138,8.15,341.73,N21,2026-09-11 12:56:00 IST,1,None (Open / Rural Area),,AGRICULTURAL_FIRE,MODERATE,0.88,8.3_81.0
788583386d,8.32823,80.23088,5.46,342.45,N21,2026-09-11 12:56:00 IST,2,None (Open / Rural Area),,AGRICULTURAL_FIRE,MODERATE,0.88,8.3_80.2
97b8101ac4,8.32876,80.23387,7.23,339.45,N21,2026-09-11 12:56:00 IST,2,None (Open / Rural Area),,AGRICULTURAL_FIRE,MODERATE,0.88,8.3_80.2
7e3b90b1bf,8.36492,80.20286,2.81,331.59,N21,2026-09-11 12:56:00 IST,1,None (Open / Rural Area),,AGRICULTURAL_FIRE,MODERATE,0.88,8.4_80.2
c0ea4bf8ee,8.38192,80.41776,3.18,331.62,N21,2026-09-11 12:56:00 IST,2,None (Open / Rural Area),,AGRICULTURAL_FIRE,MODERATE,0.88,8.4_80.4
c530b7bffd,8.38243,80.42065,3.18,338.16,N21,2026-09-11 12:56:00 IST,2,None (Open / Rural Area),,AGRICULTURAL_FIRE,MODERATE,0.88,8.4_80.4
3b5cde0d08,8.40434,80.71754,8.35,340.95,N21,2026-09-11 12:56:00 IST,1,None (Open / Rural Area),,AGRICULTURAL_FIRE,MODERATE,0.88,8.4_80.7
defd95ee26,8.41959,80.30999,3.31,332.9,N21,2026-09-11 12:56:00 IST,2,None (Open / Rural Area),,AGRICULTURAL_FIRE,MODERATE,0.88,8.4_80.3
3562fb7eb8,8.42012,80.31292,4.12,330.4,N21,2026-09-11 12:56:00 IST,2,None (Open / Rural Area),,AGRICULTURAL_FIRE,MODERATE,0.88,8.4_80.3
b45791d394,8.42402,80.53297,8.83,331.06,N21,2026-09-11 12:56:00 IST,1,None (Open / Rural Area),,AGRICULTURAL_FIRE,MODERATE,0.88,8.4_80.5
6720e1cfdf,8.46777,81.13238,8.26,340.6,N21,2026-09-11 12:56:00 IST,1,None (Open / Rural Area),,AGRICULTURAL_FIRE,MODERATE,0.88,8.5_81.1
437c66d0a7,8.48778,80.46198,5.09,343.36,N21,2026-09-11 12:56:00 IST,1,None (Open / Rural Area),,AGRICULTURAL_FIRE,MODERATE,0.88,8.5_80.5
f9bd3cc8ab,8.49171,80.13688,4.54,330.79,N21,2026-09-11 12:56:00 IST,1,None (Open / Rural Area),,AGRICULTURAL_FIRE,MODERATE,0.88,8.5_80.1
e87bfcbf89,8.4992,80.86546,12.46,341.78,N21,2026-09-11 12:56:00 IST,2,None (Open / Rural Area),,AGRICULTURAL_FIRE,MODERATE,0.88,8.5_80.9
9a8bcf8632,8.50053,80.86825,13.46,342.17,N21,2026-09-11 12:56:00 IST,2,None (Open / Rural Area),,AGRICULTURAL_FIRE,MODERATE,0.88,8.5_80.9
9071a988c8,8.50601,80.53648,10.21,339.22,N21,2026-09-11 12:56:00 IST,1,None (Open / Rural Area),,AGRICULTURAL_FIRE,MODERATE,0.88,8.5_80.5
c6646d62c1,8.50888,80.17417,10.01,354.53,N21,2026-09-11 12:56:00 IST,2,None (Open / Rural Area),,AGRICULTURAL_FIRE,MODERATE,0.88,8.5_80.2
a3f4feb9f4,8.55598,80.87775,5.35,335.73,N21,2026-09-11 12:56:00 IST,1,None (Open / Rural Area),,AGRICULTURAL_FIRE,MODERATE,0.88,8.6_80.9
b185901b81,8.57436,80.76235,7.34,336.16,N21,2026-09-11 12:56:00 IST,2,None (Open / Rural Area),,AGRICULTURAL_FIRE,MODERATE,0.88,8.6_80.8
6469f28561,8.57594,80.76398,7.74,336.03,N21,2026-09-11 12:56:00 IST,2,None (Open / Rural Area),,AGRICULTURAL_FIRE,MODERATE,0.88,8.6_80.8
b540f638f6,8.59022,80.93218,10.06,339.24,N21,2026-09-11 12:56:00 IST,1,None (Open / Rural Area),,AGRICULTURAL_FIRE,MODERATE,0.88,8.6_80.9
961734bc89,8.59064,80.60149,7.12,333.61,N21,2026-09-11 12:56:00 IST,1,None (Open / Rural Area),,AGRICULTURAL_FIRE,MODERATE,0.88,8.6_80.6
77434ea240,8.60761,80.38096,2.75,333.57,N21,2026-09-11 12:56:00 IST,1,None (Open / Rural Area),,AGRICULTURAL_FIRE,MODERATE,0.88,8.6_80.4
4582a877a1,8.61894,80.47482,11.07,341.77,N21,2026-09-11 12:56:00 IST,1,None (Open / Rural Area),,AGRICULTURAL_FIRE,MODERATE,0.88,8.6_80.5
116196f98e,8.64861,80.37698,2.77,332.81,N21,2026-09-11 12:56:00 IST,1,None (Open / Rural Area),,AGRICULTURAL_FIRE,MODERATE,0.88,8.6_80.4
875dc8bd5b,8.65176,81.00031,5.52,335.77,N21,2026-09-11 12:56:00 IST,1,None (Open / Rural Area),,AGRICULTURAL_FIRE,MODERATE,0.88,8.7_81.0
88bd9dcd0c,8.71072,80.17675,3.48,342.12,N21,2026-09-11 12:56:00 IST,1,None (Open / Rural Area),,AGRICULTURAL_FIRE,MODERATE,0.88,8.7_80.2
e804a8dda0,8.73159,80.35374,2.52,332.03,N21,2026-09-11 12:56:00 IST,2,None (Open / Rural Area),,AGRICULTURAL_FIRE,MODERATE,0.88,8.7_80.4
fdcc225b06,8.73255,80.35361,2.9,331.42,N21,2026-09-11 12:56:00 IST,2,None (Open / Rural Area),,AGRICULTURAL_FIRE,MODERATE,0.88,8.7_80.4
7d3530fb83,8.82634,80.8719,8.93,330.43,N21,2026-09-11 12:56:00 IST,1,None (Open / Rural Area),,AGRICULTURAL_FIRE,MODERATE,0.88,8.8_80.9
1a1140e9f9,8.83713,80.99182,6.93,342.96,N21,2026-09-11 12:56:00 IST,4,None (Open / Rural Area),,AGRICULTURAL_FIRE,MODERATE,0.88,8.8_81.0
16aa3edc19,8.83843,80.99353,9.53,342.38,N21,2026-09-11 12:56:00 IST,1,None (Open / Rural Area),,AGRICULTURAL_FIRE,MODERATE,0.88,8.8_81.0
f6707431ee,8.86342,80.68942,6.84,337.74,N21,2026-09-11 12:56:00 IST,1,None (Open / Rural Area),,AGRICULTURAL_FIRE,MODERATE,0.88,8.9_80.7
57d72deb53,8.87713,80.65346,27.45,343.41,N21,2026-09-11 12:56:00 IST,3,None (Open / Rural Area),,AGRICULTURAL_FIRE,MODERATE,0.88,8.9_80.7
fe3577e2e1,8.87997,80.6513,11.41,335.16,N21,2026-09-11 12:56:00 IST,3,None (Open / Rural Area),,AGRICULTURAL_FIRE,MODERATE,0.88,8.9_80.7
0eda9db554,8.88096,80.65672,13.05,341.19,N21,2026-09-11 12:56:00 IST,3,None (Open / Rural Area),,AGRICULTURAL_FIRE,MODERATE,0.88,8.9_80.7
f4d8c0483a,8.94751,80.86004,7.29,330.31,N21,2026-09-11 12:56:00 IST,2,None (Open / Rural Area),,AGRICULTURAL_FIRE,MODERATE,0.88,8.9_80.9
e083aa508d,9.11983,80.27057,2.86,340.54,N21,2026-09-11 12:56:00 IST,1,None (Open / Rural Area),,AGRICULTURAL_FIRE,MODERATE,0.88,9.1_80.3
ff3be8e84a,27.76085,96.31447,12.89,367.0,N21,2026-09-11 12:59:00 IST,1,None (Open / Rural Area),,AGRICULTURAL_FIRE,MODERATE,0.88,27.8_96.3
210ecbc088,27.76173,96.05025,30.46,367.0,N21,2026-09-11 12:59:00 IST,1,None (Open / Rural Area),,WILDFIRE_BIOMASS,HIGH,0.85,27.8_96.1
1d6d615a49,27.99545,94.19669,7.15,367.0,N21,2026-09-11 12:59:00 IST,2,None (Open / Rural Area),,AGRICULTURAL_FIRE,MODERATE,0.88,28.0_94.2
1989ec22be,27.99705,94.19421,4.76,334.8,N21,2026-09-11 12:59:00 IST,2,None (Open / Rural Area),,AGRICULTURAL_FIRE,MODERATE,0.88,28.0_94.2
5460d7eb70,27.99753,94.20003,5.08,331.57,N21,2026-09-11 12:59:00 IST,1,None (Open / Rural Area),,AGRICULTURAL_FIRE,MODERATE,0.88,28.0_94.2
07242d7dac,21.09986,72.63593,16.4,367.0,N21,2026-09-11 13:01:00 IST,8,None (Open / Rural Area),,AGRICULTURAL_FIRE,MODERATE,0.88,21.1_72.6
f93a8e01fb,21.10254,72.64712,16.69,332.28,N21,2026-09-11 13:01:00 IST,17,None (Open / Rural Area),,AGRICULTURAL_FIRE,MODERATE,0.88,21.1_72.6
c83fb9b3da,22.35861,82.30355,8.07,339.08,N21,2026-09-11 13:01:00 IST,3,None (Open / Rural Area),,AGRICULTURAL_FIRE,MODERATE,0.88,22.4_82.3
ed43a6b69d,22.57294,85.89919,6.26,333.56,N21,2026-09-11 13:01:00 IST,1,None (Open / Rural Area),,AGRICULTURAL_FIRE,MODERATE,0.88,22.6_85.9
aa267d101f,22.57568,85.89491,2.21,327.48,N21,2026-09-11 13:01:00 IST,1,None (Open / Rural Area),,AGRICULTURAL_FIRE,MODERATE,0.88,22.6_85.9
8ee80126fc,23.69744,86.0788,3.98,332.04,N21,2026-09-11 13:01:00 IST,1,None (Open / Rural Area),,AGRICULTURAL_FIRE,MODERATE,0.88,23.7_86.1
3a465c0fd0,27.50222,69.06162,11.92,348.59,N21,2026-09-11 13:01:00 IST,1,None (Open / Rural Area),,AGRICULTURAL_FIRE,MODERATE,0.88,27.5_69.1
9cfdca2dd8,27.50323,69.05852,15.12,336.53,N21,2026-09-11 13:01:00 IST,2,None (Open / Rural Area),,AGRICULTURAL_FIRE,MODERATE,0.88,27.5_69.1
0b254ebb7e,27.75157,74.47194,3.31,343.81,N21,2026-09-11 13:01:00 IST,4,None (Open / Rural Area),,AGRICULTURAL_FIRE,MODERATE,0.88,27.8_74.5
7be1008ca4,27.75231,74.47518,5.24,336.59,N21,2026-09-11 13:01:00 IST,4,None (Open / Rural Area),,AGRICULTURAL_FIRE,MODERATE,0.88,27.8_74.5
f77ae19d76,27.75248,74.47375,6.72,350.83,N21,2026-09-11 13:01:00 IST,4,None (Open / Rural Area),,AGRICULTURAL_FIRE,MODERATE,0.88,27.8_74.5
6f2b1e2394,27.75653,74.47059,3.31,337.62,N21,2026-09-11 13:01:00 IST,4,None (Open / Rural Area),,AGRICULTURAL_FIRE,MODERATE,0.88,27.8_74.5
e5f3055421,30.62286,73.82132,9.0,336.28,N21,2026-09-11 13:01:00 IST,1,None (Open / Rural Area),,AGRICULTURAL_FIRE,MODERATE,0.88,30.6_73.8
14f7a6e448,30.85914,74.36917,21.78,347.79,N21,2026-09-11 13:01:00 IST,1,None (Open / Rural Area),,AGRICULTURAL_FIRE,MODERATE,0.88,30.9_74.4
6d393d2475,30.98748,74.20461,9.25,340.2,N21,2026-09-11 13:01:00 IST,2,None (Open / Rural Area),,AGRICULTURAL_FIRE,MODERATE,0.88,31.0_74.2
23d547e62d,30.98889,74.20782,14.78,339.84,N21,2026-09-11 13:01:00 IST,2,None (Open / Rural Area),,AGRICULTURAL_FIRE,MODERATE,0.88,31.0_74.2
3634def2a2,31.1145,74.67035,6.49,339.39,N21,2026-09-11 13:01:00 IST,2,None (Open / Rural Area),,AGRICULTURAL_FIRE,MODERATE,0.88,31.1_74.7
c51e301ada,31.11475,74.66734,4.29,339.31,N21,2026-09-11 13:01:00 IST,2,None (Open / Rural Area),,AGRICULTURAL_FIRE,MODERATE,0.88,31.1_74.7
f4efd91c84,31.32291,74.4838,7.71,342.04,N21,2026-09-11 13:01:00 IST,1,None (Open / Rural Area),,AGRICULTURAL_FIRE,MODERATE,0.88,31.3_74.5
bb9a412f74,31.39054,75.07154,4.44,331.47,N21,2026-09-11 13:01:00 IST,1,None (Open / Rural Area),,AGRICULTURAL_FIRE,MODERATE,0.88,31.4_75.1
5dbbe43a5f,31.61656,76.17597,4.46,335.25,N21,2026-09-11 13:01:00 IST,1,None (Open / Rural Area),,AGRICULTURAL_FIRE,MODERATE,0.88,31.6_76.2
b36c122efc,31.61751,76.18054,5.4,331.97,N21,2026-09-11 13:01:00 IST,1,None (Open / Rural Area),,AGRICULTURAL_FIRE,MODERATE,0.88,31.6_76.2
590d4216e5,34.15691,74.18864,5.54,340.37,N21,2026-09-11 13:01:00 IST,1,None (Open / Rural Area),,AGRICULTURAL_FIRE,MODERATE,0.88,34.2_74.2
38b256c643,36.96885,81.35052,6.01,345.07,N21,2026-09-11 13:03:00 IST,1,None (Open / Rural Area),,AGRICULTURAL_FIRE,MODERATE,0.88,37.0_81.4
4c0cee379d,21.10432,72.6347,9.4,328.58,N21,2026-09-11 14:39:00 IST,8,None (Open / Rural Area),,AGRICULTURAL_FIRE,MODERATE,0.88,21.1_72.6
3edfb78b1e,21.1052,72.64534,9.33,331.35,N21,2026-09-11 14:39:00 IST,17,None (Open / Rural Area),,AGRICULTURAL_FIRE,MODERATE,0.88,21.1_72.6
757b8e5ffc,22.93165,69.69714,4.55,335.59,N21,2026-09-11 14:39:00 IST,3,None (Open / Rural Area),,AGRICULTURAL_FIRE,MODERATE,0.88,22.9_69.7
2eef09c369,23.40523,71.8103,7.8,332.64,N21,2026-09-11 14:39:00 IST,1,None (Open / Rural Area),,AGRICULTURAL_FIRE,MODERATE,0.88,23.4_71.8
d8f26d0de5,24.35433,69.38046,1.42,331.47,N21,2026-09-11 14:39:00 IST,1,None (Open / Rural Area),,AGRICULTURAL_FIRE,MODERATE,0.88,24.4_69.4
8c13958d4b,25.87052,68.93066,4.91,343.6,N21,2026-09-11 14:41:00 IST,1,None (Open / Rural Area),,AGRICULTURAL_FIRE,MODERATE,0.88,25.9_68.9
d62733b4d1,25.87083,68.93423,4.91,346.81,N21,2026-09-11 14:41:00 IST,1,None (Open / Rural Area),,AGRICULTURAL_FIRE,MODERATE,0.88,25.9_68.9
46c1b7a01a,25.92188,69.27729,3.36,331.42,N21,2026-09-11 14:41:00 IST,1,None (Open / Rural Area),,AGRICULTURAL_FIRE,MODERATE,0.88,25.9_69.3
fc1a77449d,27.50557,69.06078,8.64,353.18,N21,2026-09-11 14:41:00 IST,2,None (Open / Rural Area),,AGRICULTURAL_FIRE,MODERATE,0.88,27.5_69.1
83fd86491d,27.63493,68.38425,10.44,352.41,N21,2026-09-11 14:41:00 IST,2,None (Open / Rural Area),,AGRICULTURAL_FIRE,MODERATE,0.88,27.6_68.4
0e60e51376,27.63523,68.38776,9.84,367.0,N21,2026-09-11 14:41:00 IST,2,None (Open / Rural Area),,AGRICULTURAL_FIRE,MODERATE,0.88,27.6_68.4
ce9284bfb1,28.05424,69.36775,7.06,336.04,N21,2026-09-11 14:41:00 IST,1,None (Open / Rural Area),,AGRICULTURAL_FIRE,MODERATE,0.88,28.1_69.4
