latitude,longitude,bright_ti4,scan,track,acq_date,acq_time,satellite,instrument,confidence,version,bright_ti5,frp,daynight
27.80422,96.25511,335.35,0.54,0.68,2026-09-11,550,N21,VIIRS,n,2.0NRT,290.41,5.56,D
28.04317,96.47542,330.4,0.52,0.67,2026-09-11,550,N21,VIIRS,n,2.0NRT,289.79,4.29,D
6.23675,80.86526,334.31,0.33,0.55,2026-09-11,726,N21,VIIRS,n,2.0NRT,297.17,4.12,D
6.33034,80.99194,351.23,0.32,0.55,2026-09-11,726,N21,VIIRS,n,2.0NRT,300.49,4.99,D
6.35857,80.94335,340.79,0.32,0.55,2026-09-11,726,N21,VIIRS,n,2.0NRT,300.35,3.97,D
6.42279,81.28326,336.83,0.61,0.53,2026-09-11,726,N21,VIIRS,n,2.0NRT,297.09,9.28,D
6.53911,80.9467,331.79,0.32,0.55,2026-09-11,726,N21,VIIRS,n,2.0NRT,299.72,2.0,D
6.67181,81.1211,330.05,0.62,0.54,2026-09-11,726,N21,VIIRS,n,2.0NRT,299.65,6.5,D
6.70483,81.3157,344.06,0.6,0.53,2026-09-11,726,N21,VIIRS,n,2.0NRT,304.49,17.86,D
6.70966,81.31493,350.75,0.6,0.53,2026-09-11,726,N21,VIIRS,n,2.0NRT,301.99,9.5,D
6.71541,81.3196,332.8,0.6,0.53,2026-09-11,726,N21,VIIRS,n,2.0NRT,302.49,9.5,D
6.74071,81.49876,344.26,0.58,0.52,2026-09-11,726,N21,VIIRS,n,2.0NRT,306.82,9.91,D
6.75242,81.36433,343.11,0.59,0.53,2026-09-11,726,N21,VIIRS,n,2.0NRT,304.08,8.71,D
6.75315,81.36772,345.31,0.59,0.53,2026-09-11,726,N21,VIIRS,n,2.0NRT,304.12,15.74,D
6.75334,81.36961,339.08,0.59,0.53,2026-09-11,726,N21,VIIRS,n,2.0NRT,302.15,8.71,D
6.76568,81.38377,330.37,0.59,0.53,2026-09-11,726,N21,VIIRS,l,2.0NRT,302.43,3.62,D
6.78033,81.56044,333.59,0.58,0.52,2026-09-11,726,N21,VIIRS,l,2.0NRT,304.08,4.9,D
6.78106,81.55669,336.12,0.57,0.52,2026-09-11,726,N21,VIIRS,n,2.0NRT,304.0,4.65,D
6.8919,81.63732,341.36,0.57,0.52,2026-09-11,726,N21,VIIRS,n,2.0NRT,303.3,6.6,D
6.89411,81.63881,341.13,0.56,0.52,2026-09-11,726,N21,VIIRS,n,2.0NRT,302.64,3.22,D
6.95228,81.63975,341.12,0.56,0.52,2026-09-11,726,N21,VIIRS,n,2.0NRT,304.17,6.6,D
7.04393,81.3398,339.54,0.59,0.53,2026-09-11,726,N21,VIIRS,n,2.0NRT,300.12,9.34,D
7.06148,81.55836,339.75,0.57,0.52,2026-09-11,726,N21,VIIRS,n,2.0NRT,301.96,3.81,D
7.29534,80.90753,332.06,0.63,0.54,2026-09-11,726,N21,VIIRS,n,2.0NRT,298.48,9.43,D
7.34159,81.73363,332.62,0.55,0.51,2026-09-11,726,N21,VIIRS,l,2.0NRT,303.86,5.02,D
7.36861,81.83842,333.38,0.54,0.51,2026-09-11,726,N21,VIIRS,n,2.0NRT,301.47,2.84,D
7.4696,81.26337,341.38,0.59,0.53,2026-09-11,726,N21,VIIRS,n,2.0NRT,303.06,9.11,D
7.46992,81.26645,341.78,0.59,0.53,2026-09-11,726,N21,VIIRS,n,2.0NRT,303.26,9.36,D
7.50373,81.0055,343.1,0.61,0.53,2026-09-11,726,N21,VIIRS,n,2.0NRT,304.16,20.32,D
7.58117,81.05603,346.56,0.6,0.53,2026-09-11,726,N21,VIIRS,n,2.0NRT,304.26,7.49,D
7.58505,81.0498,333.23,0.6,0.53,2026-09-11,726,N21,VIIRS,n,2.0NRT,302.7,7.49,D
7.58989,81.04897,342.75,0.6,0.53,2026-09-11,726,N21,VIIRS,n,2.0NRT,305.96,12.93,D
7.59083,81.05435,341.08,0.6,0.53,2026-09-11,726,N21,VIIRS,n,2.0NRT,301.6,12.93,D
7.59472,81.04814,330.11,0.6,0.53,2026-09-11,726,N21,VIIRS,l,2.0NRT,302.78,12.93,D
7.59566,81.05355,341.84,0.6,0.53,2026-09-11,726,N21,VIIRS,n,2.0NRT,303.1,12.93,D
7.60043,81.70636,333.79,0.54,0.51,2026-09-11,726,N21,VIIRS,l,2.0NRT,305.02,4.0,D
7.63271,81.00848,342.55,0.61,0.53,2026-09-11,726,N21,VIIRS,n,2.0NRT,300.98,17.66,D
7.70216,81.24224,355.84,0.58,0.52,2026-09-11,726,N21,VIIRS,n,2.0NRT,306.47,21.8,D
7.70227,81.2403,343.05,0.58,0.52,2026-09-11,726,N21,VIIRS,n,2.0NRT,306.83,24.75,D
7.70587,81.54907,335.39,0.56,0.51,2026-09-11,726,N21,VIIRS,l,2.0NRT,306.63,5.25,D
7.72287,80.65866,331.59,0.32,0.55,2026-09-11,726,N21,VIIRS,n,2.0NRT,296.39,2.6,D
7.75616,81.04324,333.1,0.6,0.53,2026-09-11,726,N21,VIIRS,n,2.0NRT,302.6,3.9,D
7.75739,81.04642,333.01,0.6,0.53,2026-09-11,726,N21,VIIRS,n,2.0NRT,302.07,3.09,D
7.76149,80.46893,331.17,0.33,0.55,2026-09-11,726,N21,VIIRS,n,2.0NRT,295.3,5.2,D
7.76352,80.10153,330.15,0.35,0.57,2026-09-11,726,N21,VIIRS,n,2.0NRT,296.6,2.2,D
7.76651,80.46803,339.65,0.33,0.55,2026-09-11,726,N21,VIIRS,n,2.0NRT,295.01,2.93,D
7.78214,80.61802,340.18,0.32,0.55,2026-09-11,726,N21,VIIRS,n,2.0NRT,298.24,8.07,D
7.86162,80.01357,335.91,0.35,0.57,2026-09-11,726,N21,VIIRS,n,2.0NRT,297.65,6.27,D
7.86603,80.21651,336.47,0.34,0.56,2026-09-11,726,N21,VIIRS,n,2.0NRT,296.01,1.27,D
7.89261,80.00832,336.03,0.35,0.57,2026-09-11,726,N21,VIIRS,n,2.0NRT,296.45,13.53,D
7.89316,80.01147,367.0,0.35,0.57,2026-09-11,726,N21,VIIRS,h,2.0NRT,297.45,13.53,D
7.9272,81.20104,343.9,0.58,0.52,2026-09-11,726,N21,VIIRS,n,2.0NRT,302.25,9.78,D
7.95415,80.10401,335.43,0.35,0.56,2026-09-11,726,N21,VIIRS,n,2.0NRT,298.02,6.79,D
7.95961,81.19024,332.3,0.58,0.52,2026-09-11,726,N21,VIIRS,l,2.0NRT,302.9,4.8,D
7.96052,81.19545,331.99,0.58,0.52,2026-09-11,726,N21,VIIRS,l,2.0NRT,302.71,4.8,D
7.96143,81.2007,332.0,0.58,0.52,2026-09-11,726,N21,VIIRS,n,2.0NRT,301.14,2.71,D
7.96473,80.04477,334.68,0.35,0.57,2026-09-11,726,N21,VIIRS,n,2.0NRT,297.53,3.02,D
7.96528,81.19466,330.75,0.58,0.52,2026-09-11,726,N21,VIIRS,l,2.0NRT,302.72,4.8,D
7.96914,81.18865,333.18,0.58,0.52,2026-09-11,726,N21,VIIRS,n,2.0NRT,302.27,5.15,D
7.9765,80.17004,355.35,0.34,0.56,2026-09-11,726,N21,VIIRS,n,2.0NRT,298.15,6.16,D
8.00678,80.95213,332.53,0.6,0.53,2026-09-11,726,N21,VIIRS,n,2.0NRT,298.26,4.32,D
8.02262,81.30133,331.31,0.57,0.52,2026-09-11,726,N21,VIIRS,l,2.0NRT,304.88,4.39,D
8.02483,81.304,330.92,0.57,0.52,2026-09-11,726,N21,VIIRS,l,2.0NRT,303.01,6.72,D
8.02955,80.58305,334.53,0.32,0.55,2026-09-11,726,N21,VIIRS,n,2.0NRT,296.79,12.23,D
8.03451,80.58224,367.0,0.32,0.55,2026-09-11,726,N21,VIIRS,h,2.0NRT,296.9,12.23,D
8.14744,81.34031,336.64,0.56,0.52,2026-09-11,726,N21,VIIRS,n,2.0NRT,301.9,12.16,D
8.14977,81.34171,331.74,0.56,0.52,2026-09-11,726,N21,VIIRS,n,2.0NRT,300.83,8.72,D
8.22174,81.02438,339.9,0.59,0.53,2026-09-11,726,N21,VIIRS,n,2.0NRT,300.38,7.89,D
8.22999,80.67237,341.78,0.63,0.54,2026-09-11,726,N21,VIIRS,n,2.0NRT,298.99,9.52,D
8.23185,80.67056,339.54,0.63,0.54,2026-09-11,726,N21,VIIRS,n,2.0NRT,298.65,9.01,D
8.24239,80.55995,351.1,0.32,0.54,2026-09-11,726,N21,VIIRS,n,2.0NRT,296.94,9.17,D
8.31679,80.25421,332.65,0.33,0.55,2026-09-11,726,N21,VIIRS,n,2.0NRT,299.22,6.52,D
8.31783,80.31797,338.65,0.33,0.55,2026-09-11,726,N21,VIIRS,n,2.0NRT,299.06,3.64,D
8.3213,80.2504,332.07,0.33,0.56,2026-09-11,726,N21,VIIRS,n,2.0NRT,298.22,4.77,D
8.32473,81.02138,341.73,0.59,0.53,2026-09-11,726,N21,VIIRS,n,2.0NRT,299.65,8.15,D
8.32823,80.23088,342.45,0.33,0.56,2026-09-11,726,N21,VIIRS,n,2.0NRT,297.58,5.46,D
8.32876,80.23387,339.45,0.33,0.56,2026-09-11,726,N21,VIIRS,n,2.0NRT,298.96,7.23,D
8.36492,80.20286,331.59,0.34,0.56,2026-09-11,726,N21,VIIRS,n,2.0NRT,297.97,2.81,D
8.38192,80.41776,331.62,0.32,0.55,2026-09-11,726,N21,VIIRS,n,2.0NRT,300.05,3.18,D
8.38243,80.42065,338.16,0.32,0.55,2026-09-11,726,N21,VIIRS,n,2.0NRT,299.58,3.18,D
8.40434,80.71754,340.95,0.62,0.54,2026-09-11,726,N21,VIIRS,n,2.0NRT,300.13,8.35,D
8.41959,80.30999,332.9,0.33,0.55,2026-09-11,726,N21,VIIRS,n,2.0NRT,299.22,3.31,D
8.42012,80.31292,330.4,0.33,0.55,2026-09-11,726,N21,VIIRS,n,2.0NRT,298.46,4.12,D
8.42402,80.53297,331.06,0.63,0.54,2026-09-11,726,N21,VIIRS,n,2.0NRT,299.26,8.83,D
8.46777,81.13238,340.6,0.58,0.52,2026-09-11,726,N21,VIIRS,n,2.0NRT,297.76,8.26,D
8.48778,80.46198,343.36,0.32,0.55,2026-09-11,726,N21,VIIRS,n,2.0NRT,297.3,5.09,D
8.49171,80.13688,330.79,0.34,0.56,2026-09-11,726,N21,VIIRS,n,2.0NRT,298.41,4.54,D
8.4992,80.86546,341.78,0.6,0.53,2026-09-11,726,N21,VIIRS,n,2.0NRT,299.15,12.46,D
8.50053,80.86825,342.17,0.6,0.53,2026-09-11,726,N21,VIIRS,n,2.0NRT,300.3,13.46,D
8.50601,80.53648,339.22,0.63,0.54,2026-09-11,726,N21,VIIRS,n,2.0NRT,298.75,10.21,D
8.50888,80.17417,354.53,0.33,0.56,2026-09-11,726,N21,VIIRS,n,2.0NRT,297.06,10.01,D
8.55598,80.87775,335.73,0.6,0.53,2026-09-11,726,N21,VIIRS,n,2.0NRT,299.47,5.35,D
8.57436,80.76235,336.16,0.61,0.53,2026-09-11,726,N21,VIIRS,n,2.0NRT,298.61,7.34,D
8.57594,80.76398,336.03,0.61,0.53,2026-09-11,726,N21,VIIRS,n,2.0NRT,298.82,7.74,D
8.59022,80.93218,339.24,0.59,0.53,2026-09-11,726,N21,VIIRS,n,2.0NRT,296.28,10.06,D
8.59064,80.60149,333.61,0.62,0.54,2026-09-11,726,N21,VIIRS,n,2.0NRT,299.02,7.12,D
8.60761,80.38096,333.57,0.32,0.55,2026-09-11,726,N21,VIIRS,n,2.0NRT,297.15,2.75,D
8.61894,80.47482,341.77,0.64,0.54,2026-09-11,726,N21,VIIRS,n,2.0NRT,298.36,11.07,D
8.64861,80.37698,332.81,0.32,0.55,2026-09-11,726,N21,VIIRS,n,2.0NRT,297.87,2.77,D
8.65176,81.00031,335.77,0.58,0.52,2026-09-11,726,N21,VIIRS,n,2.0NRT,297.78,5.52,D
8.71072,80.17675,342.12,0.33,0.55,2026-09-11,726,N21,VIIRS,n,2.0NRT,297.06,3.48,D
8.73159,80.35374,332.03,0.32,0.55,2026-09-11,726,N21,VIIRS,n,2.0NRT,296.72,2.52,D
8.73255,80.35361,331.42,0.32,0.55,2026-09-11,726,N21,VIIRS,n,2.0NRT,296.56,2.9,D
8.82634,80.8719,330.43,0.59,0.53,2026-09-11,726,N21,VIIRS,n,2.0NRT,299.54,8.93,D
8.83713,80.99182,342.96,0.58,0.52,2026-09-11,726,N21,VIIRS,n,2.0NRT,298.02,6.93,D
8.83843,80.99353,342.38,0.58,0.52,2026-09-11,726,N21,VIIRS,n,2.0NRT,298.58,9.53,D
8.86342,80.68942,337.74,0.61,0.53,2026-09-11,726,N21,VIIRS,n,2.0NRT,296.15,6.84,D
8.87713,80.65346,343.41,0.61,0.54,2026-09-11,726,N21,VIIRS,n,2.0NRT,298.55,27.45,D
8.87997,80.6513,335.16,0.61,0.53,2026-09-11,726,N21,VIIRS,n,2.0NRT,297.07,11.41,D
8.88096,80.65672,341.19,0.61,0.53,2026-09-11,726,N21,VIIRS,n,2.0NRT,296.22,13.05,D
8.94751,80.86004,330.31,0.59,0.53,2026-09-11,726,N21,VIIRS,n,2.0NRT,294.58,7.29,D
9.11983,80.27057,340.54,0.32,0.55,2026-09-11,726,N21,VIIRS,n,2.0NRT,292.24,2.86,D
27.76085,96.31447,367.0,0.5,0.66,2026-09-11,729,N21,VIIRS,h,2.0NRT,291.15,12.89,D
27.76173,96.05025,367.0,0.49,0.65,2026-09-11,729,N21,VIIRS,h,2.0NRT,291.32,30.46,D
27.99545,94.19669,367.0,0.37,0.58,2026-09-11,729,N21,VIIRS,h,2.0NRT,293.37,7.15,D
27.99705,94.19421,334.8,0.37,0.58,2026-09-11,729,N21,VIIRS,n,2.0NRT,292.46,4.76,D
27.99753,94.20003,331.57,0.37,0.58,2026-09-11,729,N21,VIIRS,n,2.0NRT,292.63,5.08,D
21.09986,72.63593,367.0,0.6,0.71,2026-09-11,731,N21,VIIRS,h,2.0NRT,292.5,16.4,D
21.10254,72.64712,332.28,0.6,0.71,2026-09-11,731,N21,VIIRS,n,2.0NRT,291.89,16.69,D
22.35861,82.30355,339.08,0.45,0.39,2026-09-11,731,N21,VIIRS,n,2.0NRT,297.05,8.07,D
22.57294,85.89919,333.56,0.39,0.36,2026-09-11,731,N21,VIIRS,n,2.0NRT,298.02,6.26,D
22.57568,85.89491,327.48,0.39,0.36,2026-09-11,731,N21,VIIRS,n,2.0NRT,289.86,2.21,D
23.69744,86.0788,332.04,0.39,0.36,2026-09-11,731,N21,VIIRS,n,2.0NRT,292.01,3.98,D
27.50222,69.06162,348.59,0.71,0.75,2026-09-11,731,N21,VIIRS,n,2.0NRT,304.93,11.92,D
27.50323,69.05852,336.53,0.71,0.75,2026-09-11,731,N21,VIIRS,n,2.0NRT,303.79,15.12,D
27.75157,74.47194,343.81,0.33,0.55,2026-09-11,731,N21,VIIRS,n,2.0NRT,303.68,3.31,D
27.75231,74.47518,336.59,0.33,0.55,2026-09-11,731,N21,VIIRS,n,2.0NRT,302.78,5.24,D
27.75248,74.47375,350.83,0.33,0.55,2026-09-11,731,N21,VIIRS,n,2.0NRT,304.33,6.72,D
27.75653,74.47059,337.62,0.33,0.55,2026-09-11,731,N21,VIIRS,n,2.0NRT,304.01,3.31,D
30.62286,73.82132,336.28,0.63,0.54,2026-09-11,731,N21,VIIRS,n,2.0NRT,299.96,9.0,D
30.85914,74.36917,347.79,0.57,0.52,2026-09-11,731,N21,VIIRS,n,2.0NRT,301.96,21.78,D
30.98748,74.20461,340.2,0.58,0.52,2026-09-11,731,N21,VIIRS,n,2.0NRT,300.65,9.25,D
30.98889,74.20782,339.84,0.58,0.52,2026-09-11,731,N21,VIIRS,n,2.0NRT,300.87,14.78,D
31.1145,74.67035,339.39,0.54,0.51,2026-09-11,731,N21,VIIRS,n,2.0NRT,298.55,6.49,D
31.11475,74.66734,339.31,0.55,0.51,2026-09-11,731,N21,VIIRS,n,2.0NRT,298.98,4.29,D
31.32291,74.4838,342.04,0.55,0.51,2026-09-11,731,N21,VIIRS,n,2.0NRT,299.68,7.71,D
31.39054,75.07154,331.47,0.51,0.49,2026-09-11,731,N21,VIIRS,n,2.0NRT,298.9,4.44,D
31.61656,76.17597,335.25,0.44,0.46,2026-09-11,731,N21,VIIRS,n,2.0NRT,295.54,4.46,D
31.61751,76.18054,331.97,0.44,0.46,2026-09-11,731,N21,VIIRS,n,2.0NRT,296.42,5.4,D
34.15691,74.18864,340.37,0.5,0.49,2026-09-11,731,N21,VIIRS,n,2.0NRT,301.25,5.54,D
36.96885,81.35052,345.07,0.38,0.36,2026-09-11,733,N21,VIIRS,n,2.0NRT,308.57,6.01,D
21.10432,72.6347,328.58,0.55,0.68,2026-09-11,909,N21,VIIRS,n,2.0NRT,289.42,9.4,D
21.1052,72.64534,331.35,0.56,0.68,2026-09-11,909,N21,VIIRS,n,2.0NRT,290.15,9.33,D
22.93165,69.69714,335.59,0.37,0.58,2026-09-11,909,N21,VIIRS,n,2.0NRT,300.53,4.55,D
23.40523,71.8103,332.64,0.52,0.67,2026-09-11,909,N21,VIIRS,n,2.0NRT,292.92,7.8,D
24.35433,69.38046,331.47,0.37,0.58,2026-09-11,909,N21,VIIRS,n,2.0NRT,300.44,1.42,D
25.87052,68.93066,343.6,0.36,0.57,2026-09-11,911,N21,VIIRS,n,2.0NRT,304.43,4.91,D
25.87083,68.93423,346.81,0.36,0.57,2026-09-11,911,N21,VIIRS,n,2.0NRT,304.52,4.91,D
25.92188,69.27729,331.42,0.38,0.59,2026-09-11,911,N21,VIIRS,l,2.0NRT,304.37,3.36,D
27.50557,69.06078,353.18,0.38,0.59,2026-09-11,911,N21,VIIRS,n,2.0NRT,311.81,8.64,D
27.63493,68.38425,352.41,0.35,0.57,2026-09-11,911,N21,VIIRS,n,2.0NRT,310.04,10.44,D
27.63523,68.38776,367.0,0.35,0.57,2026-09-11,911,N21,VIIRS,h,2.0NRT,310.55,9.84,D
28.05424,69.36775,336.04,0.4,0.6,2026-09-11,911,N21,VIIRS,l,2.0NRT,306.89,7.06,D
25.54349,91.23439,297.52,0.55,0.42,2026-09-11,1955,N21,VIIRS,n,2.0NRT,283.72,0.92,N
29.12307,75.77782,304.05,0.44,0.62,2026-09-11,1955,N21,VIIRS,n,2.0NRT,288.09,1.31,N
19.02263,72.88951,304.46,0.52,0.67,2026-09-11,1957,N21,VIIRS,n,2.0NRT,288.33,1.35,N
20.95472,85.0117,305.7,0.38,0.36,2026-09-11,1957,N21,VIIRS,n,2.0NRT,284.47,1.51,N
20.99696,86.01632,307.58,0.39,0.36,2026-09-11,1957,N21,VIIRS,n,2.0NRT,271.22,0.89,N
20.99756,86.01261,307.32,0.39,0.36,2026-09-11,1957,N21,VIIRS,n,2.0NRT,271.25,1.12,N
21.07221,85.04323,305.32,0.38,0.36,2026-09-11,1957,N21,VIIRS,n,2.0NRT,280.3,1.01,N
21.07493,85.04748,302.27,0.38,0.36,2026-09-11,1957,N21,VIIRS,n,2.0NRT,281.44,0.74,N
21.0755,85.04382,305.95,0.38,0.36,2026-09-11,1957,N21,VIIRS,n,2.0NRT,282.16,1.32,N
21.07664,85.03648,309.74,0.38,0.36,2026-09-11,1957,N21,VIIRS,n,2.0NRT,286.75,1.57,N
21.07936,85.04073,306.61,0.38,0.36,2026-09-11,1957,N21,VIIRS,n,2.0NRT,284.37,1.32,N
21.0805,85.0334,310.31,0.38,0.36,2026-09-11,1957,N21,VIIRS,n,2.0NRT,286.59,1.57,N
21.10294,72.64367,335.0,0.57,0.69,2026-09-11,1957,N21,VIIRS,n,2.0NRT,279.99,5.81,N
21.10339,72.63818,302.27,0.57,0.69,2026-09-11,1957,N21,VIIRS,n,2.0NRT,279.23,3.16,N
21.10385,72.63268,302.78,0.57,0.69,2026-09-11,1957,N21,VIIRS,n,2.0NRT,279.84,3.16,N
21.10931,72.64422,302.54,0.57,0.69,2026-09-11,1957,N21,VIIRS,n,2.0NRT,280.23,5.81,N
21.16521,72.6657,336.35,0.57,0.69,2026-09-11,1957,N21,VIIRS,n,2.0NRT,281.14,8.02,N
21.16739,72.67079,304.39,0.57,0.69,2026-09-11,1957,N21,VIIRS,n,2.0NRT,280.95,5.82,N
21.16783,72.66529,338.24,0.57,0.69,2026-09-11,1957,N21,VIIRS,n,2.0NRT,281.21,8.96,N
21.76534,85.58006,305.93,0.38,0.36,2026-09-11,1957,N21,VIIRS,n,2.0NRT,289.01,0.96,N
21.87683,83.55544,308.71,0.41,0.37,2026-09-11,1957,N21,VIIRS,n,2.0NRT,287.96,1.66,N
21.87796,83.54762,304.22,0.41,0.37,2026-09-11,1957,N21,VIIRS,n,2.0NRT,286.92,0.88,N
22.20574,84.86871,320.35,0.39,0.36,2026-09-11,1957,N21,VIIRS,n,2.0NRT,288.65,2.16,N
22.20687,84.86127,306.37,0.39,0.36,2026-09-11,1957,N21,VIIRS,n,2.0NRT,289.07,0.97,N
22.21017,84.86185,307.55,0.39,0.36,2026-09-11,1957,N21,VIIRS,n,2.0NRT,289.2,0.97,N
22.21299,84.84327,314.26,0.39,0.36,2026-09-11,1957,N21,VIIRS,n,2.0NRT,285.79,0.98,N
22.24044,87.3886,314.37,0.41,0.37,2026-09-11,1957,N21,VIIRS,n,2.0NRT,285.48,1.16,N
22.35592,87.28951,302.91,0.41,0.37,2026-09-11,1957,N21,VIIRS,n,2.0NRT,282.92,1.54,N
22.36406,87.30318,311.16,0.41,0.37,2026-09-11,1957,N21,VIIRS,n,2.0NRT,284.17,2.24,N
22.36472,87.29928,324.69,0.41,0.37,2026-09-11,1957,N21,VIIRS,n,2.0NRT,284.86,2.24,N
22.36809,87.29993,304.77,0.41,0.37,2026-09-11,1957,N21,VIIRS,n,2.0NRT,283.04,1.36,N
22.37475,87.28107,301.4,0.41,0.37,2026-09-11,1957,N21,VIIRS,n,2.0NRT,281.29,0.83,N
22.3754,87.27717,308.31,0.41,0.37,2026-09-11,1957,N21,VIIRS,n,2.0NRT,281.38,0.83,N
22.37811,87.28172,317.49,0.41,0.37,2026-09-11,1957,N21,VIIRS,n,2.0NRT,281.41,2.33,N
22.37877,87.27782,322.13,0.41,0.37,2026-09-11,1957,N21,VIIRS,n,2.0NRT,280.84,2.33,N
22.57284,85.89931,305.63,0.39,0.36,2026-09-11,1957,N21,VIIRS,n,2.0NRT,285.67,1.62,N
22.57343,85.8956,320.43,0.38,0.36,2026-09-11,1957,N21,VIIRS,n,2.0NRT,287.11,1.62,N
22.57401,85.8919,309.25,0.38,0.36,2026-09-11,1957,N21,VIIRS,n,2.0NRT,286.14,1.34,N
22.60839,85.91376,315.08,0.39,0.36,2026-09-11,1957,N21,VIIRS,n,2.0NRT,287.89,2.18,N
23.48114,87.36388,300.63,0.4,0.37,2026-09-11,1957,N21,VIIRS,n,2.0NRT,276.79,0.71,N
23.48179,87.35999,307.59,0.4,0.37,2026-09-11,1957,N21,VIIRS,n,2.0NRT,278.41,1.54,N
23.48449,87.36453,300.17,0.4,0.37,2026-09-11,1957,N21,VIIRS,n,2.0NRT,276.86,1.42,N
23.54914,87.24515,301.77,0.4,0.37,2026-09-11,1957,N21,VIIRS,n,2.0NRT,281.25,0.92,N
23.55709,87.23873,307.57,0.4,0.37,2026-09-11,1957,N21,VIIRS,n,2.0NRT,281.24,0.97,N
23.5598,87.24324,304.7,0.4,0.37,2026-09-11,1957,N21,VIIRS,n,2.0NRT,280.54,0.94,N
23.56043,87.23938,315.45,0.4,0.37,2026-09-11,1957,N21,VIIRS,n,2.0NRT,281.54,1.58,N
23.56173,87.08474,310.35,0.4,0.37,2026-09-11,1957,N21,VIIRS,n,2.0NRT,283.76,1.68,N
23.66225,87.15884,302.59,0.4,0.37,2026-09-11,1957,N21,VIIRS,n,2.0NRT,276.46,0.85,N
23.66289,87.155,314.51,0.4,0.37,2026-09-11,1957,N21,VIIRS,n,2.0NRT,275.36,2.3,N
23.66392,86.91837,301.29,0.39,0.36,2026-09-11,1957,N21,VIIRS,n,2.0NRT,280.27,0.94,N
23.66558,87.15948,305.32,0.4,0.37,2026-09-11,1957,N21,VIIRS,n,2.0NRT,276.4,0.85,N
23.67711,86.39232,298.21,0.39,0.36,2026-09-11,1957,N21,VIIRS,n,2.0NRT,281.69,0.97,N
23.68916,87.12046,303.64,0.4,0.37,2026-09-11,1957,N21,VIIRS,n,2.0NRT,280.64,0.85,N
23.69186,87.12494,302.73,0.4,0.37,2026-09-11,1957,N21,VIIRS,n,2.0NRT,279.05,1.16,N
23.69248,87.1211,305.1,0.4,0.37,2026-09-11,1957,N21,VIIRS,n,2.0NRT,281.16,0.85,N
23.69311,87.11726,303.4,0.4,0.37,2026-09-11,1957,N21,VIIRS,n,2.0NRT,281.33,0.85,N
23.69636,85.28938,299.63,0.39,0.36,2026-09-11,1957,N21,VIIRS,n,2.0NRT,281.59,0.96,N
23.70923,85.42641,301.3,0.38,0.36,2026-09-11,1957,N21,VIIRS,n,2.0NRT,284.58,0.56,N
23.70947,86.44797,315.12,0.39,0.36,2026-09-11,1957,N21,VIIRS,n,2.0NRT,285.71,1.58,N
23.71216,86.45234,317.83,0.39,0.36,2026-09-11,1957,N21,VIIRS,n,2.0NRT,284.88,1.58,N
23.71276,86.44859,310.25,0.39,0.36,2026-09-11,1957,N21,VIIRS,n,2.0NRT,285.26,1.58,N
23.71368,86.42171,308.73,0.39,0.36,2026-09-11,1957,N21,VIIRS,n,2.0NRT,288.01,1.0,N
23.71697,86.42233,310.16,0.39,0.36,2026-09-11,1957,N21,VIIRS,n,2.0NRT,287.63,1.0,N
23.71726,86.4417,311.89,0.39,0.36,2026-09-11,1957,N21,VIIRS,n,2.0NRT,287.04,2.08,N
23.72445,86.4392,310.37,0.39,0.36,2026-09-11,1957,N21,VIIRS,n,2.0NRT,286.94,1.47,N
23.7247,86.50117,301.85,0.39,0.36,2026-09-11,1957,N21,VIIRS,n,2.0NRT,280.65,0.45,N
23.73554,86.43355,321.97,0.39,0.36,2026-09-11,1957,N21,VIIRS,n,2.0NRT,288.15,1.84,N
23.73614,86.4298,312.63,0.39,0.36,2026-09-11,1957,N21,VIIRS,n,2.0NRT,287.34,1.84,N
23.73884,86.43418,327.36,0.39,0.36,2026-09-11,1957,N21,VIIRS,n,2.0NRT,288.32,3.09,N
23.75172,86.41727,316.26,0.39,0.36,2026-09-11,1957,N21,VIIRS,n,2.0NRT,287.47,2.61,N
23.75472,86.39852,304.43,0.39,0.36,2026-09-11,1957,N21,VIIRS,n,2.0NRT,287.79,1.25,N
23.75741,86.40289,318.42,0.39,0.36,2026-09-11,1957,N21,VIIRS,n,2.0NRT,288.06,1.93,N
23.76071,86.4035,320.94,0.39,0.36,2026-09-11,1957,N21,VIIRS,n,2.0NRT,287.7,1.93,N
23.76131,86.39976,312.3,0.39,0.36,2026-09-11,1957,N21,VIIRS,n,2.0NRT,287.4,2.69,N
23.7634,86.40787,313.48,0.39,0.36,2026-09-11,1957,N21,VIIRS,n,2.0NRT,287.57,2.71,N
23.764,86.40412,337.11,0.39,0.36,2026-09-11,1957,N21,VIIRS,n,2.0NRT,288.8,2.71,N
23.7646,86.40038,307.69,0.39,0.36,2026-09-11,1957,N21,VIIRS,n,2.0NRT,287.48,1.45,N
23.7658,86.39287,310.35,0.39,0.36,2026-09-11,1957,N21,VIIRS,n,2.0NRT,289.44,1.9,N
23.7673,86.40474,321.37,0.39,0.36,2026-09-11,1957,N21,VIIRS,n,2.0NRT,288.21,2.71,N
23.76789,86.401,311.15,0.39,0.36,2026-09-11,1957,N21,VIIRS,n,2.0NRT,288.04,1.45,N
23.77195,86.20503,303.16,0.38,0.36,2026-09-11,1957,N21,VIIRS,n,2.0NRT,287.12,0.61,N
23.77314,86.19756,316.19,0.38,0.36,2026-09-11,1957,N21,VIIRS,n,2.0NRT,288.53,2.01,N
23.77388,86.36349,319.54,0.39,0.36,2026-09-11,1957,N21,VIIRS,n,2.0NRT,289.66,1.65,N
23.77465,86.20938,308.18,0.39,0.36,2026-09-11,1957,N21,VIIRS,n,2.0NRT,289.62,2.02,N
23.77687,86.38723,320.22,0.39,0.36,2026-09-11,1957,N21,VIIRS,n,2.0NRT,289.47,2.52,N
23.77794,86.21,323.72,0.39,0.36,2026-09-11,1957,N21,VIIRS,n,2.0NRT,290.51,2.02,N
23.77927,86.37223,308.96,0.39,0.36,2026-09-11,1957,N21,VIIRS,n,2.0NRT,289.2,1.36,N
23.77957,86.3916,316.23,0.39,0.36,2026-09-11,1957,N21,VIIRS,n,2.0NRT,289.16,1.54,N
23.78017,86.38784,312.82,0.39,0.36,2026-09-11,1957,N21,VIIRS,n,2.0NRT,288.94,1.58,N
23.78123,86.21062,321.15,0.39,0.36,2026-09-11,1957,N21,VIIRS,n,2.0NRT,289.85,2.91,N
23.78256,86.37284,306.24,0.39,0.36,2026-09-11,1957,N21,VIIRS,n,2.0NRT,288.52,0.93,N
23.78287,86.39221,305.72,0.39,0.36,2026-09-11,1957,N21,VIIRS,n,2.0NRT,288.49,1.54,N
23.79602,86.35221,319.74,0.39,0.36,2026-09-11,1957,N21,VIIRS,n,2.0NRT,288.3,2.67,N
23.80289,86.33033,341.03,0.39,0.36,2026-09-11,1957,N21,VIIRS,n,2.0NRT,289.69,2.48,N
23.80349,86.32658,305.26,0.39,0.36,2026-09-11,1957,N21,VIIRS,n,2.0NRT,287.66,2.48,N
23.80618,86.33095,309.99,0.39,0.36,2026-09-11,1957,N21,VIIRS,n,2.0NRT,287.51,2.48,N
24.1132,86.86172,303.61,0.39,0.36,2026-09-11,1957,N21,VIIRS,n,2.0NRT,285.19,1.12,N
24.11712,86.85856,305.53,0.39,0.36,2026-09-11,1957,N21,VIIRS,n,2.0NRT,284.78,1.12,N
24.11981,86.86299,304.79,0.39,0.36,2026-09-11,1957,N21,VIIRS,n,2.0NRT,284.87,0.67,N
24.16286,82.62945,302.19,0.46,0.39,2026-09-11,1957,N21,VIIRS,n,2.0NRT,283.2,0.73,N
24.18079,82.6594,306.02,0.46,0.39,2026-09-11,1957,N21,VIIRS,n,2.0NRT,284.58,1.48,N
24.20588,82.52586,301.82,0.46,0.39,2026-09-11,1957,N21,VIIRS,n,2.0NRT,284.2,0.79,N
11.63526,77.78582,305.27,0.39,0.44,2026-09-11,2000,N21,VIIRS,n,2.0NRT,281.28,1.59,N
11.63575,77.78219,311.22,0.4,0.44,2026-09-11,2000,N21,VIIRS,n,2.0NRT,281.38,1.59,N
13.44537,80.09873,300.75,0.46,0.39,2026-09-11,2000,N21,VIIRS,n,2.0NRT,278.86,0.39,N
15.33156,76.28658,296.84,0.55,0.51,2026-09-11,2000,N21,VIIRS,n,2.0NRT,278.41,0.75,N
17.14091,77.17721,303.44,0.51,0.49,2026-09-11,2000,N21,VIIRS,n,2.0NRT,288.15,1.62,N
6.86858,81.53471,310.71,0.38,0.36,2026-09-11,2002,N21,VIIRS,n,2.0NRT,292.88,2.84,N
6.86912,81.53126,314.56,0.38,0.36,2026-09-11,2002,N21,VIIRS,n,2.0NRT,293.42,3.13,N
7.01476,81.53342,308.97,0.38,0.36,2026-09-11,2002,N21,VIIRS,n,2.0NRT,293.12,0.68,N
7.03347,79.88908,308.42,0.41,0.37,2026-09-11,2002,N21,VIIRS,n,2.0NRT,288.01,1.44,N
7.21097,80.88227,306.21,0.39,0.36,2026-09-11,2002,N21,VIIRS,n,2.0NRT,291.16,0.9,N
9.33208,77.42133,306.37,0.39,0.44,2026-09-11,2002,N21,VIIRS,n,2.0NRT,285.64,0.57,N
32.72242,72.92347,300.7,0.33,0.55,2026-09-11,2136,N21,VIIRS,n,2.0NRT,289.83,1.65,N
32.88718,71.61486,305.81,0.55,0.51,2026-09-11,2136,N21,VIIRS,n,2.0NRT,290.29,4.06,N
33.23782,73.32808,302.18,0.34,0.56,2026-09-11,2136,N21,VIIRS,n,2.0NRT,289.27,0.51,N
20.90911,71.45748,302.22,0.49,0.65,2026-09-11,2138,N21,VIIRS,n,2.0NRT,285.49,1.27,N
21.1023,72.64445,325.85,0.58,0.7,2026-09-11,2138,N21,VIIRS,n,2.0NRT,275.78,4.61,N
21.10851,72.64623,300.23,0.58,0.7,2026-09-11,2138,N21,VIIRS,n,2.0NRT,275.96,1.73,N
21.16195,72.67301,331.97,0.58,0.7,2026-09-11,2138,N21,VIIRS,n,2.0NRT,275.71,7.13,N
21.16321,72.66759,306.16,0.58,0.7,2026-09-11,2138,N21,VIIRS,n,2.0NRT,276.2,5.75,N
21.16448,72.67401,335.15,0.58,0.7,2026-09-11,2138,N21,VIIRS,n,2.0NRT,276.94,7.51,N
21.16577,72.6686,324.7,0.58,0.7,2026-09-11,2138,N21,VIIRS,n,2.0NRT,276.16,7.51,N
22.3335,69.86754,305.97,0.37,0.58,2026-09-11,2138,N21,VIIRS,n,2.0NRT,288.91,1.92,N
22.33359,69.86769,305.68,0.37,0.58,2026-09-11,2138,N21,VIIRS,n,2.0NRT,288.86,1.95,N
22.93052,69.69683,309.17,0.35,0.56,2026-09-11,2138,N21,VIIRS,n,2.0NRT,290.64,0.79,N
22.93487,69.70141,303.23,0.35,0.56,2026-09-11,2138,N21,VIIRS,n,2.0NRT,289.85,1.1,N
23.11865,70.08547,318.92,0.36,0.58,2026-09-11,2138,N21,VIIRS,n,2.0NRT,288.45,2.13,N
23.31297,70.1991,305.38,0.37,0.58,2026-09-11,2138,N21,VIIRS,n,2.0NRT,294.24,0.85,N
24.68875,73.00188,303.27,0.51,0.66,2026-09-11,2138,N21,VIIRS,n,2.0NRT,286.3,1.46,N
25.38727,68.58311,306.55,0.53,0.5,2026-09-11,2138,N21,VIIRS,n,2.0NRT,278.76,1.53,N
28.05321,69.36735,312.98,0.52,0.5,2026-09-11,2138,N21,VIIRS,n,2.0NRT,297.76,1.98,N
28.42666,69.69976,308.44,0.53,0.5,2026-09-11,2138,N21,VIIRS,n,2.0NRT,297.18,2.13,N
19.37056,71.35753,305.87,0.53,0.67,2026-09-11,2140,N21,VIIRS,n,2.0NRT,290.84,4.62,N
19.37163,71.35265,336.4,0.53,0.67,2026-09-11,2140,N21,VIIRS,n,2.0NRT,291.25,4.62,N
19.37215,71.35577,322.79,0.52,0.67,2026-09-11,2140,N21,VIIRS,n,2.0NRT,291.2,7.94,N
6.62034,80.86146,335.6,0.69,0.74,2026-09-12,705,N21,VIIRS,n,2.0NRT,289.54,9.44,D
6.70589,81.02266,345.97,0.67,0.74,2026-09-12,705,N21,VIIRS,n,2.0NRT,289.83,11.03,D
7.64065,81.0046,334.48,0.65,0.73,2026-09-12,705,N21,VIIRS,n,2.0NRT,291.32,13.08,D
7.73534,81.04542,354.29,0.64,0.72,2026-09-12,705,N21,VIIRS,n,2.0NRT,294.29,22.31,D
7.73657,81.04612,367.0,0.64,0.72,2026-09-12,705,N21,VIIRS,h,2.0NRT,294.74,35.46,D
7.80653,79.93188,334.09,0.76,0.77,2026-09-12,705,N21,VIIRS,n,2.0NRT,290.43,7.33,D
7.99491,81.06725,334.84,0.63,0.72,2026-09-12,705,N21,VIIRS,n,2.0NRT,291.78,7.48,D
7.99596,81.07281,332.97,0.63,0.72,2026-09-12,705,N21,VIIRS,n,2.0NRT,292.07,7.48,D
8.00538,80.94382,333.27,0.64,0.72,2026-09-12,705,N21,VIIRS,n,2.0NRT,292.43,9.43,D
8.06398,81.00715,344.74,0.63,0.72,2026-09-12,705,N21,VIIRS,n,2.0NRT,291.54,7.16,D
8.06483,81.00875,337.46,0.64,0.72,2026-09-12,705,N21,VIIRS,n,2.0NRT,291.54,5.07,D
8.11225,81.11897,333.05,0.62,0.72,2026-09-12,705,N21,VIIRS,n,2.0NRT,291.63,11.26,D
8.22898,81.02676,338.61,0.63,0.72,2026-09-12,705,N21,VIIRS,n,2.0NRT,291.67,14.88,D
8.37628,80.63567,340.64,0.67,0.73,2026-09-12,705,N21,VIIRS,n,2.0NRT,288.41,16.35,D
8.38111,80.63701,341.41,0.66,0.73,2026-09-12,705,N21,VIIRS,n,2.0NRT,287.63,15.39,D
8.4907,80.74339,332.45,0.65,0.73,2026-09-12,705,N21,VIIRS,n,2.0NRT,268.53,19.34,D
8.823,80.86677,332.54,0.63,0.72,2026-09-12,705,N21,VIIRS,n,2.0NRT,288.27,5.41,D
9.01332,79.85774,339.15,0.73,0.76,2026-09-12,707,N21,VIIRS,n,2.0NRT,290.89,14.78,D
9.11475,80.29814,340.92,0.68,0.74,2026-09-12,707,N21,VIIRS,n,2.0NRT,291.98,9.59,D
9.24255,80.70767,339.86,0.63,0.72,2026-09-12,707,N21,VIIRS,n,2.0NRT,292.32,14.99,D
9.40651,80.41932,367.0,0.66,0.73,2026-09-12,707,N21,VIIRS,h,2.0NRT,291.91,29.65,D
9.40808,80.41743,339.5,0.66,0.73,2026-09-12,707,N21,VIIRS,n,2.0NRT,291.21,13.27,D
9.40922,80.42326,344.76,0.66,0.73,2026-09-12,707,N21,VIIRS,n,2.0NRT,291.43,13.27,D
22.78984,86.20039,332.01,0.49,0.4,2026-09-12,709,N21,VIIRS,n,2.0NRT,291.62,4.25,D
24.19735,82.71543,330.3,0.48,0.48,2026-09-12,709,N21,VIIRS,n,2.0NRT,292.45,3.65,D
27.74572,96.28419,337.11,0.51,0.49,2026-09-12,712,N21,VIIRS,n,2.0NRT,292.94,3.97,D
27.9212,96.75629,367.0,0.55,0.51,2026-09-12,712,N21,VIIRS,h,2.0NRT,297.66,20.58,D
27.98864,95.93889,331.25,0.49,0.48,2026-09-12,712,N21,VIIRS,n,2.0NRT,294.31,4.11,D
31.71096,74.98926,331.99,0.48,0.64,2026-09-12,714,N21,VIIRS,n,2.0NRT,291.72,4.81,D
31.72677,74.97857,329.29,0.48,0.64,2026-09-12,714,N21,VIIRS,n,2.0NRT,291.47,6.54,D
31.96281,74.84226,331.6,0.48,0.65,2026-09-12,714,N21,VIIRS,n,2.0NRT,291.36,3.0,D
7.42443,81.5742,355.4,0.72,0.76,2026-09-12,845,N21,VIIRS,n,2.0NRT,286.09,19.62,D
7.81918,79.90168,332.21,0.56,0.69,2026-09-12,845,N21,VIIRS,n,2.0NRT,292.18,7.27,D
7.82129,79.89932,333.92,0.56,0.69,2026-09-12,845,N21,VIIRS,n,2.0NRT,292.56,5.85,D
7.86066,79.92656,330.14,0.56,0.69,2026-09-12,845,N21,VIIRS,n,2.0NRT,292.48,3.53,D
7.91105,80.07076,334.4,0.58,0.7,2026-09-12,845,N21,VIIRS,n,2.0NRT,293.01,5.36,D
7.94965,81.16211,330.23,0.69,0.74,2026-09-12,845,N21,VIIRS,n,2.0NRT,292.2,6.89,D
7.96745,81.08487,334.77,0.68,0.74,2026-09-12,845,N21,VIIRS,n,2.0NRT,291.81,6.95,D
8.17655,80.60171,367.0,0.63,0.72,2026-09-12,845,N21,VIIRS,h,2.0NRT,292.47,21.29,D
8.17673,79.90968,332.24,0.57,0.69,2026-09-12,845,N21,VIIRS,n,2.0NRT,294.21,7.87,D
8.18016,79.91205,331.16,0.57,0.69,2026-09-12,845,N21,VIIRS,n,2.0NRT,294.06,9.38,D
8.22284,80.55346,352.38,0.63,0.72,2026-09-12,845,N21,VIIRS,n,2.0NRT,292.7,13.85,D
8.22425,80.55553,367.0,0.63,0.72,2026-09-12,845,N21,VIIRS,h,2.0NRT,293.23,18.81,D
8.22942,80.5527,333.56,0.63,0.72,2026-09-12,845,N21,VIIRS,n,2.0NRT,292.64,5.86,D
8.24815,80.27408,332.29,0.6,0.71,2026-09-12,845,N21,VIIRS,n,2.0NRT,294.42,3.14,D
8.38151,77.63257,336.2,0.4,0.6,2026-09-12,848,N21,VIIRS,n,2.0NRT,299.49,2.87,D
8.4721,80.47921,334.47,0.63,0.72,2026-09-12,848,N21,VIIRS,n,2.0NRT,292.08,9.06,D
8.5061,80.53806,331.64,0.63,0.72,2026-09-12,848,N21,VIIRS,n,2.0NRT,291.19,9.67,D
8.51389,80.60078,336.95,0.64,0.72,2026-09-12,848,N21,VIIRS,n,2.0NRT,292.22,9.02,D
8.53039,80.25745,339.81,0.61,0.71,2026-09-12,848,N21,VIIRS,n,2.0NRT,291.61,11.51,D
8.53139,80.2601,335.51,0.61,0.71,2026-09-12,848,N21,VIIRS,n,2.0NRT,292.62,10.7,D
8.63273,77.95695,343.66,0.42,0.61,2026-09-12,848,N21,VIIRS,n,2.0NRT,295.92,5.13,D
8.76355,80.2114,345.58,0.61,0.71,2026-09-12,848,N21,VIIRS,n,2.0NRT,293.02,12.8,D
8.84051,77.56339,351.95,0.4,0.6,2026-09-12,848,N21,VIIRS,n,2.0NRT,300.81,6.23,D
8.9391,77.54266,330.88,0.4,0.6,2026-09-12,848,N21,VIIRS,l,2.0NRT,300.98,3.16,D
9.01183,79.85493,339.29,0.58,0.7,2026-09-12,848,N21,VIIRS,n,2.0NRT,292.82,8.15,D
9.01281,77.36678,330.69,0.39,0.59,2026-09-12,848,N21,VIIRS,n,2.0NRT,295.58,2.23,D
9.23561,77.48406,333.74,0.4,0.6,2026-09-12,848,N21,VIIRS,n,2.0NRT,291.22,4.11,D
9.2401,77.48399,330.96,0.4,0.6,2026-09-12,848,N21,VIIRS,n,2.0NRT,293.2,4.15,D
9.273,77.95239,335.16,0.43,0.62,2026-09-12,848,N21,VIIRS,n,2.0NRT,291.48,2.97,D
9.80803,77.91698,330.79,0.44,0.62,2026-09-12,848,N21,VIIRS,n,2.0NRT,295.02,2.8,D
9.81062,77.91656,332.04,0.44,0.62,2026-09-12,848,N21,VIIRS,n,2.0NRT,296.33,5.64,D
19.37202,71.35451,340.83,0.42,0.46,2026-09-12,850,N21,VIIRS,n,2.0NRT,290.13,8.29,D
22.85335,69.71429,334.46,0.56,0.43,2026-09-12,852,N21,VIIRS,n,2.0NRT,298.41,3.25,D
23.05704,69.18311,336.55,0.53,0.42,2026-09-12,852,N21,VIIRS,n,2.0NRT,300.52,3.99,D
23.2305,69.8563,337.99,0.39,0.44,2026-09-12,852,N21,VIIRS,n,2.0NRT,302.25,7.15,D
23.70831,68.89656,338.83,0.52,0.42,2026-09-12,852,N21,VIIRS,n,2.0NRT,305.09,6.33,D
23.7121,68.89597,338.73,0.52,0.42,2026-09-12,852,N21,VIIRS,n,2.0NRT,305.82,5.25,D
24.82654,68.06606,342.1,0.49,0.4,2026-09-12,852,N21,VIIRS,n,2.0NRT,311.04,15.75,D
24.83513,68.07449,348.36,0.49,0.4,2026-09-12,852,N21,VIIRS,n,2.0NRT,315.85,12.79,D
25.31203,69.17378,332.44,0.56,0.43,2026-09-12,852,N21,VIIRS,l,2.0NRT,306.79,4.39,D
25.31208,69.17742,338.01,0.56,0.43,2026-09-12,852,N21,VIIRS,n,2.0NRT,306.51,5.03,D
25.97624,68.75241,336.12,0.54,0.42,2026-09-12,852,N21,VIIRS,n,2.0NRT,309.68,5.06,D
27.60912,68.40923,337.98,0.54,0.42,2026-09-12,852,N21,VIIRS,n,2.0NRT,306.69,12.4,D
27.71588,68.99443,338.71,0.39,0.44,2026-09-12,852,N21,VIIRS,l,2.0NRT,310.17,7.86,D
28.05107,69.37104,341.0,0.41,0.45,2026-09-12,852,N21,VIIRS,n,2.0NRT,306.18,5.08,D
28.22972,69.52414,348.33,0.42,0.46,2026-09-12,852,N21,VIIRS,n,2.0NRT,309.98,7.31,D
29.35258,71.12714,341.85,0.55,0.51,2026-09-12,854,N21,VIIRS,n,2.0NRT,302.06,6.37,D
30.67366,72.12801,331.19,0.32,0.55,2026-09-12,854,N21,VIIRS,n,2.0NRT,295.72,2.49,D
31.11015,74.6165,330.77,0.47,0.64,2026-09-12,854,N21,VIIRS,n,2.0NRT,293.32,3.68,D
31.11121,74.61674,330.01,0.47,0.64,2026-09-12,854,N21,VIIRS,n,2.0NRT,293.41,5.16,D
31.1241,74.65465,343.81,0.47,0.64,2026-09-12,854,N21,VIIRS,n,2.0NRT,293.6,9.36,D
31.12541,74.65491,352.97,0.47,0.64,2026-09-12,854,N21,VIIRS,n,2.0NRT,293.6,10.59,D
31.35772,74.54604,355.26,0.46,0.64,2026-09-12,854,N21,VIIRS,n,2.0NRT,294.68,9.77,D
31.43671,72.1857,334.55,0.33,0.56,2026-09-12,854,N21,VIIRS,n,2.0NRT,294.05,1.98,D
31.6539,74.51457,352.95,0.46,0.64,2026-09-12,854,N21,VIIRS,n,2.0NRT,294.19,7.67,D
31.93465,72.30624,330.08,0.34,0.56,2026-09-12,854,N21,VIIRS,n,2.0NRT,292.59,3.0,D
35.96947,71.78416,367.0,0.35,0.57,2026-09-12,856,N21,VIIRS,h,2.0NRT,301.15,7.21,D
35.96994,71.7915,336.15,0.35,0.57,2026-09-12,856,N21,VIIRS,n,2.0NRT,303.12,7.21,D
35.97488,71.78667,367.0,0.35,0.57,2026-09-12,856,N21,VIIRS,h,2.0NRT,300.78,11.09,D
35.97527,71.79267,367.0,0.35,0.57,2026-09-12,856,N21,VIIRS,h,2.0NRT,308.28,11.09,D
35.98895,94.82888,301.22,0.39,0.36,2026-09-12,1934,N21,VIIRS,n,2.0NRT,277.96,1.06,N
21.59062,96.22943,306.12,0.44,0.46,2026-09-12,1938,N21,VIIRS,n,2.0NRT,291.41,1.23,N
21.67675,84.03644,300.69,0.43,0.46,2026-09-12,1938,N21,VIIRS,n,2.0NRT,287.08,1.34,N
21.68045,84.04113,300.19,0.43,0.46,2026-09-12,1938,N21,VIIRS,n,2.0NRT,287.41,1.34,N
21.69876,84.03098,299.67,0.43,0.46,2026-09-12,1938,N21,VIIRS,n,2.0NRT,286.64,1.96,N
21.76399,85.57771,303.88,0.53,0.42,2026-09-12,1938,N21,VIIRS,n,2.0NRT,289.98,0.97,N
21.85749,83.966,304.93,0.44,0.46,2026-09-12,1938,N21,VIIRS,n,2.0NRT,288.41,1.65,N
21.92468,85.22262,311.57,0.55,0.43,2026-09-12,1938,N21,VIIRS,n,2.0NRT,290.82,2.4,N
21.92925,85.21793,304.93,0.55,0.43,2026-09-12,1938,N21,VIIRS,n,2.0NRT,290.36,2.22,N
21.99174,85.32676,301.95,0.55,0.42,2026-09-12,1938,N21,VIIRS,n,2.0NRT,290.1,1.28,N
22.01131,97.17485,309.8,0.49,0.49,2026-09-12,1938,N21,VIIRS,n,2.0NRT,289.1,1.06,N
22.0123,97.17339,307.9,0.49,0.49,2026-09-12,1938,N21,VIIRS,n,2.0NRT,288.74,1.67,N
22.05241,88.12465,322.16,0.41,0.37,2026-09-12,1938,N21,VIIRS,n,2.0NRT,292.43,2.7,N
22.05581,88.12522,308.11,0.41,0.37,2026-09-12,1938,N21,VIIRS,n,2.0NRT,291.26,2.7,N
22.13259,85.37997,302.44,0.55,0.42,2026-09-12,1938,N21,VIIRS,n,2.0NRT,290.06,1.64,N
22.20706,84.8479,304.17,0.39,0.44,2026-09-12,1938,N21,VIIRS,n,2.0NRT,288.97,1.55,N
22.21229,84.87164,316.89,0.39,0.44,2026-09-12,1938,N21,VIIRS,n,2.0NRT,290.07,2.63,N
22.24515,87.38655,307.53,0.44,0.38,2026-09-12,1938,N21,VIIRS,n,2.0NRT,291.17,0.83,N
22.24565,87.3895,313.2,0.44,0.38,2026-09-12,1938,N21,VIIRS,n,2.0NRT,291.49,1.7,N
22.31256,84.76579,302.49,0.4,0.44,2026-09-12,1938,N21,VIIRS,n,2.0NRT,287.87,1.74,N
22.33047,87.3986,327.65,0.44,0.38,2026-09-12,1938,N21,VIIRS,n,2.0NRT,291.58,4.42,N
22.35646,87.28973,312.04,0.44,0.39,2026-09-12,1938,N21,VIIRS,n,2.0NRT,291.8,3.2,N
22.36156,87.0164,319.85,0.45,0.39,2026-09-12,1938,N21,VIIRS,n,2.0NRT,292.87,3.8,N
22.36232,87.29939,308.24,0.44,0.39,2026-09-12,1938,N21,VIIRS,n,2.0NRT,291.48,2.75,N
22.36266,87.2986,308.58,0.44,0.39,2026-09-12,1938,N21,VIIRS,n,2.0NRT,291.66,2.48,N
22.36513,87.01697,320.75,0.45,0.39,2026-09-12,1938,N21,VIIRS,n,2.0NRT,292.55,4.14,N
22.36525,87.3042,307.1,0.44,0.39,2026-09-12,1938,N21,VIIRS,n,2.0NRT,291.3,2.85,N
22.3656,87.30343,309.77,0.44,0.39,2026-09-12,1938,N21,VIIRS,n,2.0NRT,291.59,3.94,N
22.36585,87.29993,325.94,0.44,0.39,2026-09-12,1938,N21,VIIRS,n,2.0NRT,292.73,2.75,N
22.36618,87.29916,324.67,0.44,0.39,2026-09-12,1938,N21,VIIRS,n,2.0NRT,292.84,2.48,N
22.37614,87.27886,341.63,0.44,0.39,2026-09-12,1938,N21,VIIRS,n,2.0NRT,294.93,8.55,N
22.37967,87.27942,306.06,0.44,0.39,2026-09-12,1938,N21,VIIRS,n,2.0NRT,291.39,2.33,N
22.57173,85.89788,317.6,0.52,0.41,2026-09-12,1938,N21,VIIRS,n,2.0NRT,291.87,2.5,N
22.57237,85.89285,327.34,0.52,0.41,2026-09-12,1938,N21,VIIRS,n,2.0NRT,291.65,5.38,N
22.59007,85.90559,305.68,0.52,0.41,2026-09-12,1938,N21,VIIRS,n,2.0NRT,290.87,1.33,N
22.6084,85.91337,309.13,0.52,0.41,2026-09-12,1938,N21,VIIRS,n,2.0NRT,291.35,1.98,N
22.78988,86.21069,310.1,0.5,0.41,2026-09-12,1938,N21,VIIRS,n,2.0NRT,291.36,1.42,N
22.79051,86.20585,307.16,0.5,0.41,2026-09-12,1938,N21,VIIRS,n,2.0NRT,291.62,1.42,N
22.79488,86.20152,310.47,0.5,0.41,2026-09-12,1938,N21,VIIRS,n,2.0NRT,291.17,3.42,N
22.79863,86.20203,305.59,0.5,0.41,2026-09-12,1938,N21,VIIRS,n,2.0NRT,291.21,1.33,N
22.80953,86.08892,304.7,0.51,0.41,2026-09-12,1938,N21,VIIRS,n,2.0NRT,291.09,1.29,N
22.87329,88.21279,308.67,0.42,0.37,2026-09-12,1938,N21,VIIRS,n,2.0NRT,290.98,2.4,N
22.87513,86.0611,309.14,0.51,0.41,2026-09-12,1938,N21,VIIRS,n,2.0NRT,291.45,1.85,N
23.48057,87.3631,310.26,0.45,0.39,2026-09-12,1938,N21,VIIRS,n,2.0NRT,290.82,1.61,N
23.48116,87.35871,307.62,0.45,0.39,2026-09-12,1938,N21,VIIRS,n,2.0NRT,290.98,1.61,N
23.48412,87.36367,322.15,0.45,0.39,2026-09-12,1938,N21,VIIRS,n,2.0NRT,290.37,1.61,N
23.55113,86.54237,306.62,0.49,0.4,2026-09-12,1938,N21,VIIRS,n,2.0NRT,291.04,1.9,N
23.55564,87.23958,305.83,0.46,0.39,2026-09-12,1938,N21,VIIRS,n,2.0NRT,290.97,6.35,N
23.55922,87.24014,337.8,0.46,0.39,2026-09-12,1938,N21,VIIRS,n,2.0NRT,291.44,6.35,N
23.56176,87.23847,305.55,0.46,0.39,2026-09-12,1938,N21,VIIRS,n,2.0NRT,290.57,1.55,N
23.61031,85.67498,302.31,0.55,0.42,2026-09-12,1938,N21,VIIRS,n,2.0NRT,288.46,0.87,N
23.61067,87.14558,303.05,0.46,0.39,2026-09-12,1938,N21,VIIRS,n,2.0NRT,291.0,1.73,N
23.62885,86.29082,311.18,0.51,0.41,2026-09-12,1938,N21,VIIRS,n,2.0NRT,290.73,2.59,N
23.63277,86.83619,304.68,0.48,0.4,2026-09-12,1938,N21,VIIRS,n,2.0NRT,290.8,1.35,N
23.65528,85.50589,307.56,0.56,0.43,2026-09-12,1938,N21,VIIRS,n,2.0NRT,289.34,1.48,N
23.66402,87.15853,312.58,0.46,0.39,2026-09-12,1938,N21,VIIRS,n,2.0NRT,291.01,3.48,N
23.66419,84.99803,310.08,0.4,0.44,2026-09-12,1938,N21,VIIRS,n,2.0NRT,288.78,2.25,N
23.66463,87.15403,320.98,0.46,0.39,2026-09-12,1938,N21,VIIRS,n,2.0NRT,291.59,4.14,N
23.6687,84.99474,303.6,0.4,0.44,2026-09-12,1938,N21,VIIRS,n,2.0NRT,287.36,0.75,N
23.6758,86.10421,319.64,0.52,0.41,2026-09-12,1938,N21,VIIRS,n,2.0NRT,290.46,4.0,N
23.67609,86.39803,316.36,0.5,0.41,2026-09-12,1938,N21,VIIRS,n,2.0NRT,290.22,2.34,N
23.67715,86.40022,313.21,0.5,0.41,2026-09-12,1938,N21,VIIRS,n,2.0NRT,288.22,1.75,N
23.67776,86.39534,309.66,0.5,0.41,2026-09-12,1938,N21,VIIRS,n,2.0NRT,289.52,1.75,N
23.67839,86.08393,306.0,0.52,0.42,2026-09-12,1938,N21,VIIRS,n,2.0NRT,290.42,2.62,N
23.67982,86.39861,304.16,0.5,0.41,2026-09-12,1938,N21,VIIRS,n,2.0NRT,287.42,2.34,N
23.6809,86.09462,316.23,0.52,0.42,2026-09-12,1938,N21,VIIRS,n,2.0NRT,289.67,3.23,N
23.6815,86.39594,308.52,0.5,0.41,2026-09-12,1938,N21,VIIRS,n,2.0NRT,288.6,1.75,N
23.68587,86.39157,316.58,0.5,0.41,2026-09-12,1938,N21,VIIRS,n,2.0NRT,290.46,3.52,N
23.69436,85.28903,301.44,0.38,0.43,2026-09-12,1938,N21,VIIRS,n,2.0NRT,283.41,1.08,N
23.69543,85.36773,301.91,0.57,0.43,2026-09-12,1938,N21,VIIRS,n,2.0NRT,284.77,1.12,N
23.69675,85.35658,300.75,0.57,0.43,2026-09-12,1938,N21,VIIRS,n,2.0NRT,285.16,1.34,N
23.69687,85.3662,299.75,0.57,0.43,2026-09-12,1938,N21,VIIRS,n,2.0NRT,283.65,1.44,N
23.69873,86.07649,306.19,0.52,0.42,2026-09-12,1938,N21,VIIRS,n,2.0NRT,285.61,1.38,N
23.71263,86.45056,298.49,0.5,0.41,2026-09-12,1938,N21,VIIRS,n,2.0NRT,281.64,1.05,N
23.71265,86.42067,300.67,0.5,0.41,2026-09-12,1938,N21,VIIRS,n,2.0NRT,282.85,1.47,N
23.71344,85.28403,297.42,0.38,0.44,2026-09-12,1938,N21,VIIRS,n,2.0NRT,278.36,0.63,N
23.72049,85.0099,304.51,0.4,0.44,2026-09-12,1938,N21,VIIRS,n,2.0NRT,287.54,1.38,N
23.75253,85.85485,307.19,0.54,0.42,2026-09-12,1938,N21,VIIRS,n,2.0NRT,290.49,2.27,N
23.75639,85.85545,312.34,0.54,0.42,2026-09-12,1938,N21,VIIRS,n,2.0NRT,291.16,2.27,N
23.76132,86.39812,311.86,0.5,0.41,2026-09-12,1938,N21,VIIRS,n,2.0NRT,290.76,3.03,N
23.76442,86.40362,318.44,0.5,0.41,2026-09-12,1938,N21,VIIRS,n,2.0NRT,290.18,3.03,N
23.76816,86.40417,304.37,0.5,0.41,2026-09-12,1938,N21,VIIRS,n,2.0NRT,288.43,1.58,N
23.7733,86.36485,329.62,0.5,0.41,2026-09-12,1938,N21,VIIRS,n,2.0NRT,291.61,6.91,N
23.77447,86.38514,309.93,0.5,0.41,2026-09-12,1938,N21,VIIRS,n,2.0NRT,290.94,2.69,N
23.77757,86.39063,324.18,0.5,0.41,2026-09-12,1938,N21,VIIRS,n,2.0NRT,290.79,2.22,N
23.7782,86.20853,312.53,0.51,0.41,2026-09-12,1938,N21,VIIRS,n,2.0NRT,291.84,1.77,N
23.77901,86.38809,325.06,0.5,0.41,2026-09-12,1938,N21,VIIRS,n,2.0NRT,291.53,5.58,N
23.77963,86.34565,308.03,0.51,0.41,2026-09-12,1938,N21,VIIRS,n,2.0NRT,290.89,1.96,N
23.78131,86.3912,305.36,0.5,0.41,2026-09-12,1938,N21,VIIRS,n,2.0NRT,289.0,2.22,N
23.78197,86.20911,304.93,0.51,0.41,2026-09-12,1938,N21,VIIRS,n,2.0NRT,290.4,1.77,N
23.78896,85.55489,297.8,0.56,0.43,2026-09-12,1938,N21,VIIRS,n,2.0NRT,282.55,0.13,N
23.79399,86.35288,314.24,0.51,0.41,2026-09-12,1938,N21,VIIRS,n,2.0NRT,291.13,3.8,N
23.79459,86.3552,314.05,0.51,0.41,2026-09-12,1938,N21,VIIRS,n,2.0NRT,290.77,2.08,N
23.79522,86.35023,305.82,0.51,0.41,2026-09-12,1938,N21,VIIRS,n,2.0NRT,290.46,2.08,N
23.79897,86.35081,308.55,0.51,0.41,2026-09-12,1938,N21,VIIRS,n,2.0NRT,291.08,2.35,N
23.80145,86.33105,315.03,0.51,0.41,2026-09-12,1938,N21,VIIRS,n,2.0NRT,291.35,2.15,N
23.8027,86.32107,305.09,0.51,0.41,2026-09-12,1938,N21,VIIRS,n,2.0NRT,290.9,3.65,N
23.80521,86.33162,311.78,0.51,0.41,2026-09-12,1938,N21,VIIRS,n,2.0NRT,291.13,2.15,N
23.82537,84.57391,305.57,0.42,0.46,2026-09-12,1938,N21,VIIRS,n,2.0NRT,282.86,2.05,N
23.83998,84.9466,299.11,0.4,0.44,2026-09-12,1938,N21,VIIRS,n,2.0NRT,280.75,0.52,N
24.11474,86.85886,310.26,0.48,0.4,2026-09-12,1938,N21,VIIRS,n,2.0NRT,291.01,1.67,N
24.19647,82.71571,301.49,0.56,0.51,2026-09-12,1938,N21,VIIRS,n,2.0NRT,286.56,2.58,N
24.19791,82.71751,299.47,0.56,0.51,2026-09-12,1938,N21,VIIRS,n,2.0NRT,286.45,1.13,N
24.20323,82.71207,300.17,0.56,0.51,2026-09-12,1938,N21,VIIRS,n,2.0NRT,287.25,1.13,N
24.20655,82.711,299.91,0.56,0.51,2026-09-12,1938,N21,VIIRS,n,2.0NRT,287.13,2.98,N
24.65422,91.93871,307.82,0.39,0.36,2026-09-12,1938,N21,VIIRS,n,2.0NRT,291.26,2.47,N
24.9241,84.15478,306.06,0.46,0.47,2026-09-12,1938,N21,VIIRS,n,2.0NRT,288.32,2.16,N
25.43283,86.08572,304.67,0.55,0.42,2026-09-12,1938,N21,VIIRS,n,2.0NRT,275.73,1.25,N
25.43429,86.08202,306.85,0.55,0.42,2026-09-12,1938,N21,VIIRS,n,2.0NRT,277.1,1.82,N
25.54086,91.23626,304.56,0.38,0.36,2026-09-12,1938,N21,VIIRS,n,2.0NRT,287.27,0.72,N
26.64382,79.47578,303.94,0.48,0.65,2026-09-12,1938,N21,VIIRS,n,2.0NRT,283.93,1.16,N
27.32448,95.27667,306.73,0.47,0.4,2026-09-12,1938,N21,VIIRS,n,2.0NRT,284.41,1.41,N
27.37759,95.08962,308.47,0.46,0.39,2026-09-12,1938,N21,VIIRS,n,2.0NRT,290.81,1.35,N
27.37792,95.33338,310.02,0.48,0.4,2026-09-12,1938,N21,VIIRS,n,2.0NRT,282.06,1.93,N
28.34749,77.23125,303.91,0.69,0.74,2026-09-12,1938,N21,VIIRS,n,2.0NRT,281.95,1.4,N
28.34895,77.23016,304.16,0.69,0.74,2026-09-12,1938,N21,VIIRS,n,2.0NRT,281.34,1.44,N
28.36982,77.22448,307.09,0.69,0.74,2026-09-12,1938,N21,VIIRS,n,2.0NRT,285.15,2.5,N
14.58824,78.58073,307.48,0.4,0.6,2026-09-12,1940,N21,VIIRS,n,2.0NRT,288.43,4.13,N
15.16857,76.37953,295.63,0.57,0.69,2026-09-12,1940,N21,VIIRS,n,2.0NRT,272.3,1.22,N
19.0969,82.16512,297.05,0.52,0.5,2026-09-12,1940,N21,VIIRS,n,2.0NRT,276.28,1.84,N
20.75886,85.29892,315.6,0.53,0.42,2026-09-12,1940,N21,VIIRS,n,2.0NRT,291.18,2.06,N
20.75953,85.2938,311.72,0.53,0.42,2026-09-12,1940,N21,VIIRS,n,2.0NRT,291.28,2.06,N
20.78661,85.26652,310.77,0.53,0.42,2026-09-12,1940,N21,VIIRS,n,2.0NRT,290.85,1.77,N
20.78727,85.26144,309.81,0.53,0.42,2026-09-12,1940,N21,VIIRS,n,2.0NRT,291.03,2.42,N
20.79246,85.25185,329.1,0.53,0.42,2026-09-12,1940,N21,VIIRS,n,2.0NRT,291.66,3.91,N
20.79437,85.254,330.88,0.53,0.42,2026-09-12,1940,N21,VIIRS,n,2.0NRT,291.74,11.96,N
20.79631,85.2524,328.81,0.53,0.42,2026-09-12,1940,N21,VIIRS,n,2.0NRT,291.0,3.91,N
20.79758,85.25964,305.13,0.53,0.42,2026-09-12,1940,N21,VIIRS,n,2.0NRT,290.18,1.16,N
20.79949,85.25804,303.75,0.53,0.42,2026-09-12,1940,N21,VIIRS,n,2.0NRT,290.0,1.28,N
20.80593,85.2556,318.37,0.53,0.42,2026-09-12,1940,N21,VIIRS,n,2.0NRT,291.0,2.06,N
20.80978,85.25613,304.25,0.53,0.42,2026-09-12,1940,N21,VIIRS,n,2.0NRT,289.79,2.06,N
20.86255,84.99429,306.55,0.55,0.43,2026-09-12,1940,N21,VIIRS,n,2.0NRT,291.91,2.21,N
20.86321,84.98904,329.03,0.55,0.43,2026-09-12,1940,N21,VIIRS,n,2.0NRT,292.47,2.21,N
20.86647,84.99485,305.83,0.55,0.43,2026-09-12,1940,N21,VIIRS,n,2.0NRT,292.12,2.21,N
20.88413,84.98122,318.86,0.55,0.43,2026-09-12,1940,N21,VIIRS,n,2.0NRT,291.58,3.76,N
20.88806,84.98174,310.58,0.55,0.43,2026-09-12,1940,N21,VIIRS,n,2.0NRT,291.54,2.33,N
20.95039,86.04722,327.83,0.49,0.4,2026-09-12,1940,N21,VIIRS,n,2.0NRT,292.11,6.59,N
20.951,86.04254,308.6,0.49,0.4,2026-09-12,1940,N21,VIIRS,n,2.0NRT,291.77,2.0,N
20.9559,85.01449,310.09,0.55,0.43,2026-09-12,1940,N21,VIIRS,n,2.0NRT,292.44,3.02,N
20.96135,85.19098,316.03,0.54,0.42,2026-09-12,1940,N21,VIIRS,n,2.0NRT,291.08,1.54,N
20.962,85.18585,317.43,0.54,0.42,2026-09-12,1940,N21,VIIRS,n,2.0NRT,290.83,4.77,N
20.96211,86.01562,306.16,0.49,0.4,2026-09-12,1940,N21,VIIRS,n,2.0NRT,291.56,2.54,N
20.96332,85.17551,315.42,0.54,0.42,2026-09-12,1940,N21,VIIRS,n,2.0NRT,289.8,2.09,N
20.96335,86.00627,323.34,0.49,0.4,2026-09-12,1940,N21,VIIRS,n,2.0NRT,292.14,4.44,N
20.96398,85.17031,309.29,0.54,0.42,2026-09-12,1940,N21,VIIRS,n,2.0NRT,289.02,2.09,N
20.96465,85.16509,306.18,0.54,0.42,2026-09-12,1940,N21,VIIRS,n,2.0NRT,289.08,1.4,N
20.96522,85.19154,306.24,0.54,0.42,2026-09-12,1940,N21,VIIRS,n,2.0NRT,291.08,1.54,N
20.96531,85.15987,307.45,0.54,0.42,2026-09-12,1940,N21,VIIRS,n,2.0NRT,288.66,1.4,N
20.96643,86.01149,320.17,0.49,0.4,2026-09-12,1940,N21,VIIRS,n,2.0NRT,292.7,2.54,N
20.9672,85.17605,322.57,0.54,0.42,2026-09-12,1940,N21,VIIRS,n,2.0NRT,290.22,2.09,N
20.96787,85.17083,305.81,0.54,0.42,2026-09-12,1940,N21,VIIRS,n,2.0NRT,288.85,2.09,N
20.96889,86.02138,309.1,0.49,0.4,2026-09-12,1940,N21,VIIRS,n,2.0NRT,291.86,2.36,N
20.96986,85.1552,309.11,0.54,0.42,2026-09-12,1940,N21,VIIRS,n,2.0NRT,288.69,2.69,N
20.97108,85.17659,313.31,0.54,0.42,2026-09-12,1940,N21,VIIRS,n,2.0NRT,290.44,2.37,N
20.97445,86.0079,306.63,0.49,0.4,2026-09-12,1940,N21,VIIRS,n,2.0NRT,291.33,3.71,N
20.97563,85.1719,316.7,0.54,0.42,2026-09-12,1940,N21,VIIRS,n,2.0NRT,290.11,2.37,N
21.00215,86.02635,312.01,0.49,0.4,2026-09-12,1940,N21,VIIRS,n,2.0NRT,291.88,3.11,N
21.07204,85.04431,306.87,0.55,0.43,2026-09-12,1940,N21,VIIRS,n,2.0NRT,291.45,1.71,N
21.07596,85.04484,311.44,0.55,0.43,2026-09-12,1940,N21,VIIRS,n,2.0NRT,292.03,1.71,N
21.07663,85.03953,312.21,0.55,0.43,2026-09-12,1940,N21,VIIRS,n,2.0NRT,292.53,4.67,N
21.08121,85.03476,308.22,0.55,0.43,2026-09-12,1940,N21,VIIRS,n,2.0NRT,291.7,1.98,N
8.97767,80.67373,304.19,0.48,0.48,2026-09-12,1942,N21,VIIRS,n,2.0NRT,284.18,1.16,N
6.61667,80.86543,337.86,0.43,0.46,2026-09-12,1945,N21,VIIRS,n,2.0NRT,290.23,4.75,N
7.00607,81.56921,309.28,0.39,0.44,2026-09-12,1945,N21,VIIRS,n,2.0NRT,290.8,1.11,N
7.37025,81.38673,311.58,0.41,0.45,2026-09-12,1945,N21,VIIRS,n,2.0NRT,290.38,2.06,N
31.24832,76.92965,300.13,0.32,0.55,2026-09-12,2116,N21,VIIRS,n,2.0NRT,287.62,0.48,N
31.25948,76.92677,302.91,0.32,0.55,2026-09-12,2116,N21,VIIRS,n,2.0NRT,287.79,0.76,N
32.57404,72.56458,307.3,0.53,0.42,2026-09-12,2116,N21,VIIRS,n,2.0NRT,296.34,3.44,N
32.72028,72.92151,305.99,0.54,0.42,2026-09-12,2116,N21,VIIRS,n,2.0NRT,293.98,0.93,N
32.88754,71.61716,312.96,0.47,0.4,2026-09-12,2116,N21,VIIRS,n,2.0NRT,297.3,3.41,N
32.88812,71.61903,310.05,0.47,0.4,2026-09-12,2116,N21,VIIRS,n,2.0NRT,297.07,2.61,N
33.21862,71.48866,331.5,0.46,0.39,2026-09-12,2116,N21,VIIRS,n,2.0NRT,294.64,5.01,N
33.29602,71.18752,312.08,0.45,0.39,2026-09-12,2116,N21,VIIRS,n,2.0NRT,294.95,1.5,N
33.2966,71.18449,307.11,0.45,0.39,2026-09-12,2116,N21,VIIRS,n,2.0NRT,294.57,0.91,N
33.54422,71.55211,306.81,0.46,0.39,2026-09-12,2116,N21,VIIRS,n,2.0NRT,294.61,1.07,N
26.25882,74.09476,306.58,0.56,0.52,2026-09-12,2118,N21,VIIRS,n,2.0NRT,284.9,0.99,N
26.64012,79.48239,300.65,0.59,0.7,2026-09-12,2118,N21,VIIRS,n,2.0NRT,280.69,0.61,N
27.66586,76.12849,303.37,0.35,0.57,2026-09-12,2118,N21,VIIRS,n,2.0NRT,288.71,1.22,N
28.05047,69.37026,309.0,0.44,0.38,2026-09-12,2118,N21,VIIRS,n,2.0NRT,296.73,0.45,N
28.34514,77.23048,308.47,0.39,0.59,2026-09-12,2118,N21,VIIRS,n,2.0NRT,287.7,1.02,N
28.37166,77.22452,305.06,0.39,0.59,2026-09-12,2118,N21,VIIRS,n,2.0NRT,287.46,1.08,N
28.42589,69.69963,319.67,0.45,0.39,2026-09-12,2118,N21,VIIRS,n,2.0NRT,296.71,2.19,N
30.44688,70.56768,309.06,0.46,0.39,2026-09-12,2118,N21,VIIRS,n,2.0NRT,296.9,1.22,N
25.38592,68.58326,313.11,0.44,0.38,2026-09-12,2121,N21,VIIRS,n,2.0NRT,286.15,1.55,N
15.65567,73.98708,301.86,0.45,0.63,2026-09-12,2123,N21,VIIRS,n,2.0NRT,281.18,1.05,N
15.9894,97.68867,334.49,0.4,0.37,2026-09-13,650,N21,VIIRS,n,2.0NRT,293.45,4.61,D
17.8471,95.08736,331.67,0.39,0.36,2026-09-13,650,N21,VIIRS,n,2.0NRT,297.34,2.33,D
18.15625,96.45904,334.63,0.39,0.36,2026-09-13,650,N21,VIIRS,n,2.0NRT,299.14,7.03,D
19.42887,96.0562,330.94,0.39,0.36,2026-09-13,650,N21,VIIRS,n,2.0NRT,298.59,2.08,D
20.94607,95.85555,334.33,0.39,0.36,2026-09-13,650,N21,VIIRS,n,2.0NRT,300.44,4.05,D
22.01296,97.17343,330.58,0.42,0.37,2026-09-13,650,N21,VIIRS,n,2.0NRT,293.76,2.33,D
22.30986,97.83076,337.72,0.44,0.39,2026-09-13,650,N21,VIIRS,n,2.0NRT,300.29,4.59,D
22.47214,91.73652,331.06,0.45,0.39,2026-09-13,652,N21,VIIRS,n,2.0NRT,298.06,3.2,D
23.6387,97.00668,334.66,0.42,0.38,2026-09-13,652,N21,VIIRS,n,2.0NRT,297.16,3.79,D
23.94453,96.09525,333.32,0.4,0.37,2026-09-13,652,N21,VIIRS,n,2.0NRT,297.76,5.75,D
24.32326,94.82581,338.47,0.39,0.36,2026-09-13,652,N21,VIIRS,n,2.0NRT,295.51,4.48,D
26.68032,96.22619,332.47,0.42,0.38,2026-09-13,652,N21,VIIRS,n,2.0NRT,297.17,2.1,D
27.73957,96.29856,331.02,0.43,0.38,2026-09-13,652,N21,VIIRS,n,2.0NRT,291.3,5.09,D
27.76925,96.00028,330.29,0.42,0.38,2026-09-13,652,N21,VIIRS,n,2.0NRT,295.09,7.85,D
28.25653,95.64436,333.72,0.42,0.37,2026-09-13,652,N21,VIIRS,n,2.0NRT,294.39,4.77,D
29.16664,89.05265,326.2,0.49,0.4,2026-09-13,654,N21,VIIRS,n,2.0NRT,293.43,2.54,D
6.56199,80.9104,344.03,0.59,0.53,2026-09-13,828,N21,VIIRS,n,2.0NRT,292.71,9.93,D
6.84954,81.74194,367.0,0.34,0.56,2026-09-13,828,N21,VIIRS,h,2.0NRT,294.32,11.25,D
7.01906,81.37799,337.67,0.32,0.55,2026-09-13,828,N21,VIIRS,n,2.0NRT,285.41,3.32,D
7.28559,81.23047,346.04,0.32,0.54,2026-09-13,828,N21,VIIRS,n,2.0NRT,291.82,5.47,D
7.30684,81.12773,333.27,0.63,0.54,2026-09-13,828,N21,VIIRS,n,2.0NRT,292.22,9.12,D
7.32698,81.23632,349.16,0.32,0.54,2026-09-13,828,N21,VIIRS,n,2.0NRT,294.54,5.56,D
7.47962,80.9305,339.48,0.61,0.53,2026-09-13,828,N21,VIIRS,n,2.0NRT,292.47,8.73,D
7.56578,80.95718,341.75,0.61,0.54,2026-09-13,828,N21,VIIRS,n,2.0NRT,294.91,18.12,D
7.57936,80.98353,339.34,0.62,0.54,2026-09-13,828,N21,VIIRS,n,2.0NRT,295.78,8.34,D
7.59758,81.04347,331.29,0.62,0.54,2026-09-13,828,N21,VIIRS,n,2.0NRT,293.32,5.2,D
7.61622,80.09357,330.23,0.54,0.51,2026-09-13,828,N21,VIIRS,n,2.0NRT,292.28,6.08,D
7.61663,80.09145,330.22,0.54,0.51,2026-09-13,828,N21,VIIRS,n,2.0NRT,292.64,3.49,D
7.70251,80.63237,339.67,0.59,0.53,2026-09-13,828,N21,VIIRS,n,2.0NRT,292.78,8.78,D
7.703,80.63457,339.88,0.59,0.53,2026-09-13,828,N21,VIIRS,n,2.0NRT,292.38,8.95,D
7.76048,80.62672,336.01,0.59,0.53,2026-09-13,828,N21,VIIRS,n,2.0NRT,293.16,3.57,D
7.76191,81.57713,347.52,0.34,0.56,2026-09-13,828,N21,VIIRS,n,2.0NRT,299.28,3.71,D
7.80841,80.12409,340.15,0.54,0.51,2026-09-13,828,N21,VIIRS,n,2.0NRT,292.71,7.64,D
7.84783,80.54978,333.8,0.58,0.52,2026-09-13,828,N21,VIIRS,n,2.0NRT,294.65,9.59,D
7.85741,80.54849,334.63,0.58,0.52,2026-09-13,828,N21,VIIRS,n,2.0NRT,294.92,7.13,D
7.86606,80.61155,332.21,0.59,0.53,2026-09-13,828,N21,VIIRS,n,2.0NRT,295.83,4.62,D
7.87962,80.6746,335.19,0.59,0.53,2026-09-13,828,N21,VIIRS,n,2.0NRT,294.4,6.19,D
7.88576,81.12782,367.0,0.32,0.55,2026-09-13,828,N21,VIIRS,h,2.0NRT,294.14,9.55,D
7.88918,80.20518,333.38,0.55,0.51,2026-09-13,828,N21,VIIRS,n,2.0NRT,292.31,2.76,D
7.92068,80.22617,331.27,0.55,0.51,2026-09-13,828,N21,VIIRS,n,2.0NRT,292.02,3.46,D
7.92992,80.18957,340.03,0.55,0.51,2026-09-13,828,N21,VIIRS,n,2.0NRT,293.44,5.99,D
7.93125,80.55211,345.35,0.58,0.52,2026-09-13,828,N21,VIIRS,n,2.0NRT,295.84,11.57,D
7.9431,79.94717,331.76,0.53,0.5,2026-09-13,828,N21,VIIRS,n,2.0NRT,293.07,6.22,D
7.94774,80.42298,332.18,0.57,0.52,2026-09-13,828,N21,VIIRS,n,2.0NRT,290.38,7.13,D
8.0092,80.19059,340.64,0.55,0.51,2026-09-13,828,N21,VIIRS,n,2.0NRT,293.47,12.79,D
8.01683,80.6076,335.84,0.59,0.53,2026-09-13,828,N21,VIIRS,n,2.0NRT,295.5,9.92,D
8.01757,80.61015,336.4,0.59,0.53,2026-09-13,828,N21,VIIRS,n,2.0NRT,295.57,9.38,D
8.02779,80.36233,330.16,0.57,0.52,2026-09-13,828,N21,VIIRS,n,2.0NRT,292.27,7.19,D
8.0292,80.16267,334.16,0.55,0.51,2026-09-13,828,N21,VIIRS,n,2.0NRT,294.67,6.46,D
8.03683,80.42897,333.29,0.57,0.52,2026-09-13,828,N21,VIIRS,n,2.0NRT,294.65,9.92,D
8.03878,80.232,332.72,0.56,0.51,2026-09-13,828,N21,VIIRS,n,2.0NRT,294.37,5.77,D
8.03901,80.00057,344.55,0.54,0.51,2026-09-13,828,N21,VIIRS,n,2.0NRT,292.84,30.68,D
8.03994,80.00211,342.89,0.54,0.51,2026-09-13,828,N21,VIIRS,n,2.0NRT,292.96,22.24,D
8.04089,80.42314,334.82,0.57,0.52,2026-09-13,828,N21,VIIRS,n,2.0NRT,293.13,8.27,D
8.04159,80.42829,336.35,0.57,0.52,2026-09-13,828,N21,VIIRS,n,2.0NRT,294.35,8.27,D
8.0462,80.39101,333.45,0.57,0.52,2026-09-13,828,N21,VIIRS,n,2.0NRT,293.67,3.72,D
8.05466,80.59686,335.34,0.59,0.53,2026-09-13,828,N21,VIIRS,n,2.0NRT,296.28,6.91,D
8.0726,81.26368,367.0,0.33,0.55,2026-09-13,828,N21,VIIRS,h,2.0NRT,292.61,11.34,D
8.07765,81.26299,337.9,0.33,0.55,2026-09-13,828,N21,VIIRS,n,2.0NRT,291.35,4.78,D
8.09173,80.76154,330.58,0.61,0.53,2026-09-13,828,N21,VIIRS,n,2.0NRT,292.09,5.09,D
8.09729,80.55213,343.56,0.59,0.53,2026-09-13,828,N21,VIIRS,n,2.0NRT,294.83,10.5,D
8.0977,80.55312,341.82,0.59,0.53,2026-09-13,828,N21,VIIRS,n,2.0NRT,295.53,8.69,D
8.11767,80.05849,330.33,0.54,0.51,2026-09-13,828,N21,VIIRS,n,2.0NRT,288.97,1.99,D
8.15253,80.45384,330.38,0.58,0.52,2026-09-13,828,N21,VIIRS,n,2.0NRT,295.87,9.6,D
8.1573,80.45317,341.75,0.58,0.52,2026-09-13,828,N21,VIIRS,n,2.0NRT,295.51,9.6,D
8.16143,80.59212,333.41,0.59,0.53,2026-09-13,828,N21,VIIRS,n,2.0NRT,296.06,11.63,D
8.17278,80.5311,332.48,0.59,0.53,2026-09-13,828,N21,VIIRS,n,2.0NRT,293.39,7.79,D
8.17638,80.55755,340.02,0.59,0.53,2026-09-13,828,N21,VIIRS,n,2.0NRT,294.09,16.53,D
8.18231,80.30593,331.15,0.57,0.52,2026-09-13,828,N21,VIIRS,n,2.0NRT,294.33,4.07,D
8.18649,80.63194,332.53,0.6,0.53,2026-09-13,828,N21,VIIRS,n,2.0NRT,291.11,4.38,D
8.19665,80.59811,341.18,0.59,0.53,2026-09-13,828,N21,VIIRS,n,2.0NRT,294.66,9.25,D
8.20092,80.34748,330.18,0.57,0.52,2026-09-13,828,N21,VIIRS,n,2.0NRT,294.02,2.71,D
8.20912,80.68921,332.25,0.6,0.53,2026-09-13,828,N21,VIIRS,n,2.0NRT,294.01,12.1,D
8.22508,80.40976,341.47,0.58,0.52,2026-09-13,828,N21,VIIRS,n,2.0NRT,295.26,16.64,D
8.22578,80.41499,340.9,0.58,0.52,2026-09-13,828,N21,VIIRS,n,2.0NRT,294.77,14.0,D
8.22856,80.68656,335.77,0.6,0.53,2026-09-13,828,N21,VIIRS,n,2.0NRT,294.26,5.06,D
8.2373,80.39221,336.0,0.57,0.52,2026-09-13,828,N21,VIIRS,n,2.0NRT,294.61,7.93,D
8.23979,80.69616,336.45,0.6,0.53,2026-09-13,828,N21,VIIRS,n,2.0NRT,290.18,6.47,D
8.243,80.69344,338.4,0.6,0.53,2026-09-13,828,N21,VIIRS,n,2.0NRT,291.58,8.1,D
8.2615,80.32092,333.48,0.57,0.52,2026-09-13,828,N21,VIIRS,n,2.0NRT,295.01,8.67,D
8.29764,80.54935,354.29,0.59,0.53,2026-09-13,828,N21,VIIRS,n,2.0NRT,295.74,24.78,D
8.30056,80.57065,342.26,0.59,0.53,2026-09-13,828,N21,VIIRS,n,2.0NRT,294.23,11.46,D
8.30508,80.71282,333.32,0.61,0.53,2026-09-13,828,N21,VIIRS,n,2.0NRT,294.52,7.39,D
8.31219,80.72861,335.03,0.61,0.53,2026-09-13,828,N21,VIIRS,n,2.0NRT,294.51,17.1,D
8.33322,80.73698,338.27,0.61,0.53,2026-09-13,828,N21,VIIRS,n,2.0NRT,294.65,7.17,D
8.33829,81.30543,355.34,0.33,0.56,2026-09-13,828,N21,VIIRS,n,2.0NRT,294.35,8.78,D
8.34048,80.6557,331.29,0.6,0.53,2026-09-13,828,N21,VIIRS,n,2.0NRT,294.29,11.41,D
8.3414,80.65239,336.22,0.6,0.53,2026-09-13,828,N21,VIIRS,n,2.0NRT,294.58,10.11,D
8.35588,80.29491,334.1,0.57,0.52,2026-09-13,828,N21,VIIRS,n,2.0NRT,294.46,5.46,D
8.3606,81.31765,332.45,0.33,0.56,2026-09-13,828,N21,VIIRS,n,2.0NRT,294.27,3.16,D
8.36272,80.48936,333.4,0.59,0.53,2026-09-13,828,N21,VIIRS,n,2.0NRT,290.81,5.42,D
8.36336,80.64168,336.65,0.6,0.53,2026-09-13,828,N21,VIIRS,n,2.0NRT,294.92,5.26,D
8.36421,80.18029,335.6,0.56,0.51,2026-09-13,828,N21,VIIRS,n,2.0NRT,292.97,6.21,D
8.37162,80.48279,330.71,0.59,0.53,2026-09-13,828,N21,VIIRS,n,2.0NRT,294.18,6.82,D
8.37215,81.24903,349.39,0.33,0.55,2026-09-13,828,N21,VIIRS,n,2.0NRT,293.6,5.25,D
8.37989,80.61746,336.89,0.6,0.53,2026-09-13,828,N21,VIIRS,n,2.0NRT,296.39,7.0,D
8.38475,80.61683,334.95,0.6,0.53,2026-09-13,828,N21,VIIRS,n,2.0NRT,295.27,7.0,D
8.38734,81.24701,336.55,0.33,0.55,2026-09-13,828,N21,VIIRS,n,2.0NRT,294.74,2.76,D
8.39927,80.50613,340.12,0.59,0.53,2026-09-13,828,N21,VIIRS,n,2.0NRT,293.33,10.55,D
8.40659,80.66884,330.7,0.6,0.53,2026-09-13,828,N21,VIIRS,n,2.0NRT,295.08,5.94,D
8.42718,80.60968,337.85,0.6,0.53,2026-09-13,828,N21,VIIRS,n,2.0NRT,296.46,10.34,D
8.42836,80.61076,337.93,0.6,0.53,2026-09-13,828,N21,VIIRS,n,2.0NRT,296.05,7.22,D
8.42951,80.58326,331.27,0.6,0.53,2026-09-13,828,N21,VIIRS,n,2.0NRT,296.66,8.48,D
8.43203,80.60901,332.1,0.6,0.53,2026-09-13,828,N21,VIIRS,n,2.0NRT,295.36,10.34,D
8.43322,80.61012,331.34,0.6,0.53,2026-09-13,828,N21,VIIRS,n,2.0NRT,295.03,7.22,D
8.43337,80.58144,342.02,0.6,0.53,2026-09-13,828,N21,VIIRS,n,2.0NRT,296.11,12.46,D
8.43435,80.5826,340.89,0.6,0.53,2026-09-13,828,N21,VIIRS,n,2.0NRT,294.56,3.95,D
8.46417,80.4798,334.65,0.59,0.53,2026-09-13,828,N21,VIIRS,n,2.0NRT,290.66,6.6,D
8.47655,80.64687,335.38,0.6,0.53,2026-09-13,828,N21,VIIRS,n,2.0NRT,293.05,3.97,D
8.49624,80.24042,338.64,0.57,0.52,2026-09-13,828,N21,VIIRS,n,2.0NRT,291.37,8.19,D
8.50137,80.61045,331.95,0.6,0.53,2026-09-13,828,N21,VIIRS,n,2.0NRT,293.52,6.43,D
8.51375,80.59233,339.14,0.6,0.53,2026-09-13,828,N21,VIIRS,n,2.0NRT,293.55,10.02,D
8.51833,80.55355,332.86,0.59,0.53,2026-09-13,828,N21,VIIRS,n,2.0NRT,294.79,11.8,D
8.52348,80.41283,340.27,0.58,0.52,2026-09-13,828,N21,VIIRS,n,2.0NRT,293.49,12.4,D
8.52402,80.41576,342.22,0.58,0.52,2026-09-13,828,N21,VIIRS,n,2.0NRT,293.51,10.7,D
8.53939,80.67155,344.55,0.61,0.53,2026-09-13,828,N21,VIIRS,n,2.0NRT,296.18,15.68,D
8.54215,80.66906,341.97,0.61,0.53,2026-09-13,828,N21,VIIRS,n,2.0NRT,293.16,8.95,D
8.55004,80.42806,340.72,0.58,0.52,2026-09-13,828,N21,VIIRS,n,2.0NRT,290.82,9.82,D
8.56002,78.07714,342.75,0.41,0.45,2026-09-13,828,N21,VIIRS,n,2.0NRT,292.05,4.24,D
8.56377,80.66823,330.53,0.61,0.53,2026-09-13,828,N21,VIIRS,n,2.0NRT,293.22,6.13,D
8.58597,77.99529,339.1,0.4,0.44,2026-09-13,828,N21,VIIRS,n,2.0NRT,289.12,4.45,D
8.59323,80.56812,340.23,0.6,0.53,2026-09-13,828,N21,VIIRS,n,2.0NRT,292.44,42.11,D
8.61431,80.3978,341.92,0.58,0.52,2026-09-13,828,N21,VIIRS,n,2.0NRT,289.7,6.01,D
8.61494,80.4004,340.92,0.58,0.52,2026-09-13,828,N21,VIIRS,n,2.0NRT,288.91,11.15,D
8.62795,80.42538,338.67,0.59,0.53,2026-09-13,828,N21,VIIRS,n,2.0NRT,287.11,8.86,D
8.62823,80.42798,338.12,0.59,0.52,2026-09-13,828,N21,VIIRS,n,2.0NRT,287.74,9.43,D
8.65732,80.35207,340.73,0.58,0.52,2026-09-13,828,N21,VIIRS,n,2.0NRT,290.47,10.75,D
8.70618,81.10874,348.98,0.33,0.55,2026-09-13,828,N21,VIIRS,n,2.0NRT,294.05,4.81,D
9.71718,78.94819,341.37,0.48,0.48,2026-09-13,828,N21,VIIRS,n,2.0NRT,289.59,5.28,D
9.71753,78.94925,342.23,0.48,0.48,2026-09-13,828,N21,VIIRS,n,2.0NRT,289.11,5.02,D
9.79343,78.81542,339.98,0.47,0.48,2026-09-13,828,N21,VIIRS,n,2.0NRT,288.55,4.69,D
14.63823,80.02961,339.71,0.33,0.56,2026-09-13,830,N21,VIIRS,n,2.0NRT,284.81,7.88,D
15.44039,76.75618,334.84,0.41,0.45,2026-09-13,830,N21,VIIRS,n,2.0NRT,300.45,9.55,D
15.65807,76.34846,331.78,0.39,0.44,2026-09-13,830,N21,VIIRS,n,2.0NRT,292.58,1.62,D
21.7471,83.8422,348.28,0.73,0.76,2026-09-13,833,N21,VIIRS,n,2.0NRT,286.01,20.35,D
21.74762,83.84351,341.73,0.73,0.76,2026-09-13,833,N21,VIIRS,n,2.0NRT,285.28,20.92,D
23.12085,70.08622,344.08,0.39,0.36,2026-09-13,833,N21,VIIRS,n,2.0NRT,299.37,4.83,D
23.92739,71.50553,335.21,0.42,0.38,2026-09-13,833,N21,VIIRS,n,2.0NRT,298.9,3.85,D
24.82068,69.28185,334.57,0.38,0.36,2026-09-13,835,N21,VIIRS,n,2.0NRT,299.96,2.19,D
25.09991,69.03384,330.54,0.38,0.36,2026-09-13,835,N21,VIIRS,l,2.0NRT,302.45,1.56,D
25.38811,68.58119,337.06,0.38,0.36,2026-09-13,835,N21,VIIRS,n,2.0NRT,305.1,4.23,D
25.45929,68.73104,335.18,0.38,0.36,2026-09-13,835,N21,VIIRS,n,2.0NRT,303.24,1.59,D
26.09378,68.87895,338.02,0.38,0.36,2026-09-13,835,N21,VIIRS,l,2.0NRT,308.19,5.59,D
26.1247,68.94427,332.84,0.38,0.36,2026-09-13,835,N21,VIIRS,l,2.0NRT,304.85,2.85,D
27.73836,68.51983,340.35,0.38,0.36,2026-09-13,835,N21,VIIRS,n,2.0NRT,305.96,18.0,D
27.76999,68.1642,331.09,0.38,0.36,2026-09-13,835,N21,VIIRS,n,2.0NRT,302.67,1.88,D
27.89978,71.84229,340.74,0.47,0.4,2026-09-13,835,N21,VIIRS,n,2.0NRT,307.02,8.62,D
28.05307,69.37003,339.27,0.39,0.37,2026-09-13,835,N21,VIIRS,n,2.0NRT,304.67,5.51,D
28.15295,69.30789,330.54,0.39,0.36,2026-09-13,835,N21,VIIRS,l,2.0NRT,302.1,2.4,D
28.4256,69.70081,334.54,0.4,0.37,2026-09-13,835,N21,VIIRS,l,2.0NRT,305.57,4.65,D
28.52779,68.04312,343.03,0.38,0.36,2026-09-13,835,N21,VIIRS,n,2.0NRT,309.5,9.12,D
30.0489,71.86846,332.22,0.5,0.41,2026-09-13,835,N21,VIIRS,n,2.0NRT,300.71,2.97,D
30.61643,74.1008,351.89,0.44,0.46,2026-09-13,835,N21,VIIRS,n,2.0NRT,301.53,30.79,D
31.0919,73.43374,331.33,0.41,0.45,2026-09-13,835,N21,VIIRS,l,2.0NRT,306.08,8.87,D
31.38006,74.8971,334.89,0.5,0.49,2026-09-13,835,N21,VIIRS,n,2.0NRT,297.83,6.34,D
31.54852,74.82507,334.76,0.5,0.49,2026-09-13,835,N21,VIIRS,n,2.0NRT,298.64,5.51,D
31.70966,75.16199,341.32,0.53,0.5,2026-09-13,835,N21,VIIRS,n,2.0NRT,298.26,11.18,D
31.70993,75.16241,340.87,0.53,0.5,2026-09-13,835,N21,VIIRS,n,2.0NRT,298.53,8.57,D
32.07531,72.408,330.12,0.56,0.43,2026-09-13,835,N21,VIIRS,n,2.0NRT,300.85,1.92,D
32.90236,71.88142,342.5,0.54,0.42,2026-09-13,837,N21,VIIRS,n,2.0NRT,305.88,10.22,D
33.71605,73.99878,339.65,0.48,0.48,2026-09-13,837,N21,VIIRS,n,2.0NRT,297.02,13.48,D
24.93937,97.87523,299.83,0.42,0.37,2026-09-13,1917,N21,VIIRS,n,2.0NRT,287.14,0.42,N
26.58274,93.77743,305.09,0.42,0.37,2026-09-13,1917,N21,VIIRS,n,2.0NRT,291.84,0.46,N
20.86759,96.3922,305.99,0.41,0.37,2026-09-13,1919,N21,VIIRS,n,2.0NRT,290.43,1.07,N
20.95122,86.04872,296.17,0.63,0.54,2026-09-13,1919,N21,VIIRS,n,2.0NRT,273.03,1.95,N
21.17741,81.38749,301.5,0.64,0.72,2026-09-13,1919,N21,VIIRS,n,2.0NRT,284.6,5.16,N
21.17997,81.38425,310.7,0.64,0.72,2026-09-13,1919,N21,VIIRS,n,2.0NRT,284.76,5.58,N
21.19512,81.41978,301.76,0.64,0.72,2026-09-13,1919,N21,VIIRS,n,2.0NRT,283.5,2.57,N
21.19557,81.41378,306.26,0.64,0.72,2026-09-13,1919,N21,VIIRS,n,2.0NRT,283.93,2.94,N
21.19748,81.41651,317.98,0.64,0.72,2026-09-13,1919,N21,VIIRS,n,2.0NRT,283.67,3.7,N
21.37285,81.67832,297.72,0.62,0.71,2026-09-13,1919,N21,VIIRS,n,2.0NRT,275.44,0.86,N
21.37577,81.64222,296.02,0.62,0.71,2026-09-13,1919,N21,VIIRS,n,2.0NRT,275.18,2.07,N
21.37869,81.67963,302.96,0.62,0.71,2026-09-13,1919,N21,VIIRS,n,2.0NRT,279.0,2.17,N
21.59324,96.22859,310.86,0.4,0.37,2026-09-13,1919,N21,VIIRS,n,2.0NRT,293.92,1.68,N
21.6776,84.03869,295.71,0.44,0.62,2026-09-13,1919,N21,VIIRS,n,2.0NRT,272.17,0.54,N
21.75613,84.02188,300.2,0.44,0.62,2026-09-13,1919,N21,VIIRS,n,2.0NRT,280.09,2.82,N
21.88047,97.09915,307.18,0.42,0.38,2026-09-13,1919,N21,VIIRS,n,2.0NRT,291.16,0.93,N
22.13358,85.38276,311.36,0.36,0.57,2026-09-13,1919,N21,VIIRS,n,2.0NRT,284.56,1.22,N
22.21011,84.55067,305.81,0.41,0.61,2026-09-13,1919,N21,VIIRS,n,2.0NRT,286.04,1.06,N
22.32015,82.56496,309.4,0.55,0.68,2026-09-13,1919,N21,VIIRS,n,2.0NRT,285.3,2.57,N
22.32431,82.59199,303.72,0.55,0.68,2026-09-13,1919,N21,VIIRS,n,2.0NRT,285.45,2.09,N
22.3293,82.60853,306.36,0.55,0.68,2026-09-13,1919,N21,VIIRS,n,2.0NRT,285.92,2.54,N
22.3568,87.29144,308.77,0.54,0.51,2026-09-13,1919,N21,VIIRS,n,2.0NRT,288.12,2.45,N
22.36288,87.02039,306.97,0.57,0.52,2026-09-13,1919,N21,VIIRS,n,2.0NRT,288.42,3.47,N
22.36353,87.30087,319.03,0.54,0.51,2026-09-13,1919,N21,VIIRS,n,2.0NRT,288.39,4.39,N
22.3682,87.30145,304.52,0.54,0.51,2026-09-13,1919,N21,VIIRS,n,2.0NRT,287.62,1.56,N
22.36823,87.01551,306.83,0.57,0.52,2026-09-13,1919,N21,VIIRS,n,2.0NRT,288.64,1.63,N
22.3751,87.28096,314.36,0.55,0.51,2026-09-13,1919,N21,VIIRS,n,2.0NRT,288.17,2.03,N
22.37566,87.27567,304.98,0.55,0.51,2026-09-13,1919,N21,VIIRS,n,2.0NRT,288.44,2.03,N
22.38034,87.27624,305.76,0.55,0.51,2026-09-13,1919,N21,VIIRS,n,2.0NRT,287.47,2.08,N
23.16582,82.33868,296.56,0.58,0.7,2026-09-13,1919,N21,VIIRS,n,2.0NRT,276.12,1.13,N
23.48342,87.36598,318.13,0.56,0.51,2026-09-13,1919,N21,VIIRS,n,2.0NRT,288.41,2.54,N
23.56037,87.23828,307.02,0.57,0.52,2026-09-13,1919,N21,VIIRS,n,2.0NRT,287.46,1.64,N
23.56133,87.08495,312.32,0.58,0.52,2026-09-13,1919,N21,VIIRS,n,2.0NRT,286.65,2.82,N
23.5618,87.08329,309.97,0.58,0.52,2026-09-13,1919,N21,VIIRS,n,2.0NRT,286.13,2.58,N
23.63059,86.83554,304.0,0.6,0.53,2026-09-13,1919,N21,VIIRS,n,2.0NRT,287.77,1.49,N
23.66102,87.15663,310.95,0.58,0.52,2026-09-13,1919,N21,VIIRS,n,2.0NRT,286.42,1.61,N
23.66105,87.15417,310.43,0.58,0.52,2026-09-13,1919,N21,VIIRS,n,2.0NRT,286.87,1.97,N
23.66581,87.15722,305.21,0.58,0.52,2026-09-13,1919,N21,VIIRS,n,2.0NRT,286.49,1.69,N
23.68305,87.13069,304.3,0.58,0.52,2026-09-13,1919,N21,VIIRS,n,2.0NRT,288.37,2.13,N
23.689,87.1199,313.33,0.58,0.52,2026-09-13,1919,N21,VIIRS,n,2.0NRT,288.34,2.74,N
23.6913,87.0973,307.69,0.58,0.52,2026-09-13,1919,N21,VIIRS,n,2.0NRT,288.29,2.17,N
23.69381,87.12051,306.26,0.58,0.52,2026-09-13,1919,N21,VIIRS,n,2.0NRT,288.23,2.74,N
23.77845,86.21096,302.03,0.33,0.56,2026-09-13,1919,N21,VIIRS,n,2.0NRT,278.24,1.18,N
23.8254,84.57245,314.24,0.43,0.62,2026-09-13,1919,N21,VIIRS,n,2.0NRT,287.93,2.65,N
24.19478,82.71529,304.37,0.57,0.69,2026-09-13,1919,N21,VIIRS,n,2.0NRT,286.1,1.3,N
24.45041,83.03982,302.18,0.54,0.68,2026-09-13,1919,N21,VIIRS,n,2.0NRT,286.54,1.58,N
17.61176,83.20435,299.81,0.44,0.63,2026-09-13,1921,N21,VIIRS,n,2.0NRT,271.19,1.93,N
7.5604,80.93887,296.15,0.47,0.64,2026-09-13,1923,N21,VIIRS,n,2.0NRT,271.88,0.46,N
36.999,80.19398,299.3,0.4,0.44,2026-09-13,2055,N21,VIIRS,n,2.0NRT,289.17,1.41,N
28.27431,77.18369,307.27,0.41,0.45,2026-09-13,2057,N21,VIIRS,n,2.0NRT,291.09,1.96,N
28.33876,77.22203,307.25,0.41,0.45,2026-09-13,2057,N21,VIIRS,n,2.0NRT,290.75,2.01,N
28.37186,77.22637,311.31,0.41,0.45,2026-09-13,2057,N21,VIIRS,n,2.0NRT,291.05,2.28,N
28.37191,77.22437,310.73,0.41,0.45,2026-09-13,2057,N21,VIIRS,n,2.0NRT,290.99,2.08,N
28.71265,76.83423,308.5,0.39,0.44,2026-09-13,2057,N21,VIIRS,n,2.0NRT,291.7,1.39,N
28.72891,77.15579,304.8,0.4,0.44,2026-09-13,2057,N21,VIIRS,n,2.0NRT,291.26,2.08,N
28.74372,76.92805,310.39,0.39,0.44,2026-09-13,2057,N21,VIIRS,n,2.0NRT,291.54,1.3,N
29.91071,74.9481,311.05,0.45,0.39,2026-09-13,2057,N21,VIIRS,n,2.0NRT,295.36,1.47,N
30.2652,75.1722,306.83,0.46,0.39,2026-09-13,2057,N21,VIIRS,n,2.0NRT,296.22,1.16,N
31.24897,76.92875,303.65,0.53,0.42,2026-09-13,2057,N21,VIIRS,n,2.0NRT,289.35,0.95,N
31.2575,76.92561,299.85,0.53,0.42,2026-09-13,2057,N21,VIIRS,n,2.0NRT,289.09,0.65,N
31.32631,76.89441,300.3,0.53,0.42,2026-09-13,2057,N21,VIIRS,n,2.0NRT,289.76,0.8,N
31.67697,73.9679,308.05,0.4,0.37,2026-09-13,2057,N21,VIIRS,n,2.0NRT,296.63,1.07,N
32.37806,72.13975,308.4,0.38,0.36,2026-09-13,2057,N21,VIIRS,n,2.0NRT,296.72,2.88,N
32.57402,72.56427,311.47,0.38,0.36,2026-09-13,2057,N21,VIIRS,n,2.0NRT,297.43,1.66,N
32.57467,72.56023,317.55,0.38,0.36,2026-09-13,2057,N21,VIIRS,n,2.0NRT,297.16,1.66,N
32.64434,72.97855,307.12,0.39,0.36,2026-09-13,2057,N21,VIIRS,n,2.0NRT,295.93,1.5,N
32.71833,72.77437,309.87,0.38,0.36,2026-09-13,2057,N21,VIIRS,n,2.0NRT,295.65,1.31,N
32.72183,72.92242,310.92,0.39,0.36,2026-09-13,2057,N21,VIIRS,n,2.0NRT,295.8,1.05,N
32.88997,71.61787,308.81,0.39,0.36,2026-09-13,2057,N21,VIIRS,n,2.0NRT,296.65,2.88,N
33.29687,71.1862,311.11,0.39,0.36,2026-09-13,2057,N21,VIIRS,n,2.0NRT,293.5,2.26,N
21.74429,83.84162,306.38,0.72,0.76,2026-09-13,2059,N21,VIIRS,n,2.0NRT,280.64,4.69,N
21.75668,84.02494,303.2,0.74,0.76,2026-09-13,2059,N21,VIIRS,n,2.0NRT,283.21,2.48,N
21.75752,84.02106,299.86,0.74,0.76,2026-09-13,2059,N21,VIIRS,n,2.0NRT,283.22,2.51,N
22.35319,82.3017,298.61,0.56,0.69,2026-09-13,2059,N21,VIIRS,n,2.0NRT,281.1,0.37,N
22.35933,82.30335,321.02,0.56,0.69,2026-09-13,2059,N21,VIIRS,n,2.0NRT,283.85,3.05,N
22.36058,82.29811,302.64,0.56,0.69,2026-09-13,2059,N21,VIIRS,n,2.0NRT,282.92,3.05,N
22.92599,69.82516,304.23,0.38,0.36,2026-09-13,2059,N21,VIIRS,n,2.0NRT,283.69,0.47,N
23.16237,82.33812,297.45,0.54,0.68,2026-09-13,2059,N21,VIIRS,n,2.0NRT,284.92,1.88,N
23.16278,82.3373,299.14,0.54,0.68,2026-09-13,2059,N21,VIIRS,n,2.0NRT,285.38,1.49,N
23.16763,82.34403,297.56,0.54,0.68,2026-09-13,2059,N21,VIIRS,n,2.0NRT,284.92,0.98,N
23.16846,82.33961,299.71,0.54,0.68,2026-09-13,2059,N21,VIIRS,n,2.0NRT,285.46,1.88,N
23.16886,82.33886,297.16,0.54,0.68,2026-09-13,2059,N21,VIIRS,n,2.0NRT,285.26,0.98,N
24.15907,82.56497,301.97,0.53,0.67,2026-09-13,2059,N21,VIIRS,n,2.0NRT,286.18,1.96,N
24.19406,82.7135,304.02,0.54,0.68,2026-09-13,2059,N21,VIIRS,n,2.0NRT,286.2,1.3,N
24.20663,82.52689,302.5,0.53,0.67,2026-09-13,2059,N21,VIIRS,n,2.0NRT,286.27,1.38,N
24.20821,82.5249,300.83,0.52,0.67,2026-09-13,2059,N21,VIIRS,n,2.0NRT,285.95,1.18,N
25.98614,68.3296,306.38,0.42,0.37,2026-09-13,2059,N21,VIIRS,n,2.0NRT,281.49,1.07,N
26.09453,68.87779,310.37,0.4,0.37,2026-09-13,2059,N21,VIIRS,n,2.0NRT,285.19,0.9,N
26.2568,74.09404,304.73,0.46,0.39,2026-09-13,2059,N21,VIIRS,n,2.0NRT,279.86,1.15,N
26.6038,73.68548,305.72,0.44,0.38,2026-09-13,2059,N21,VIIRS,n,2.0NRT,290.54,1.17,N
26.8739,73.51617,307.39,0.43,0.38,2026-09-13,2059,N21,VIIRS,n,2.0NRT,291.99,1.53,N
26.87597,73.5153,308.3,0.43,0.38,2026-09-13,2059,N21,VIIRS,n,2.0NRT,292.35,2.21,N
26.9272,73.46883,308.72,0.43,0.38,2026-09-13,2059,N21,VIIRS,n,2.0NRT,291.55,1.19,N
27.28924,73.83797,309.6,0.44,0.38,2026-09-13,2059,N21,VIIRS,n,2.0NRT,293.93,1.04,N
28.42511,69.70123,322.17,0.4,0.37,2026-09-13,2059,N21,VIIRS,n,2.0NRT,299.6,2.2,N
15.1729,76.37688,303.71,0.32,0.55,2026-09-13,2101,N21,VIIRS,n,2.0NRT,291.93,1.74,N
15.17531,76.65881,310.22,0.34,0.56,2026-09-13,2101,N21,VIIRS,n,2.0NRT,290.92,2.88,N
15.17591,76.65572,325.58,0.34,0.56,2026-09-13,2101,N21,VIIRS,n,2.0NRT,292.55,3.94,N
15.17732,76.67535,311.33,0.34,0.56,2026-09-13,2101,N21,VIIRS,n,2.0NRT,292.58,2.99,N
15.33113,76.28708,303.43,0.63,0.54,2026-09-13,2101,N21,VIIRS,n,2.0NRT,292.23,1.04,N
22.91131,69.69718,313.18,0.38,0.36,2026-09-13,2101,N21,VIIRS,n,2.0NRT,273.92,1.29,N
22.93136,69.70407,296.7,0.38,0.36,2026-09-13,2101,N21,VIIRS,n,2.0NRT,270.8,0.41,N
22.93194,69.70036,298.33,0.38,0.36,2026-09-13,2101,N21,VIIRS,n,2.0NRT,268.87,0.6,N
22.93252,69.69664,304.4,0.38,0.36,2026-09-13,2101,N21,VIIRS,n,2.0NRT,266.81,0.6,N
13.89874,76.56414,300.68,0.35,0.57,2026-09-13,2104,N21,VIIRS,n,2.0NRT,289.54,0.45,N
19.45385,95.99504,331.34,0.52,0.42,2026-09-14,631,N21,VIIRS,n,2.0NRT,294.9,2.92,D
21.34977,97.42848,331.48,0.43,0.38,2026-09-14,631,N21,VIIRS,l,2.0NRT,292.81,6.34,D
22.33792,97.90936,333.0,0.41,0.37,2026-09-14,631,N21,VIIRS,n,2.0NRT,303.0,5.57,D
22.41684,97.85101,330.9,0.41,0.37,2026-09-14,631,N21,VIIRS,n,2.0NRT,298.85,2.72,D
23.79327,97.9868,341.56,0.4,0.37,2026-09-14,631,N21,VIIRS,n,2.0NRT,305.01,5.26,D
24.17529,94.36476,330.84,0.54,0.42,2026-09-14,631,N21,VIIRS,n,2.0NRT,297.45,3.7,D
24.33248,94.81291,341.56,0.51,0.41,2026-09-14,631,N21,VIIRS,n,2.0NRT,301.02,8.87,D
24.41547,96.21758,342.44,0.44,0.38,2026-09-14,631,N21,VIIRS,n,2.0NRT,298.03,8.42,D
25.24499,96.46485,328.76,0.42,0.38,2026-09-14,631,N21,VIIRS,n,2.0NRT,298.52,1.99,D
23.7653,86.4053,331.49,0.57,0.69,2026-09-14,633,N21,VIIRS,n,2.0NRT,289.33,8.95,D
27.9647,96.96606,325.05,0.39,0.36,2026-09-14,633,N21,VIIRS,n,2.0NRT,293.32,2.91,D
36.32945,94.80486,336.52,0.39,0.36,2026-09-14,635,N21,VIIRS,l,2.0NRT,310.76,3.92,D
7.0915,81.40678,332.89,0.48,0.4,2026-09-14,809,N21,VIIRS,n,2.0NRT,294.97,5.65,D
7.09516,81.40624,337.69,0.48,0.4,2026-09-14,809,N21,VIIRS,n,2.0NRT,295.73,9.49,D
7.39533,81.33543,338.95,0.48,0.4,2026-09-14,809,N21,VIIRS,n,2.0NRT,295.76,5.0,D
7.39534,81.33423,335.32,0.48,0.4,2026-09-14,809,N21,VIIRS,n,2.0NRT,292.97,2.42,D
7.62647,80.9945,338.79,0.47,0.39,2026-09-14,809,N21,VIIRS,n,2.0NRT,300.19,3.85,D
7.62924,81.50008,333.69,0.5,0.41,2026-09-14,809,N21,VIIRS,n,2.0NRT,297.25,15.9,D
7.63724,80.20338,331.24,0.43,0.38,2026-09-14,809,N21,VIIRS,n,2.0NRT,288.58,2.42,D
7.77102,80.09364,330.68,0.43,0.38,2026-09-14,809,N21,VIIRS,n,2.0NRT,290.33,3.09,D
7.80884,80.6314,333.98,0.45,0.39,2026-09-14,809,N21,VIIRS,n,2.0NRT,290.03,5.82,D
7.83164,81.1179,337.7,0.48,0.4,2026-09-14,809,N21,VIIRS,n,2.0NRT,299.54,8.26,D
7.83406,81.1088,347.22,0.48,0.4,2026-09-14,809,N21,VIIRS,n,2.0NRT,298.78,8.89,D
7.85341,79.9135,332.6,0.42,0.38,2026-09-14,809,N21,VIIRS,n,2.0NRT,289.35,3.05,D
7.85685,79.91298,331.44,0.42,0.38,2026-09-14,809,N21,VIIRS,n,2.0NRT,289.85,3.67,D
7.86441,80.24615,340.71,0.43,0.38,2026-09-14,809,N21,VIIRS,n,2.0NRT,297.56,3.61,D
7.90063,81.18244,334.99,0.48,0.4,2026-09-14,809,N21,VIIRS,n,2.0NRT,289.34,6.34,D
7.90351,80.16106,336.68,0.43,0.38,2026-09-14,809,N21,VIIRS,n,2.0NRT,288.87,4.65,D
7.90454,80.19272,341.93,0.43,0.38,2026-09-14,809,N21,VIIRS,n,2.0NRT,292.3,6.5,D
7.92526,80.06694,336.79,0.43,0.38,2026-09-14,809,N21,VIIRS,n,2.0NRT,295.48,7.8,D
7.94563,80.2545,336.84,0.44,0.38,2026-09-14,809,N21,VIIRS,n,2.0NRT,298.55,3.75,D
7.97703,80.29797,331.2,0.44,0.38,2026-09-14,809,N21,VIIRS,n,2.0NRT,293.64,1.97,D
7.97825,80.2577,332.01,0.44,0.38,2026-09-14,809,N21,VIIRS,n,2.0NRT,291.15,2.59,D
7.9937,80.13193,338.37,0.43,0.38,2026-09-14,809,N21,VIIRS,n,2.0NRT,279.67,5.71,D
7.99392,80.08437,344.66,0.43,0.38,2026-09-14,809,N21,VIIRS,n,2.0NRT,281.17,13.42,D
7.99515,80.27524,333.36,0.44,0.38,2026-09-14,809,N21,VIIRS,n,2.0NRT,293.9,5.94,D
8.09289,79.9213,341.13,0.42,0.38,2026-09-14,809,N21,VIIRS,n,2.0NRT,281.84,7.0,D
8.32301,81.31039,335.47,0.49,0.41,2026-09-14,809,N21,VIIRS,n,2.0NRT,297.09,5.33,D
8.32964,81.27775,335.74,0.49,0.4,2026-09-14,809,N21,VIIRS,n,2.0NRT,291.3,9.61,D
8.33458,80.26307,344.92,0.44,0.38,2026-09-14,809,N21,VIIRS,n,2.0NRT,292.49,6.83,D
8.36306,80.51291,333.22,0.45,0.39,2026-09-14,809,N21,VIIRS,n,2.0NRT,291.25,3.87,D
8.36336,80.51225,333.09,0.45,0.39,2026-09-14,809,N21,VIIRS,n,2.0NRT,289.54,4.29,D
8.38157,80.16745,339.6,0.44,0.38,2026-09-14,809,N21,VIIRS,n,2.0NRT,300.16,6.03,D
8.39559,80.53728,339.25,0.45,0.39,2026-09-14,809,N21,VIIRS,n,2.0NRT,288.17,9.21,D
8.40156,80.5031,337.71,0.45,0.39,2026-09-14,809,N21,VIIRS,n,2.0NRT,288.09,5.0,D
8.42643,80.52443,351.75,0.45,0.39,2026-09-14,809,N21,VIIRS,n,2.0NRT,293.49,27.04,D
8.44007,80.51826,337.95,0.45,0.39,2026-09-14,809,N21,VIIRS,n,2.0NRT,289.2,3.39,D
8.46077,80.48615,341.45,0.45,0.39,2026-09-14,809,N21,VIIRS,n,2.0NRT,293.24,5.82,D
8.46137,80.49021,344.72,0.45,0.39,2026-09-14,809,N21,VIIRS,n,2.0NRT,293.93,7.28,D
8.46433,80.48563,340.49,0.45,0.39,2026-09-14,809,N21,VIIRS,n,2.0NRT,292.05,5.82,D
8.46493,80.48969,340.88,0.45,0.39,2026-09-14,809,N21,VIIRS,n,2.0NRT,292.74,7.28,D
8.47013,80.50246,346.57,0.45,0.39,2026-09-14,809,N21,VIIRS,n,2.0NRT,295.0,5.79,D
8.47028,80.50135,343.4,0.45,0.39,2026-09-14,809,N21,VIIRS,n,2.0NRT,294.74,5.08,D
8.4731,80.49786,335.59,0.45,0.39,2026-09-14,809,N21,VIIRS,n,2.0NRT,295.46,5.79,D
8.47323,80.49677,336.04,0.45,0.39,2026-09-14,809,N21,VIIRS,n,2.0NRT,296.74,5.08,D
8.47579,80.16636,339.11,0.44,0.38,2026-09-14,809,N21,VIIRS,n,2.0NRT,302.56,13.84,D
8.4786,80.21029,336.56,0.44,0.38,2026-09-14,809,N21,VIIRS,n,2.0NRT,297.41,3.96,D
8.5051,80.49313,347.17,0.45,0.39,2026-09-14,809,N21,VIIRS,n,2.0NRT,300.71,13.76,D
8.53058,80.46856,339.84,0.45,0.39,2026-09-14,809,N21,VIIRS,n,2.0NRT,304.98,9.59,D
8.53295,80.45995,339.29,0.45,0.39,2026-09-14,809,N21,VIIRS,n,2.0NRT,299.66,5.76,D
8.5365,80.45943,345.31,0.45,0.39,2026-09-14,809,N21,VIIRS,n,2.0NRT,303.75,10.56,D
8.55264,80.74739,336.11,0.46,0.39,2026-09-14,809,N21,VIIRS,n,2.0NRT,286.19,7.96,D
8.5549,80.53573,340.35,0.45,0.39,2026-09-14,809,N21,VIIRS,n,2.0NRT,303.25,7.08,D
8.55601,80.44409,339.75,0.45,0.39,2026-09-14,809,N21,VIIRS,n,2.0NRT,304.95,4.77,D
8.55661,80.44814,335.28,0.45,0.39,2026-09-14,809,N21,VIIRS,n,2.0NRT,303.51,4.77,D
8.69335,80.79222,331.85,0.47,0.4,2026-09-14,809,N21,VIIRS,n,2.0NRT,275.72,2.53,D
8.86101,80.7832,345.87,0.47,0.4,2026-09-14,809,N21,VIIRS,n,2.0NRT,298.46,6.82,D
8.90326,80.76842,333.6,0.47,0.4,2026-09-14,809,N21,VIIRS,n,2.0NRT,289.07,3.16,D
8.90627,80.76368,348.64,0.47,0.4,2026-09-14,809,N21,VIIRS,n,2.0NRT,287.38,8.21,D
8.90688,80.7679,338.61,0.47,0.4,2026-09-14,809,N21,VIIRS,n,2.0NRT,288.26,5.53,D
8.90779,80.529,337.53,0.46,0.39,2026-09-14,809,N21,VIIRS,n,2.0NRT,288.12,5.55,D
8.90867,80.52826,339.78,0.46,0.39,2026-09-14,809,N21,VIIRS,n,2.0NRT,289.36,6.85,D
8.90989,80.76315,344.59,0.47,0.4,2026-09-14,809,N21,VIIRS,n,2.0NRT,289.69,8.21,D
8.92136,80.76579,351.53,0.47,0.4,2026-09-14,809,N21,VIIRS,n,2.0NRT,297.85,23.08,D
8.9256,80.7695,347.61,0.47,0.4,2026-09-14,809,N21,VIIRS,n,2.0NRT,294.66,23.08,D
8.92622,80.77374,333.46,0.47,0.4,2026-09-14,809,N21,VIIRS,n,2.0NRT,293.59,4.64,D
8.92922,80.76898,336.17,0.47,0.4,2026-09-14,809,N21,VIIRS,n,2.0NRT,294.7,6.22,D
8.93108,80.7817,337.12,0.47,0.4,2026-09-14,809,N21,VIIRS,n,2.0NRT,293.0,5.71,D
8.94154,80.82804,345.38,0.47,0.4,2026-09-14,809,N21,VIIRS,n,2.0NRT,289.98,9.41,D
8.94925,80.82346,333.19,0.47,0.4,2026-09-14,809,N21,VIIRS,n,2.0NRT,293.22,3.3,D
9.30373,78.84122,336.92,0.4,0.37,2026-09-14,809,N21,VIIRS,n,2.0NRT,304.34,4.19,D
9.38062,78.88095,339.62,0.4,0.37,2026-09-14,809,N21,VIIRS,n,2.0NRT,305.53,8.54,D
9.47663,80.48464,346.87,0.46,0.39,2026-09-14,809,N21,VIIRS,n,2.0NRT,273.16,8.18,D
9.56643,80.3787,338.16,0.46,0.39,2026-09-14,809,N21,VIIRS,n,2.0NRT,288.79,3.57,D
9.7207,78.95246,345.23,0.41,0.37,2026-09-14,809,N21,VIIRS,n,2.0NRT,295.89,6.16,D
11.29935,77.66217,330.65,0.39,0.36,2026-09-14,809,N21,VIIRS,n,2.0NRT,294.76,3.07,D
11.66629,79.68321,330.27,0.45,0.39,2026-09-14,809,N21,VIIRS,n,2.0NRT,298.88,2.27,D
11.79338,79.61192,332.96,0.44,0.39,2026-09-14,809,N21,VIIRS,n,2.0NRT,288.99,3.64,D
12.26682,76.79605,332.29,0.38,0.36,2026-09-14,809,N21,VIIRS,n,2.0NRT,299.87,3.22,D
12.42312,77.78984,335.99,0.39,0.36,2026-09-14,809,N21,VIIRS,n,2.0NRT,303.54,4.36,D
12.99095,76.12147,331.14,0.39,0.36,2026-09-14,809,N21,VIIRS,l,2.0NRT,302.84,2.22,D
12.99763,77.86208,335.1,0.4,0.37,2026-09-14,809,N21,VIIRS,n,2.0NRT,304.58,3.0,D
13.16683,76.5813,335.04,0.38,0.36,2026-09-14,809,N21,VIIRS,n,2.0NRT,306.08,2.42,D
13.348,75.8309,337.24,0.39,0.36,2026-09-14,809,N21,VIIRS,n,2.0NRT,304.49,3.39,D
13.42161,77.4642,334.5,0.39,0.36,2026-09-14,809,N21,VIIRS,l,2.0NRT,306.78,3.26,D
13.4731,77.76627,335.67,0.4,0.37,2026-09-14,809,N21,VIIRS,l,2.0NRT,307.27,10.71,D
13.53294,78.51118,337.48,0.42,0.37,2026-09-14,809,N21,VIIRS,n,2.0NRT,306.84,7.88,D
13.53348,78.51496,347.69,0.42,0.37,2026-09-14,809,N21,VIIRS,n,2.0NRT,309.17,7.88,D
13.64492,78.19644,338.02,0.41,0.37,2026-09-14,809,N21,VIIRS,n,2.0NRT,306.5,4.52,D
13.64809,78.24204,338.14,0.41,0.37,2026-09-14,809,N21,VIIRS,n,2.0NRT,306.6,4.65,D
13.90069,77.41769,340.51,0.39,0.36,2026-09-14,809,N21,VIIRS,l,2.0NRT,313.18,5.85,D
14.33456,77.1802,341.43,0.39,0.36,2026-09-14,811,N21,VIIRS,l,2.0NRT,314.7,6.65,D
14.38881,77.89259,347.03,0.41,0.37,2026-09-14,811,N21,VIIRS,n,2.0NRT,312.05,11.93,D
14.39401,76.7361,338.19,0.39,0.36,2026-09-14,811,N21,VIIRS,n,2.0NRT,298.93,3.71,D
14.57093,77.65263,339.33,0.4,0.37,2026-09-14,811,N21,VIIRS,l,2.0NRT,311.25,7.58,D
14.60417,77.21081,347.9,0.39,0.36,2026-09-14,811,N21,VIIRS,n,2.0NRT,314.56,21.52,D
14.76578,77.70973,342.97,0.4,0.37,2026-09-14,811,N21,VIIRS,n,2.0NRT,312.54,9.17,D
15.17755,76.65643,349.76,0.39,0.36,2026-09-14,811,N21,VIIRS,n,2.0NRT,314.61,9.66,D
15.18245,76.66661,337.62,0.39,0.36,2026-09-14,811,N21,VIIRS,l,2.0NRT,311.24,6.7,D
15.18531,76.6406,337.82,0.39,0.36,2026-09-14,811,N21,VIIRS,l,2.0NRT,311.38,4.32,D
15.33482,75.16648,338.72,0.39,0.36,2026-09-14,811,N21,VIIRS,l,2.0NRT,310.56,4.51,D
15.4735,79.14938,337.45,0.46,0.39,2026-09-14,811,N21,VIIRS,n,2.0NRT,301.85,8.35,D
15.77641,74.87724,334.34,0.39,0.36,2026-09-14,811,N21,VIIRS,l,2.0NRT,308.73,1.82,D
16.04665,77.64673,336.79,0.41,0.37,2026-09-14,811,N21,VIIRS,n,2.0NRT,305.93,2.74,D
16.25223,78.43003,337.7,0.44,0.38,2026-09-14,811,N21,VIIRS,n,2.0NRT,304.29,5.07,D
16.26444,76.48735,336.42,0.39,0.36,2026-09-14,811,N21,VIIRS,l,2.0NRT,306.92,3.37,D
16.31508,78.44522,335.18,0.44,0.38,2026-09-14,811,N21,VIIRS,n,2.0NRT,303.8,4.57,D
16.31632,78.44571,337.83,0.44,0.38,2026-09-14,811,N21,VIIRS,n,2.0NRT,302.64,4.15,D
16.40534,78.51965,337.51,0.44,0.38,2026-09-14,811,N21,VIIRS,n,2.0NRT,307.1,8.68,D
16.69091,78.93422,340.91,0.46,0.39,2026-09-14,811,N21,VIIRS,n,2.0NRT,302.56,7.22,D
17.60015,83.18274,335.23,0.57,0.52,2026-09-14,811,N21,VIIRS,n,2.0NRT,293.26,5.62,D
18.60214,74.45781,335.26,0.39,0.36,2026-09-14,811,N21,VIIRS,n,2.0NRT,302.51,3.17,D
18.70542,72.34255,332.43,0.44,0.39,2026-09-14,811,N21,VIIRS,n,2.0NRT,292.29,2.94,D
18.76991,74.96728,333.61,0.38,0.36,2026-09-14,811,N21,VIIRS,l,2.0NRT,306.78,2.15,D
19.09796,82.16656,331.57,0.51,0.49,2026-09-14,811,N21,VIIRS,n,2.0NRT,297.07,9.25,D
20.86185,84.98794,328.61,0.41,0.61,2026-09-14,811,N21,VIIRS,n,2.0NRT,286.83,4.83,D
20.96378,86.00751,344.53,0.48,0.65,2026-09-14,811,N21,VIIRS,n,2.0NRT,289.13,8.81,D
20.9696,85.17146,328.96,0.42,0.61,2026-09-14,811,N21,VIIRS,n,2.0NRT,285.7,11.21,D
21.74329,83.84341,332.4,0.35,0.57,2026-09-14,813,N21,VIIRS,n,2.0NRT,294.58,7.69,D
21.74819,83.83939,329.8,0.35,0.57,2026-09-14,813,N21,VIIRS,n,2.0NRT,292.64,7.69,D
21.74853,83.84286,367.0,0.35,0.57,2026-09-14,813,N21,VIIRS,h,2.0NRT,296.01,7.69,D
21.75376,83.84234,337.59,0.35,0.57,2026-09-14,813,N21,VIIRS,n,2.0NRT,294.29,6.69,D
21.75533,84.02399,330.64,0.36,0.58,2026-09-14,813,N21,VIIRS,n,2.0NRT,292.85,6.13,D
21.76625,84.02632,330.27,0.36,0.58,2026-09-14,813,N21,VIIRS,n,2.0NRT,291.08,3.65,D
21.91825,83.35052,331.46,0.33,0.55,2026-09-14,813,N21,VIIRS,n,2.0NRT,292.73,4.49,D
21.92332,83.34991,334.12,0.33,0.55,2026-09-14,813,N21,VIIRS,n,2.0NRT,293.82,4.49,D
23.69336,85.37018,331.15,0.47,0.64,2026-09-14,813,N21,VIIRS,n,2.0NRT,289.48,4.19,D
23.77758,86.20694,333.55,0.53,0.67,2026-09-14,813,N21,VIIRS,n,2.0NRT,290.5,10.29,D
24.80513,68.06436,335.76,0.4,0.44,2026-09-14,813,N21,VIIRS,n,2.0NRT,299.26,2.89,D
29.81354,71.85181,334.64,0.39,0.36,2026-09-14,816,N21,VIIRS,l,2.0NRT,308.25,3.74,D
30.64386,73.58982,332.16,0.4,0.37,2026-09-14,816,N21,VIIRS,n,2.0NRT,298.82,2.87,D
30.67008,74.08751,333.79,0.41,0.37,2026-09-14,816,N21,VIIRS,n,2.0NRT,302.35,3.15,D
30.8271,72.12516,331.19,0.38,0.36,2026-09-14,816,N21,VIIRS,l,2.0NRT,302.65,2.93,D
30.91455,73.50658,334.01,0.4,0.37,2026-09-14,816,N21,VIIRS,n,2.0NRT,301.24,4.04,D
31.05985,74.48145,333.12,0.42,0.38,2026-09-14,816,N21,VIIRS,n,2.0NRT,300.17,3.96,D
31.06045,74.48582,332.72,0.42,0.38,2026-09-14,816,N21,VIIRS,n,2.0NRT,299.72,3.96,D
31.07173,74.23165,341.8,0.41,0.37,2026-09-14,816,N21,VIIRS,n,2.0NRT,301.36,6.94,D
31.07509,74.56845,336.04,0.42,0.38,2026-09-14,816,N21,VIIRS,n,2.0NRT,298.33,4.16,D
31.07514,74.23102,335.94,0.41,0.37,2026-09-14,816,N21,VIIRS,n,2.0NRT,299.44,2.49,D
31.10045,74.34135,334.83,0.42,0.37,2026-09-14,816,N21,VIIRS,n,2.0NRT,299.08,4.13,D
31.34287,74.53355,331.95,0.42,0.38,2026-09-14,816,N21,VIIRS,n,2.0NRT,300.4,3.09,D
31.43047,75.18233,331.05,0.45,0.39,2026-09-14,816,N21,VIIRS,n,2.0NRT,296.62,5.69,D
31.59328,75.044,342.13,0.44,0.39,2026-09-14,816,N21,VIIRS,n,2.0NRT,298.84,6.8,D
31.72132,72.20618,333.23,0.38,0.36,2026-09-14,816,N21,VIIRS,n,2.0NRT,300.02,3.28,D
31.73211,72.22934,333.92,0.38,0.36,2026-09-14,816,N21,VIIRS,n,2.0NRT,300.5,2.47,D
31.73271,72.23336,333.2,0.39,0.36,2026-09-14,816,N21,VIIRS,n,2.0NRT,300.04,2.47,D
31.74446,75.0144,343.54,0.44,0.39,2026-09-14,816,N21,VIIRS,n,2.0NRT,296.25,5.87,D
31.79522,70.83351,330.03,0.39,0.36,2026-09-14,816,N21,VIIRS,l,2.0NRT,304.42,2.28,D
32.063,72.32934,334.92,0.39,0.36,2026-09-14,816,N21,VIIRS,n,2.0NRT,299.38,5.42,D
34.30823,73.84632,331.11,0.43,0.38,2026-09-14,816,N21,VIIRS,n,2.0NRT,298.96,4.72,D
27.95757,96.96008,305.6,0.5,0.41,2026-09-14,1858,N21,VIIRS,n,2.0NRT,285.8,1.56,N
27.9592,96.96272,311.87,0.5,0.41,2026-09-14,1858,N21,VIIRS,n,2.0NRT,283.98,2.59,N
27.95972,96.95848,296.21,0.5,0.41,2026-09-14,1858,N21,VIIRS,n,2.0NRT,281.91,2.1,N
21.37323,97.38542,304.38,0.41,0.37,2026-09-14,1900,N21,VIIRS,n,2.0NRT,290.18,0.59,N
21.57774,96.23247,306.81,0.46,0.39,2026-09-14,1900,N21,VIIRS,n,2.0NRT,293.47,1.94,N
21.5927,96.23026,308.85,0.46,0.39,2026-09-14,1900,N21,VIIRS,n,2.0NRT,293.58,1.88,N
21.87908,97.09802,306.92,0.43,0.38,2026-09-14,1900,N21,VIIRS,n,2.0NRT,291.34,0.82,N
21.88017,97.09947,308.01,0.43,0.38,2026-09-14,1900,N21,VIIRS,n,2.0NRT,291.09,0.98,N
22.35572,96.70212,307.38,0.45,0.39,2026-09-14,1900,N21,VIIRS,n,2.0NRT,286.89,1.6,N
22.57244,85.89684,313.52,0.69,0.74,2026-09-14,1900,N21,VIIRS,n,2.0NRT,286.97,3.2,N
22.57291,85.89,301.2,0.69,0.74,2026-09-14,1900,N21,VIIRS,n,2.0NRT,286.72,3.2,N
22.78038,86.20222,310.52,0.66,0.73,2026-09-14,1900,N21,VIIRS,n,2.0NRT,286.46,1.99,N
22.78712,86.20271,306.68,0.66,0.73,2026-09-14,1900,N21,VIIRS,n,2.0NRT,286.78,1.99,N
22.79776,86.08903,309.78,0.67,0.74,2026-09-14,1900,N21,VIIRS,n,2.0NRT,286.8,3.2,N
22.87466,86.0621,303.75,0.68,0.74,2026-09-14,1900,N21,VIIRS,n,2.0NRT,286.96,1.35,N
23.55588,87.23932,312.91,0.58,0.69,2026-09-14,1900,N21,VIIRS,n,2.0NRT,288.88,3.96,N
23.55797,87.24006,315.53,0.58,0.69,2026-09-14,1900,N21,VIIRS,n,2.0NRT,288.79,3.16,N
23.56103,87.08484,308.12,0.59,0.7,2026-09-14,1900,N21,VIIRS,n,2.0NRT,288.31,3.33,N
23.6151,86.78822,305.4,0.62,0.71,2026-09-14,1900,N21,VIIRS,n,2.0NRT,288.1,1.99,N
23.61584,86.78818,305.04,0.62,0.71,2026-09-14,1900,N21,VIIRS,n,2.0NRT,288.14,1.91,N
23.64629,85.4399,306.47,0.76,0.77,2026-09-14,1900,N21,VIIRS,n,2.0NRT,285.72,3.01,N
23.66071,87.15747,304.45,0.58,0.7,2026-09-14,1900,N21,VIIRS,n,2.0NRT,288.86,1.86,N
23.67047,86.93628,304.87,0.6,0.71,2026-09-14,1900,N21,VIIRS,n,2.0NRT,288.05,2.17,N
23.6749,86.39774,309.73,0.66,0.73,2026-09-14,1900,N21,VIIRS,n,2.0NRT,286.19,3.31,N
23.67943,86.09723,303.04,0.68,0.74,2026-09-14,1900,N21,VIIRS,n,2.0NRT,287.35,3.57,N
23.6799,86.09053,315.95,0.69,0.74,2026-09-14,1900,N21,VIIRS,n,2.0NRT,287.72,3.57,N
23.68038,86.08381,304.25,0.69,0.74,2026-09-14,1900,N21,VIIRS,n,2.0NRT,287.54,3.22,N
23.68113,86.09674,306.18,0.69,0.74,2026-09-14,1900,N21,VIIRS,n,2.0NRT,287.25,4.0,N
23.68156,86.09003,314.31,0.69,0.74,2026-09-14,1900,N21,VIIRS,n,2.0NRT,287.74,7.31,N
23.68204,86.39194,303.47,0.66,0.73,2026-09-14,1900,N21,VIIRS,n,2.0NRT,284.07,2.65,N
23.68347,87.12849,304.08,0.59,0.7,2026-09-14,1900,N21,VIIRS,n,2.0NRT,288.55,1.95,N
23.68948,87.11942,312.21,0.59,0.7,2026-09-14,1900,N21,VIIRS,n,2.0NRT,288.75,4.44,N
23.69031,87.1233,312.2,0.59,0.7,2026-09-14,1900,N21,VIIRS,n,2.0NRT,288.63,3.51,N
23.69071,87.11752,308.48,0.59,0.7,2026-09-14,1900,N21,VIIRS,n,2.0NRT,288.83,3.51,N
23.69121,87.09656,305.26,0.59,0.7,2026-09-14,1900,N21,VIIRS,n,2.0NRT,288.66,3.74,N
23.6919,87.10037,306.0,0.59,0.7,2026-09-14,1900,N21,VIIRS,n,2.0NRT,288.5,3.75,N
23.69592,87.11999,305.54,0.59,0.7,2026-09-14,1900,N21,VIIRS,n,2.0NRT,288.6,3.02,N
23.69636,87.11427,306.13,0.59,0.7,2026-09-14,1900,N21,VIIRS,n,2.0NRT,288.6,2.73,N
23.69875,87.09517,304.11,0.59,0.7,2026-09-14,1900,N21,VIIRS,n,2.0NRT,288.63,2.29,N
23.71572,86.44357,304.34,0.65,0.73,2026-09-14,1900,N21,VIIRS,n,2.0NRT,287.82,2.67,N
23.71695,86.4242,303.58,0.65,0.73,2026-09-14,1900,N21,VIIRS,n,2.0NRT,287.22,3.9,N
23.71917,86.44051,303.93,0.65,0.73,2026-09-14,1900,N21,VIIRS,n,2.0NRT,287.67,4.41,N
23.72052,86.42117,310.03,0.65,0.73,2026-09-14,1900,N21,VIIRS,n,2.0NRT,287.15,3.65,N
23.72283,86.43774,306.58,0.65,0.73,2026-09-14,1900,N21,VIIRS,n,2.0NRT,287.78,2.67,N
23.73665,86.43253,316.29,0.65,0.73,2026-09-14,1900,N21,VIIRS,n,2.0NRT,288.33,5.61,N
23.7513,86.41467,307.85,0.66,0.73,2026-09-14,1900,N21,VIIRS,n,2.0NRT,287.56,3.77,N
23.75449,86.41786,304.71,0.65,0.73,2026-09-14,1900,N21,VIIRS,n,2.0NRT,287.45,3.52,N
23.75887,86.40224,305.95,0.66,0.73,2026-09-14,1900,N21,VIIRS,n,2.0NRT,287.56,4.67,N
23.76213,86.40559,313.56,0.66,0.73,2026-09-14,1900,N21,VIIRS,n,2.0NRT,287.68,3.45,N
23.76261,86.39895,306.1,0.66,0.73,2026-09-14,1900,N21,VIIRS,n,2.0NRT,287.79,8.08,N
23.76558,86.40283,321.39,0.66,0.73,2026-09-14,1900,N21,VIIRS,n,2.0NRT,287.72,4.67,N
23.76885,86.40604,309.44,0.66,0.73,2026-09-14,1900,N21,VIIRS,n,2.0NRT,287.84,3.45,N
23.77165,86.36736,305.58,0.66,0.73,2026-09-14,1900,N21,VIIRS,n,2.0NRT,287.74,2.85,N
23.77487,86.36454,312.83,0.66,0.73,2026-09-14,1900,N21,VIIRS,n,2.0NRT,287.84,3.96,N
23.7761,86.21033,304.84,0.67,0.74,2026-09-14,1900,N21,VIIRS,n,2.0NRT,287.3,2.63,N
23.77838,86.20725,307.26,0.68,0.74,2026-09-14,1900,N21,VIIRS,n,2.0NRT,287.54,3.79,N
23.77986,86.39124,317.01,0.66,0.73,2026-09-14,1900,N21,VIIRS,n,2.0NRT,287.86,6.33,N
23.79594,86.35326,303.69,0.66,0.73,2026-09-14,1900,N21,VIIRS,n,2.0NRT,287.43,2.4,N
23.80442,86.32793,308.19,0.66,0.73,2026-09-14,1900,N21,VIIRS,n,2.0NRT,286.01,3.48,N
23.80488,86.3212,301.27,0.66,0.73,2026-09-14,1900,N21,VIIRS,n,2.0NRT,284.75,2.43,N
24.11407,86.86173,304.92,0.62,0.71,2026-09-14,1900,N21,VIIRS,n,2.0NRT,288.05,1.62,N
24.11513,86.86108,307.27,0.62,0.71,2026-09-14,1900,N21,VIIRS,n,2.0NRT,287.88,2.04,N
24.51603,97.78776,303.09,0.43,0.38,2026-09-14,1900,N21,VIIRS,n,2.0NRT,290.95,0.69,N
24.54026,97.74028,303.05,0.43,0.38,2026-09-14,1900,N21,VIIRS,n,2.0NRT,290.72,0.75,N
25.47695,94.44304,321.7,0.42,0.45,2026-09-14,1900,N21,VIIRS,n,2.0NRT,284.25,3.06,N
25.54016,91.23647,305.81,0.34,0.56,2026-09-14,1900,N21,VIIRS,n,2.0NRT,276.65,0.72,N
20.76201,85.29719,311.98,0.72,0.76,2026-09-14,1902,N21,VIIRS,n,2.0NRT,285.22,3.84,N
20.7624,85.29824,308.79,0.72,0.76,2026-09-14,1902,N21,VIIRS,n,2.0NRT,285.45,2.56,N
20.76295,85.29108,303.33,0.72,0.76,2026-09-14,1902,N21,VIIRS,n,2.0NRT,285.68,2.56,N
20.7854,85.26387,304.47,0.73,0.76,2026-09-14,1902,N21,VIIRS,n,2.0NRT,285.57,2.98,N
20.78602,85.26479,303.29,0.73,0.76,2026-09-14,1902,N21,VIIRS,n,2.0NRT,285.22,2.18,N
20.78655,85.2579,303.34,0.73,0.76,2026-09-14,1902,N21,VIIRS,n,2.0NRT,285.67,2.89,N
20.79336,85.2508,306.75,0.73,0.76,2026-09-14,1902,N21,VIIRS,n,2.0NRT,285.24,2.46,N
20.79406,85.25172,308.81,0.73,0.76,2026-09-14,1902,N21,VIIRS,n,2.0NRT,285.26,2.89,N
20.86672,96.39085,307.03,0.45,0.39,2026-09-14,1902,N21,VIIRS,n,2.0NRT,292.28,1.33,N
20.88383,84.98022,309.02,0.76,0.77,2026-09-14,1902,N21,VIIRS,n,2.0NRT,285.02,5.0,N
20.88818,84.9799,311.75,0.76,0.77,2026-09-14,1902,N21,VIIRS,n,2.0NRT,285.09,3.41,N
20.9606,86.00575,309.88,0.65,0.73,2026-09-14,1902,N21,VIIRS,n,2.0NRT,285.82,5.35,N
20.96384,86.00288,305.66,0.65,0.73,2026-09-14,1902,N21,VIIRS,n,2.0NRT,286.19,4.2,N
20.96673,85.17295,303.26,0.74,0.76,2026-09-14,1902,N21,VIIRS,n,2.0NRT,285.43,6.01,N
21.00081,86.00916,301.97,0.65,0.73,2026-09-14,1902,N21,VIIRS,n,2.0NRT,286.34,2.29,N
21.07394,85.03909,301.39,0.76,0.77,2026-09-14,1902,N21,VIIRS,n,2.0NRT,285.46,4.8,N
21.92177,85.22161,306.6,0.75,0.77,2026-09-14,1902,N21,VIIRS,n,2.0NRT,285.07,2.73,N
22.05075,88.12505,306.56,0.49,0.65,2026-09-14,1902,N21,VIIRS,n,2.0NRT,288.79,2.01,N
22.05395,88.12521,313.66,0.49,0.65,2026-09-14,1902,N21,VIIRS,n,2.0NRT,289.22,2.92,N
22.35744,87.28925,307.11,0.56,0.69,2026-09-14,1902,N21,VIIRS,n,2.0NRT,288.42,1.77,N
22.3592,87.0188,305.76,0.58,0.7,2026-09-14,1902,N21,VIIRS,n,2.0NRT,287.66,1.52,N
22.36289,87.30055,311.87,0.56,0.68,2026-09-14,1902,N21,VIIRS,n,2.0NRT,288.65,3.34,N
22.3656,87.01945,305.08,0.58,0.7,2026-09-14,1902,N21,VIIRS,n,2.0NRT,287.66,1.9,N
22.37722,87.28013,321.94,0.56,0.69,2026-09-14,1902,N21,VIIRS,n,2.0NRT,288.82,3.52,N
22.37765,87.27473,308.48,0.56,0.69,2026-09-14,1902,N21,VIIRS,n,2.0NRT,288.49,3.52,N
33.68937,72.71103,308.82,0.51,0.41,2026-09-14,2038,N21,VIIRS,n,2.0NRT,292.31,1.92,N
33.80096,72.09589,304.12,0.55,0.42,2026-09-14,2038,N21,VIIRS,n,2.0NRT,292.19,0.71,N
35.16983,73.26361,307.1,0.5,0.41,2026-09-14,2038,N21,VIIRS,n,2.0NRT,285.89,1.14,N
35.1715,73.26674,310.05,0.5,0.41,2026-09-14,2038,N21,VIIRS,n,2.0NRT,286.04,1.78,N
23.51563,87.27316,304.73,0.54,0.68,2026-09-14,2040,N21,VIIRS,n,2.0NRT,288.37,1.46,N
23.51619,87.27296,305.58,0.54,0.68,2026-09-14,2040,N21,VIIRS,n,2.0NRT,288.16,1.22,N
23.56068,87.08494,312.38,0.53,0.67,2026-09-14,2040,N21,VIIRS,n,2.0NRT,288.06,3.34,N
23.56131,87.08565,308.31,0.53,0.67,2026-09-14,2040,N21,VIIRS,n,2.0NRT,288.17,2.36,N
23.6112,86.78978,303.34,0.5,0.66,2026-09-14,2040,N21,VIIRS,n,2.0NRT,288.04,1.19,N
23.61362,86.79143,304.68,0.5,0.66,2026-09-14,2040,N21,VIIRS,n,2.0NRT,288.31,1.25,N
23.61502,86.78562,304.62,0.5,0.66,2026-09-14,2040,N21,VIIRS,n,2.0NRT,288.12,1.25,N
23.6458,85.43652,303.49,0.41,0.61,2026-09-14,2040,N21,VIIRS,n,2.0NRT,287.57,1.07,N
23.66051,87.1525,305.76,0.53,0.67,2026-09-14,2040,N21,VIIRS,n,2.0NRT,288.01,1.33,N
23.66077,87.1548,307.15,0.53,0.67,2026-09-14,2040,N21,VIIRS,n,2.0NRT,288.16,3.38,N
23.66569,86.0904,304.7,0.46,0.63,2026-09-14,2040,N21,VIIRS,n,2.0NRT,288.39,1.05,N
23.66711,86.93652,305.91,0.51,0.66,2026-09-14,2040,N21,VIIRS,n,2.0NRT,287.84,1.01,N
23.67685,86.0879,304.64,0.46,0.63,2026-09-14,2040,N21,VIIRS,n,2.0NRT,288.51,1.3,N
23.67726,85.32417,303.02,0.41,0.6,2026-09-14,2040,N21,VIIRS,n,2.0NRT,287.76,0.95,N
23.6774,86.40173,306.96,0.48,0.64,2026-09-14,2040,N21,VIIRS,n,2.0NRT,288.55,3.23,N
23.67784,86.08357,304.83,0.45,0.63,2026-09-14,2040,N21,VIIRS,n,2.0NRT,288.73,1.3,N
23.67847,86.39714,310.14,0.48,0.64,2026-09-14,2040,N21,VIIRS,n,2.0NRT,288.71,2.82,N
23.67898,86.0851,308.0,0.45,0.63,2026-09-14,2040,N21,VIIRS,n,2.0NRT,288.73,2.37,N
23.67951,86.39269,315.19,0.48,0.64,2026-09-14,2040,N21,VIIRS,n,2.0NRT,288.59,2.82,N
23.68148,86.09392,319.73,0.46,0.63,2026-09-14,2040,N21,VIIRS,n,2.0NRT,288.34,3.11,N
23.68257,86.09541,313.71,0.46,0.63,2026-09-14,2040,N21,VIIRS,n,2.0NRT,288.69,4.02,N
23.68528,86.3942,318.46,0.48,0.64,2026-09-14,2040,N21,VIIRS,n,2.0NRT,288.42,3.48,N
23.6863,86.38986,304.1,0.47,0.64,2026-09-14,2040,N21,VIIRS,n,2.0NRT,288.07,2.69,N
23.68732,87.09809,310.72,0.53,0.67,2026-09-14,2040,N21,VIIRS,n,2.0NRT,288.54,2.3,N
23.68841,87.12,310.52,0.53,0.67,2026-09-14,2040,N21,VIIRS,n,2.0NRT,288.29,3.71,N
23.69207,87.10486,303.68,0.53,0.67,2026-09-14,2040,N21,VIIRS,n,2.0NRT,288.08,2.3,N
23.6944,87.12169,305.45,0.53,0.67,2026-09-14,2040,N21,VIIRS,n,2.0NRT,288.29,2.45,N
23.69449,87.09485,309.73,0.52,0.67,2026-09-14,2040,N21,VIIRS,n,2.0NRT,288.47,2.76,N
23.69541,85.37074,325.74,0.41,0.61,2026-09-14,2040,N21,VIIRS,n,2.0NRT,288.21,3.15,N
23.6956,87.1167,308.05,0.53,0.67,2026-09-14,2040,N21,VIIRS,n,2.0NRT,288.04,2.7,N
23.70917,86.44554,308.64,0.48,0.65,2026-09-14,2040,N21,VIIRS,n,2.0NRT,288.73,1.84,N
23.71386,86.45161,307.17,0.48,0.65,2026-09-14,2040,N21,VIIRS,n,2.0NRT,288.76,1.84,N
23.71505,86.45078,308.06,0.48,0.65,2026-09-14,2040,N21,VIIRS,n,2.0NRT,288.95,2.94,N
23.72065,85.00901,303.57,0.39,0.59,2026-09-14,2040,N21,VIIRS,n,2.0NRT,287.62,0.67,N
23.73483,85.02093,302.31,0.39,0.59,2026-09-14,2040,N21,VIIRS,n,2.0NRT,287.65,1.28,N
23.7365,86.43389,322.08,0.48,0.64,2026-09-14,2040,N21,VIIRS,n,2.0NRT,289.2,4.39,N
23.73826,85.00575,304.2,0.39,0.59,2026-09-14,2040,N21,VIIRS,n,2.0NRT,288.01,1.52,N
23.75652,86.40105,310.39,0.47,0.64,2026-09-14,2040,N21,VIIRS,n,2.0NRT,289.09,3.77,N
23.75711,85.854,307.5,0.44,0.62,2026-09-14,2040,N21,VIIRS,n,2.0NRT,288.48,2.36,N
23.76228,86.40259,327.98,0.47,0.64,2026-09-14,2040,N21,VIIRS,n,2.0NRT,289.46,3.77,N
23.76436,86.39372,306.32,0.47,0.64,2026-09-14,2040,N21,VIIRS,n,2.0NRT,289.59,4.78,N
23.76801,86.40424,304.53,0.47,0.64,2026-09-14,2040,N21,VIIRS,n,2.0NRT,288.94,2.09,N
23.77176,86.36233,305.99,0.47,0.64,2026-09-14,2040,N21,VIIRS,n,2.0NRT,288.87,1.39,N
23.77366,86.19621,310.3,0.46,0.64,2026-09-14,2040,N21,VIIRS,n,2.0NRT,288.78,2.75,N
23.77413,86.19774,306.82,0.46,0.64,2026-09-14,2040,N21,VIIRS,n,2.0NRT,288.92,2.6,N
23.77674,86.2123,303.43,0.46,0.64,2026-09-14,2040,N21,VIIRS,n,2.0NRT,288.57,2.75,N
23.77728,85.56974,303.7,0.42,0.61,2026-09-14,2040,N21,VIIRS,n,2.0NRT,288.01,2.5,N
23.77776,86.20797,333.28,0.46,0.64,2026-09-14,2040,N21,VIIRS,n,2.0NRT,289.25,2.75,N
23.78075,85.57664,302.72,0.42,0.61,2026-09-14,2040,N21,VIIRS,n,2.0NRT,288.78,1.3,N
23.78112,86.37444,309.22,0.47,0.64,2026-09-14,2040,N21,VIIRS,n,2.0NRT,288.67,2.25,N
23.78165,86.34618,305.07,0.47,0.64,2026-09-14,2040,N21,VIIRS,n,2.0NRT,288.8,1.17,N
23.78269,86.34175,306.55,0.47,0.64,2026-09-14,2040,N21,VIIRS,n,2.0NRT,288.81,1.17,N
23.78346,86.20944,309.34,0.46,0.64,2026-09-14,2040,N21,VIIRS,n,2.0NRT,288.71,2.75,N
23.78641,85.55241,321.35,0.42,0.61,2026-09-14,2040,N21,VIIRS,n,2.0NRT,289.06,3.09,N
23.78645,85.5549,302.25,0.42,0.61,2026-09-14,2040,N21,VIIRS,n,2.0NRT,288.24,1.56,N
23.78733,85.55101,314.52,0.42,0.61,2026-09-14,2040,N21,VIIRS,n,2.0NRT,289.01,2.44,N
23.79207,86.35377,307.17,0.47,0.64,2026-09-14,2040,N21,VIIRS,n,2.0NRT,288.76,2.61,N
23.79309,86.34939,306.42,0.47,0.64,2026-09-14,2040,N21,VIIRS,n,2.0NRT,288.81,2.96,N
23.79626,86.28392,304.74,0.47,0.64,2026-09-14,2040,N21,VIIRS,n,2.0NRT,288.54,1.26,N
23.80302,86.33298,307.0,0.47,0.64,2026-09-14,2040,N21,VIIRS,n,2.0NRT,288.92,3.03,N
23.80405,86.32854,323.93,0.47,0.64,2026-09-14,2040,N21,VIIRS,n,2.0NRT,289.21,3.03,N
23.80507,86.3242,304.58,0.47,0.64,2026-09-14,2040,N21,VIIRS,n,2.0NRT,288.52,3.88,N
23.82434,85.46384,302.45,0.41,0.61,2026-09-14,2040,N21,VIIRS,n,2.0NRT,288.02,0.57,N
24.15373,82.59541,303.9,0.54,0.51,2026-09-14,2040,N21,VIIRS,n,2.0NRT,289.84,1.23,N
24.16013,82.56482,307.98,0.54,0.5,2026-09-14,2040,N21,VIIRS,n,2.0NRT,290.06,1.45,N
24.19454,82.7178,306.41,0.55,0.51,2026-09-14,2040,N21,VIIRS,n,2.0NRT,289.27,2.06,N
24.19571,82.71712,313.66,0.55,0.51,2026-09-14,2040,N21,VIIRS,n,2.0NRT,289.53,1.92,N
24.52919,81.1677,300.82,0.43,0.46,2026-09-14,2040,N21,VIIRS,n,2.0NRT,288.64,3.08,N
24.92229,84.15569,309.56,0.32,0.55,2026-09-14,2040,N21,VIIRS,n,2.0NRT,289.65,0.91,N
24.92925,84.14769,308.55,0.32,0.55,2026-09-14,2040,N21,VIIRS,n,2.0NRT,289.89,0.76,N
26.25638,74.09495,299.06,0.39,0.36,2026-09-14,2040,N21,VIIRS,n,2.0NRT,277.61,0.57,N
26.60456,73.68251,303.39,0.4,0.37,2026-09-14,2040,N21,VIIRS,n,2.0NRT,288.75,0.56,N
26.64297,79.48261,308.43,0.49,0.4,2026-09-14,2040,N21,VIIRS,n,2.0NRT,291.25,2.05,N
26.70178,77.85071,307.14,0.42,0.38,2026-09-14,2040,N21,VIIRS,n,2.0NRT,291.9,2.59,N
27.28916,73.83965,312.65,0.4,0.37,2026-09-14,2040,N21,VIIRS,n,2.0NRT,296.0,1.8,N
27.66671,76.13525,308.28,0.39,0.36,2026-09-14,2040,N21,VIIRS,n,2.0NRT,294.68,0.78,N
27.66732,76.13139,317.01,0.39,0.36,2026-09-14,2040,N21,VIIRS,n,2.0NRT,295.33,2.34,N
28.34537,77.23132,318.42,0.39,0.37,2026-09-14,2040,N21,VIIRS,n,2.0NRT,293.96,2.08,N
28.3739,77.22499,308.88,0.39,0.37,2026-09-14,2040,N21,VIIRS,n,2.0NRT,293.4,0.76,N
28.42381,69.69981,311.98,0.42,0.45,2026-09-14,2040,N21,VIIRS,n,2.0NRT,292.72,2.66,N
28.65167,77.58858,308.45,0.4,0.37,2026-09-14,2040,N21,VIIRS,n,2.0NRT,293.61,1.88,N
28.6637,77.57864,309.29,0.4,0.37,2026-09-14,2040,N21,VIIRS,n,2.0NRT,293.18,1.6,N
28.67239,77.56798,307.3,0.4,0.37,2026-09-14,2040,N21,VIIRS,n,2.0NRT,293.15,0.62,N
28.74356,76.92766,325.16,0.39,0.36,2026-09-14,2040,N21,VIIRS,n,2.0NRT,294.51,2.58,N
28.83559,77.13808,309.29,0.39,0.36,2026-09-14,2040,N21,VIIRS,n,2.0NRT,293.2,0.59,N
28.89317,78.85761,313.88,0.43,0.38,2026-09-14,2040,N21,VIIRS,n,2.0NRT,292.24,0.83,N
28.932,77.40009,305.05,0.39,0.37,2026-09-14,2040,N21,VIIRS,n,2.0NRT,292.69,0.64,N
29.12282,75.77981,307.95,0.38,0.36,2026-09-14,2040,N21,VIIRS,n,2.0NRT,295.83,0.81,N
29.53538,69.91194,324.74,0.42,0.45,2026-09-14,2040,N21,VIIRS,n,2.0NRT,296.11,3.7,N
29.9101,74.94936,314.84,0.4,0.37,2026-09-14,2040,N21,VIIRS,n,2.0NRT,296.39,1.09,N
30.26491,75.17178,307.78,0.39,0.36,2026-09-14,2040,N21,VIIRS,n,2.0NRT,296.12,1.14,N
30.44404,70.56683,308.92,0.4,0.44,2026-09-14,2040,N21,VIIRS,n,2.0NRT,295.74,2.85,N
30.85053,75.94878,308.29,0.39,0.36,2026-09-14,2040,N21,VIIRS,n,2.0NRT,293.84,0.96,N
32.57518,72.5607,308.64,0.5,0.41,2026-09-14,2040,N21,VIIRS,n,2.0NRT,294.31,4.05,N
32.71841,72.77322,305.92,0.49,0.4,2026-09-14,2040,N21,VIIRS,n,2.0NRT,293.01,0.85,N
17.60021,83.18509,308.99,0.4,0.6,2026-09-14,2042,N21,VIIRS,n,2.0NRT,287.48,1.35,N
17.60259,83.20084,305.61,0.4,0.6,2026-09-14,2042,N21,VIIRS,n,2.0NRT,286.91,1.38,N
17.60723,83.20568,307.84,0.4,0.6,2026-09-14,2042,N21,VIIRS,n,2.0NRT,286.39,1.38,N
17.60797,83.20211,314.12,0.4,0.6,2026-09-14,2042,N21,VIIRS,n,2.0NRT,286.8,1.38,N
20.75686,85.2962,303.79,0.47,0.64,2026-09-14,2042,N21,VIIRS,n,2.0NRT,286.32,0.99,N
20.75779,85.29201,306.82,0.47,0.64,2026-09-14,2042,N21,VIIRS,n,2.0NRT,286.04,0.99,N
20.76254,85.2979,310.43,0.47,0.64,2026-09-14,2042,N21,VIIRS,n,2.0NRT,286.67,1.85,N
20.78296,85.26278,302.9,0.47,0.64,2026-09-14,2042,N21,VIIRS,n,2.0NRT,286.81,3.19,N
20.7874,85.26784,309.52,0.47,0.64,2026-09-14,2042,N21,VIIRS,n,2.0NRT,286.8,2.99,N
20.78768,85.26861,306.98,0.47,0.64,2026-09-14,2042,N21,VIIRS,n,2.0NRT,286.76,1.51,N
20.79032,85.25468,304.94,0.46,0.64,2026-09-14,2042,N21,VIIRS,n,2.0NRT,287.07,2.51,N
20.79068,85.25549,307.6,0.46,0.64,2026-09-14,2042,N21,VIIRS,n,2.0NRT,287.01,2.29,N
20.79168,85.25111,313.14,0.46,0.64,2026-09-14,2042,N21,VIIRS,n,2.0NRT,286.63,2.29,N
20.79605,85.2561,307.03,0.46,0.64,2026-09-14,2042,N21,VIIRS,n,2.0NRT,286.5,2.37,N
20.86099,84.98843,306.69,0.45,0.63,2026-09-14,2042,N21,VIIRS,n,2.0NRT,286.66,0.89,N
20.86217,84.99416,304.77,0.45,0.63,2026-09-14,2042,N21,VIIRS,n,2.0NRT,287.03,1.28,N
20.86314,84.98988,310.54,0.45,0.63,2026-09-14,2042,N21,VIIRS,n,2.0NRT,287.2,1.28,N
20.86567,84.99416,309.4,0.45,0.63,2026-09-14,2042,N21,VIIRS,n,2.0NRT,287.31,3.31,N
20.86663,84.98975,308.51,0.45,0.63,2026-09-14,2042,N21,VIIRS,n,2.0NRT,287.3,2.2,N
20.86779,84.99562,305.66,0.45,0.63,2026-09-14,2042,N21,VIIRS,n,2.0NRT,287.71,2.21,N
20.88278,84.98183,302.58,0.44,0.63,2026-09-14,2042,N21,VIIRS,n,2.0NRT,286.96,1.17,N
20.88836,84.98347,308.5,0.44,0.63,2026-09-14,2042,N21,VIIRS,n,2.0NRT,287.04,1.17,N
20.8893,84.97926,305.53,0.44,0.63,2026-09-14,2042,N21,VIIRS,n,2.0NRT,286.9,1.17,N
20.95543,85.01265,304.21,0.44,0.63,2026-09-14,2042,N21,VIIRS,n,2.0NRT,286.82,1.87,N
20.95926,85.0117,302.55,0.44,0.63,2026-09-14,2042,N21,VIIRS,n,2.0NRT,287.05,1.46,N
20.96169,86.00776,341.69,0.51,0.66,2026-09-14,2042,N21,VIIRS,n,2.0NRT,287.61,6.79,N
20.96334,86.00867,346.13,0.51,0.66,2026-09-14,2042,N21,VIIRS,n,2.0NRT,287.69,5.96,N
20.96431,85.18452,301.74,0.46,0.63,2026-09-14,2042,N21,VIIRS,n,2.0NRT,286.15,3.24,N
20.96446,86.00382,311.26,0.51,0.66,2026-09-14,2042,N21,VIIRS,n,2.0NRT,287.38,5.96,N
20.9665,86.01437,317.67,0.52,0.66,2026-09-14,2042,N21,VIIRS,n,2.0NRT,287.23,3.27,N
20.9676,86.00948,310.72,0.51,0.66,2026-09-14,2042,N21,VIIRS,n,2.0NRT,287.58,3.27,N
20.96813,86.01519,314.05,0.51,0.66,2026-09-14,2042,N21,VIIRS,n,2.0NRT,287.33,6.63,N
20.96868,86.00469,304.62,0.51,0.66,2026-09-14,2042,N21,VIIRS,n,2.0NRT,287.37,3.4,N
20.96925,86.01038,315.03,0.51,0.66,2026-09-14,2042,N21,VIIRS,n,2.0NRT,287.39,5.96,N
20.97149,86.00072,302.97,0.51,0.66,2026-09-14,2042,N21,VIIRS,n,2.0NRT,286.95,2.33,N
21.07389,85.05201,303.17,0.44,0.63,2026-09-14,2042,N21,VIIRS,n,2.0NRT,286.91,0.95,N
21.07666,85.03977,307.18,0.44,0.63,2026-09-14,2042,N21,VIIRS,n,2.0NRT,287.12,1.53,N
21.07759,85.03568,303.37,0.44,0.63,2026-09-14,2042,N21,VIIRS,n,2.0NRT,287.31,1.53,N
21.08142,85.03332,303.09,0.44,0.63,2026-09-14,2042,N21,VIIRS,n,2.0NRT,286.88,1.57,N
21.18076,81.37984,304.29,0.51,0.5,2026-09-14,2042,N21,VIIRS,n,2.0NRT,289.67,2.83,N
21.18214,81.38747,309.66,0.52,0.5,2026-09-14,2042,N21,VIIRS,n,2.0NRT,290.17,2.16,N
21.18309,81.38263,307.77,0.52,0.5,2026-09-14,2042,N21,VIIRS,n,2.0NRT,289.77,2.16,N
21.18773,81.39164,305.63,0.52,0.5,2026-09-14,2042,N21,VIIRS,n,2.0NRT,290.08,1.8,N
21.19621,81.41924,305.31,0.52,0.5,2026-09-14,2042,N21,VIIRS,n,2.0NRT,289.35,1.03,N
21.30105,81.60558,304.37,0.53,0.5,2026-09-14,2042,N21,VIIRS,n,2.0NRT,289.28,1.81,N
21.30858,81.59174,307.89,0.53,0.5,2026-09-14,2042,N21,VIIRS,n,2.0NRT,290.07,1.45,N
21.34636,81.66478,305.84,0.53,0.5,2026-09-14,2042,N21,VIIRS,n,2.0NRT,290.38,1.39,N
21.36703,81.68009,304.53,0.53,0.5,2026-09-14,2042,N21,VIIRS,n,2.0NRT,290.15,1.34,N
21.37054,81.68623,304.32,0.53,0.5,2026-09-14,2042,N21,VIIRS,n,2.0NRT,290.25,0.85,N
21.37518,81.64014,310.39,0.53,0.5,2026-09-14,2042,N21,VIIRS,n,2.0NRT,290.71,1.73,N
21.37611,81.68229,311.54,0.53,0.5,2026-09-14,2042,N21,VIIRS,n,2.0NRT,290.71,3.87,N
21.48692,81.76966,307.32,0.54,0.51,2026-09-14,2042,N21,VIIRS,n,2.0NRT,290.79,1.61,N
21.57388,82.02403,308.68,0.56,0.51,2026-09-14,2042,N21,VIIRS,n,2.0NRT,291.06,1.99,N
21.67151,82.08208,307.62,0.56,0.51,2026-09-14,2042,N21,VIIRS,n,2.0NRT,291.03,1.39,N
21.67801,84.03996,310.8,0.37,0.58,2026-09-14,2042,N21,VIIRS,n,2.0NRT,289.7,2.34,N
21.68322,84.04133,304.24,0.37,0.58,2026-09-14,2042,N21,VIIRS,n,2.0NRT,289.21,1.01,N
21.7295,82.21554,304.65,0.57,0.52,2026-09-14,2042,N21,VIIRS,n,2.0NRT,290.64,0.79,N
21.74265,83.84153,324.28,0.36,0.57,2026-09-14,2042,N21,VIIRS,n,2.0NRT,290.6,4.21,N
21.74696,83.97482,307.13,0.37,0.58,2026-09-14,2042,N21,VIIRS,n,2.0NRT,289.34,0.93,N
21.74779,83.84294,367.0,0.36,0.57,2026-09-14,2042,N21,VIIRS,h,2.0NRT,292.0,7.23,N
21.74852,83.83949,311.8,0.36,0.57,2026-09-14,2042,N21,VIIRS,n,2.0NRT,290.05,5.24,N
21.75265,84.02393,310.14,0.37,0.58,2026-09-14,2042,N21,VIIRS,n,2.0NRT,289.22,1.03,N
21.75292,83.84437,321.66,0.36,0.57,2026-09-14,2042,N21,VIIRS,n,2.0NRT,290.16,7.23,N
21.75365,83.84093,313.81,0.36,0.57,2026-09-14,2042,N21,VIIRS,n,2.0NRT,289.7,5.24,N
21.75786,84.02525,303.35,0.37,0.58,2026-09-14,2042,N21,VIIRS,n,2.0NRT,288.61,1.03,N
21.75806,83.84572,319.33,0.36,0.57,2026-09-14,2042,N21,VIIRS,n,2.0NRT,289.69,2.05,N
21.75855,83.84785,305.54,0.36,0.57,2026-09-14,2042,N21,VIIRS,n,2.0NRT,289.53,1.89,N
21.75861,84.0218,303.63,0.37,0.58,2026-09-14,2042,N21,VIIRS,n,2.0NRT,289.0,2.43,N
21.75879,83.84231,309.62,0.36,0.57,2026-09-14,2042,N21,VIIRS,n,2.0NRT,289.86,2.36,N
21.7593,83.84444,308.15,0.36,0.57,2026-09-14,2042,N21,VIIRS,n,2.0NRT,289.55,1.89,N
21.76248,83.85052,314.2,0.36,0.57,2026-09-14,2042,N21,VIIRS,n,2.0NRT,289.83,2.05,N
21.76321,83.84705,316.59,0.36,0.57,2026-09-14,2042,N21,VIIRS,n,2.0NRT,289.97,2.05,N
21.76369,83.84921,322.71,0.36,0.57,2026-09-14,2042,N21,VIIRS,n,2.0NRT,290.23,1.89,N
21.76458,84.01968,316.42,0.37,0.58,2026-09-14,2042,N21,VIIRS,n,2.0NRT,289.28,1.9,N
21.76978,84.02101,307.1,0.37,0.58,2026-09-14,2042,N21,VIIRS,n,2.0NRT,289.08,1.9,N
21.79026,80.01587,306.44,0.41,0.45,2026-09-14,2042,N21,VIIRS,n,2.0NRT,289.05,0.92,N
21.81887,83.99714,303.88,0.37,0.58,2026-09-14,2042,N21,VIIRS,n,2.0NRT,288.93,0.83,N
21.82339,83.90005,305.22,0.36,0.58,2026-09-14,2042,N21,VIIRS,n,2.0NRT,289.34,1.18,N
21.8581,83.96725,307.22,0.37,0.58,2026-09-14,2042,N21,VIIRS,n,2.0NRT,289.34,1.28,N
21.85818,83.9668,307.94,0.36,0.58,2026-09-14,2042,N21,VIIRS,n,2.0NRT,289.34,1.17,N
21.87594,83.55579,312.15,0.34,0.56,2026-09-14,2042,N21,VIIRS,n,2.0NRT,289.7,1.88,N
21.91965,83.35175,336.06,0.33,0.55,2026-09-14,2042,N21,VIIRS,n,2.0NRT,291.1,3.99,N
21.92032,83.34862,321.34,0.33,0.55,2026-09-14,2042,N21,VIIRS,n,2.0NRT,290.31,3.99,N
21.92289,85.22226,309.28,0.44,0.62,2026-09-14,2042,N21,VIIRS,n,2.0NRT,287.12,1.51,N
21.92597,83.34671,304.68,0.33,0.55,2026-09-14,2042,N21,VIIRS,n,2.0NRT,289.78,2.39,N
21.92943,85.2195,305.08,0.44,0.62,2026-09-14,2042,N21,VIIRS,n,2.0NRT,286.84,1.51,N
21.96565,83.77211,311.78,0.35,0.57,2026-09-14,2042,N21,VIIRS,n,2.0NRT,289.78,1.58,N
21.96744,85.31328,301.27,0.44,0.63,2026-09-14,2042,N21,VIIRS,n,2.0NRT,287.08,0.73,N
21.98137,83.23314,304.9,0.33,0.55,2026-09-14,2042,N21,VIIRS,n,2.0NRT,289.57,0.79,N
21.98632,83.23437,308.82,0.33,0.55,2026-09-14,2042,N21,VIIRS,n,2.0NRT,289.78,0.86,N
22.0038,82.66859,305.96,0.6,0.53,2026-09-14,2042,N21,VIIRS,n,2.0NRT,289.85,3.13,N
22.00438,82.66882,306.14,0.6,0.53,2026-09-14,2042,N21,VIIRS,n,2.0NRT,289.76,1.95,N
22.01285,83.75261,308.56,0.35,0.57,2026-09-14,2042,N21,VIIRS,n,2.0NRT,289.47,1.26,N
22.0148,83.75345,309.03,0.35,0.57,2026-09-14,2042,N21,VIIRS,n,2.0NRT,289.82,1.5,N
22.01554,83.75007,308.13,0.35,0.57,2026-09-14,2042,N21,VIIRS,n,2.0NRT,289.67,1.62,N
22.01905,83.30076,304.26,0.33,0.55,2026-09-14,2042,N21,VIIRS,n,2.0NRT,289.27,0.72,N
22.03114,83.36661,306.93,0.33,0.55,2026-09-14,2042,N21,VIIRS,n,2.0NRT,289.5,2.0,N
22.03249,83.36028,306.23,0.33,0.55,2026-09-14,2042,N21,VIIRS,n,2.0NRT,289.8,1.51,N
22.03949,83.352,313.39,0.33,0.55,2026-09-14,2042,N21,VIIRS,n,2.0NRT,289.75,2.08,N
22.04164,83.72894,332.18,0.35,0.57,2026-09-14,2042,N21,VIIRS,n,2.0NRT,290.09,4.56,N
22.05363,88.1267,314.68,0.66,0.73,2026-09-14,2042,N21,VIIRS,n,2.0NRT,287.96,5.71,N
22.13498,85.38303,307.1,0.44,0.63,2026-09-14,2042,N21,VIIRS,n,2.0NRT,287.13,1.45,N
22.20662,84.54981,306.8,0.39,0.59,2026-09-14,2042,N21,VIIRS,n,2.0NRT,288.19,0.91,N
22.21792,84.75562,305.6,0.4,0.6,2026-09-14,2042,N21,VIIRS,n,2.0NRT,287.61,1.89,N
22.21899,84.75605,305.76,0.4,0.6,2026-09-14,2042,N21,VIIRS,n,2.0NRT,287.54,1.29,N
22.22413,84.7533,305.21,0.4,0.6,2026-09-14,2042,N21,VIIRS,n,2.0NRT,287.36,2.14,N
22.24624,87.38744,306.12,0.59,0.7,2026-09-14,2042,N21,VIIRS,n,2.0NRT,287.97,1.84,N
22.31216,82.52965,308.5,0.58,0.52,2026-09-14,2042,N21,VIIRS,n,2.0NRT,289.92,3.37,N
22.35454,82.3019,315.22,0.56,0.51,2026-09-14,2042,N21,VIIRS,n,2.0NRT,290.27,2.75,N
22.35918,82.30299,331.12,0.56,0.51,2026-09-14,2042,N21,VIIRS,n,2.0NRT,291.06,7.36,N
22.36032,87.01744,306.62,0.56,0.69,2026-09-14,2042,N21,VIIRS,n,2.0NRT,287.42,1.64,N
22.36313,87.30107,309.98,0.58,0.7,2026-09-14,2042,N21,VIIRS,n,2.0NRT,288.39,3.48,N
22.36592,87.01622,308.72,0.56,0.68,2026-09-14,2042,N21,VIIRS,n,2.0NRT,287.64,2.52,N
22.36644,87.01916,309.57,0.56,0.69,2026-09-14,2042,N21,VIIRS,n,2.0NRT,287.45,1.64,N
22.37452,87.28115,318.46,0.58,0.69,2026-09-14,2042,N21,VIIRS,n,2.0NRT,288.71,4.75,N
22.37581,87.27573,312.51,0.58,0.69,2026-09-14,2042,N21,VIIRS,n,2.0NRT,288.53,4.48,N
22.57136,85.89476,313.73,0.47,0.64,2026-09-14,2042,N21,VIIRS,n,2.0NRT,288.99,2.0,N
22.57236,85.89045,304.64,0.47,0.64,2026-09-14,2042,N21,VIIRS,n,2.0NRT,288.44,2.0,N
22.59312,85.90582,303.73,0.47,0.64,2026-09-14,2042,N21,VIIRS,n,2.0NRT,288.2,0.74,N
22.60925,85.91496,304.08,0.47,0.64,2026-09-14,2042,N21,VIIRS,n,2.0NRT,288.21,1.49,N
22.60979,85.91398,307.78,0.47,0.64,2026-09-14,2042,N21,VIIRS,n,2.0NRT,288.62,1.49,N
22.78535,86.20393,310.54,0.48,0.65,2026-09-14,2042,N21,VIIRS,n,2.0NRT,288.45,3.3,N
22.78655,86.20409,309.79,0.48,0.65,2026-09-14,2042,N21,VIIRS,n,2.0NRT,288.66,2.94,N
22.78861,86.1951,304.69,0.48,0.65,2026-09-14,2042,N21,VIIRS,n,2.0NRT,288.44,2.89,N
22.79935,86.09241,306.39,0.48,0.64,2026-09-14,2042,N21,VIIRS,n,2.0NRT,288.32,1.66,N
22.79986,86.09218,309.67,0.48,0.64,2026-09-14,2042,N21,VIIRS,n,2.0NRT,288.3,2.23,N
22.80042,86.08786,308.99,0.48,0.64,2026-09-14,2042,N21,VIIRS,n,2.0NRT,288.1,1.66,N
22.8009,86.08762,305.55,0.48,0.64,2026-09-14,2042,N21,VIIRS,n,2.0NRT,287.86,1.92,N
22.87393,86.06097,305.22,0.47,0.64,2026-09-14,2042,N21,VIIRS,n,2.0NRT,288.3,1.97,N
23.16279,82.33694,316.75,0.54,0.51,2026-09-14,2042,N21,VIIRS,n,2.0NRT,290.18,3.1,N
23.16631,82.34323,317.86,0.54,0.51,2026-09-14,2042,N21,VIIRS,n,2.0NRT,290.19,3.34,N
23.16737,82.33801,308.65,0.54,0.51,2026-09-14,2042,N21,VIIRS,n,2.0NRT,290.14,1.9,N
25.38552,68.58286,297.14,0.45,0.47,2026-09-14,2042,N21,VIIRS,n,2.0NRT,267.46,0.63,N
13.15995,80.28497,306.06,0.62,0.54,2026-09-14,2044,N21,VIIRS,n,2.0NRT,289.4,2.64,N
14.58639,78.5814,306.51,0.45,0.47,2026-09-14,2044,N21,VIIRS,n,2.0NRT,292.67,4.38,N
15.02336,78.01554,315.33,0.41,0.45,2026-09-14,2044,N21,VIIRS,n,2.0NRT,293.96,5.57,N
15.11033,76.80808,305.65,0.52,0.41,2026-09-14,2044,N21,VIIRS,n,2.0NRT,293.76,1.47,N
15.16907,76.38026,308.7,0.49,0.4,2026-09-14,2044,N21,VIIRS,n,2.0NRT,293.94,2.11,N
15.16915,76.66882,306.8,0.51,0.41,2026-09-14,2044,N21,VIIRS,n,2.0NRT,294.76,2.34,N
15.17263,76.69358,311.76,0.51,0.41,2026-09-14,2044,N21,VIIRS,n,2.0NRT,294.46,2.32,N
15.17352,76.37646,306.26,0.49,0.4,2026-09-14,2044,N21,VIIRS,n,2.0NRT,293.43,1.56,N
15.17367,76.6649,305.82,0.51,0.41,2026-09-14,2044,N21,VIIRS,n,2.0NRT,294.22,1.75,N
15.17411,76.69121,311.89,0.51,0.41,2026-09-14,2044,N21,VIIRS,n,2.0NRT,294.5,1.96,N
15.17447,76.66024,306.48,0.51,0.41,2026-09-14,2044,N21,VIIRS,n,2.0NRT,294.6,1.75,N
15.17501,76.67963,316.99,0.51,0.41,2026-09-14,2044,N21,VIIRS,n,2.0NRT,294.99,3.27,N
15.17526,76.65558,326.41,0.51,0.41,2026-09-14,2044,N21,VIIRS,n,2.0NRT,296.71,4.55,N
15.17581,76.67496,317.56,0.51,0.41,2026-09-14,2044,N21,VIIRS,n,2.0NRT,295.12,2.24,N
15.17615,76.65793,326.75,0.51,0.41,2026-09-14,2044,N21,VIIRS,n,2.0NRT,296.03,6.8,N
15.17658,76.67728,327.99,0.51,0.41,2026-09-14,2044,N21,VIIRS,n,2.0NRT,296.11,3.29,N
15.17698,76.65329,324.03,0.51,0.41,2026-09-14,2044,N21,VIIRS,n,2.0NRT,295.94,4.12,N
15.17899,76.6563,321.44,0.51,0.41,2026-09-14,2044,N21,VIIRS,n,2.0NRT,294.68,4.03,N
15.17954,76.6757,317.96,0.51,0.41,2026-09-14,2044,N21,VIIRS,n,2.0NRT,296.11,2.24,N
15.17975,77.10361,306.6,0.54,0.42,2026-09-14,2044,N21,VIIRS,n,2.0NRT,293.37,2.31,N
15.18031,76.67801,311.92,0.51,0.41,2026-09-14,2044,N21,VIIRS,n,2.0NRT,295.41,3.29,N
15.18033,76.67103,306.7,0.51,0.41,2026-09-14,2044,N21,VIIRS,n,2.0NRT,294.8,2.24,N
15.18113,76.66634,332.86,0.51,0.41,2026-09-14,2044,N21,VIIRS,n,2.0NRT,295.54,7.59,N
15.18113,76.67334,311.7,0.51,0.41,2026-09-14,2044,N21,VIIRS,n,2.0NRT,295.37,4.18,N
15.18195,76.66869,330.44,0.51,0.41,2026-09-14,2044,N21,VIIRS,n,2.0NRT,295.83,4.18,N
15.18486,76.67406,305.95,0.51,0.41,2026-09-14,2044,N21,VIIRS,n,2.0NRT,294.23,1.7,N
15.33118,76.24702,307.03,0.48,0.4,2026-09-14,2044,N21,VIIRS,n,2.0NRT,292.92,0.91,N
15.33683,76.28011,327.79,0.48,0.4,2026-09-14,2044,N21,VIIRS,n,2.0NRT,294.2,3.78,N
18.68213,73.03729,304.99,0.39,0.36,2026-09-14,2044,N21,VIIRS,n,2.0NRT,288.64,1.55,N
18.68268,73.03368,304.16,0.39,0.36,2026-09-14,2044,N21,VIIRS,n,2.0NRT,289.15,0.93,N
18.68324,73.03005,304.38,0.39,0.36,2026-09-14,2044,N21,VIIRS,n,2.0NRT,289.33,0.93,N
18.68542,73.03785,312.26,0.39,0.36,2026-09-14,2044,N21,VIIRS,n,2.0NRT,289.64,1.82,N
18.68654,73.03061,310.92,0.39,0.36,2026-09-14,2044,N21,VIIRS,n,2.0NRT,290.77,1.65,N
18.69202,73.03897,302.64,0.39,0.36,2026-09-14,2044,N21,VIIRS,n,2.0NRT,285.56,0.96,N
22.74278,97.86939,334.51,0.45,0.47,2026-09-15,614,N21,VIIRS,n,2.0NRT,294.84,3.71,D
23.97785,97.77013,329.53,0.44,0.46,2026-09-15,614,N21,VIIRS,l,2.0NRT,304.42,4.99,D
23.97825,95.92934,329.73,0.56,0.52,2026-09-15,614,N21,VIIRS,n,2.0NRT,293.82,2.97,D
24.41496,96.1926,329.19,0.53,0.5,2026-09-15,614,N21,VIIRS,n,2.0NRT,293.67,4.02,D
25.48006,97.37679,339.32,0.43,0.46,2026-09-15,614,N21,VIIRS,n,2.0NRT,294.97,5.2,D
26.89046,93.04157,335.37,0.37,0.58,2026-09-15,614,N21,VIIRS,n,2.0NRT,290.34,1.66,D
8.76811,77.33213,337.9,0.39,0.44,2026-09-15,750,N21,VIIRS,n,2.0NRT,295.6,5.34,D
8.76866,77.33543,336.4,0.39,0.44,2026-09-15,750,N21,VIIRS,n,2.0NRT,296.52,5.34,D
9.85442,76.45007,340.39,0.42,0.45,2026-09-15,752,N21,VIIRS,n,2.0NRT,294.31,7.48,D
10.03031,76.72562,330.77,0.4,0.44,2026-09-15,752,N21,VIIRS,n,2.0NRT,294.34,4.59,D
10.20695,79.01132,337.42,0.45,0.39,2026-09-15,752,N21,VIIRS,l,2.0NRT,303.05,8.73,D
10.86922,79.84652,339.37,0.41,0.37,2026-09-15,752,N21,VIIRS,n,2.0NRT,304.01,5.97,D
11.96841,78.91827,333.33,0.44,0.38,2026-09-15,752,N21,VIIRS,n,2.0NRT,298.98,2.81,D
12.90129,76.29606,341.26,0.39,0.44,2026-09-15,752,N21,VIIRS,n,2.0NRT,304.54,3.45,D
12.90365,76.29477,337.34,0.39,0.44,2026-09-15,752,N21,VIIRS,n,2.0NRT,304.9,3.87,D
13.37898,76.37723,338.08,0.57,0.43,2026-09-15,752,N21,VIIRS,n,2.0NRT,307.48,5.35,D
14.88062,75.68179,331.07,0.39,0.44,2026-09-15,752,N21,VIIRS,l,2.0NRT,304.4,2.17,D
14.99895,77.21571,341.78,0.48,0.4,2026-09-15,752,N21,VIIRS,l,2.0NRT,309.84,14.44,D
15.12052,76.07805,338.0,0.55,0.43,2026-09-15,752,N21,VIIRS,l,2.0NRT,308.11,6.6,D
15.16268,75.6703,331.47,0.39,0.44,2026-09-15,752,N21,VIIRS,l,2.0NRT,304.87,0.75,D
15.17772,76.65731,340.88,0.51,0.41,2026-09-15,752,N21,VIIRS,n,2.0NRT,301.0,5.12,D
15.31842,75.17278,339.36,0.42,0.45,2026-09-15,752,N21,VIIRS,n,2.0NRT,306.77,2.85,D
15.32154,75.17179,341.29,0.42,0.45,2026-09-15,752,N21,VIIRS,n,2.0NRT,306.27,3.18,D
15.44945,75.32252,336.46,0.41,0.45,2026-09-15,752,N21,VIIRS,l,2.0NRT,310.71,6.95,D
15.50071,76.2095,333.46,0.54,0.42,2026-09-15,752,N21,VIIRS,l,2.0NRT,308.26,3.03,D
16.74302,80.72356,332.87,0.38,0.36,2026-09-15,752,N21,VIIRS,n,2.0NRT,298.51,6.76,D
16.85888,80.8147,330.64,0.39,0.36,2026-09-15,752,N21,VIIRS,l,2.0NRT,301.24,2.48,D
16.92706,80.8142,332.19,0.39,0.36,2026-09-15,752,N21,VIIRS,n,2.0NRT,298.31,2.77,D
17.86201,83.3682,330.77,0.46,0.39,2026-09-15,752,N21,VIIRS,n,2.0NRT,296.37,4.32,D
17.86559,83.36766,338.8,0.46,0.39,2026-09-15,752,N21,VIIRS,n,2.0NRT,296.54,4.32,D
17.16786,76.21546,331.18,0.51,0.41,2026-09-15,754,N21,VIIRS,l,2.0NRT,303.95,6.81,D
17.26132,76.81692,339.06,0.47,0.4,2026-09-15,754,N21,VIIRS,l,2.0NRT,305.88,6.43,D
17.61811,75.93732,334.82,0.52,0.41,2026-09-15,754,N21,VIIRS,l,2.0NRT,308.28,4.38,D
17.69175,75.54086,331.87,0.54,0.42,2026-09-15,754,N21,VIIRS,l,2.0NRT,304.62,5.14,D
17.95768,80.79552,330.44,0.39,0.36,2026-09-15,754,N21,VIIRS,n,2.0NRT,297.27,3.23,D
18.31076,75.88063,331.09,0.51,0.41,2026-09-15,754,N21,VIIRS,l,2.0NRT,305.66,2.52,D
18.3189,74.25737,330.96,0.42,0.45,2026-09-15,754,N21,VIIRS,l,2.0NRT,305.46,2.16,D
18.41216,74.76319,330.74,0.39,0.44,2026-09-15,754,N21,VIIRS,n,2.0NRT,300.62,2.17,D
20.79419,85.25394,346.83,0.42,0.45,2026-09-15,754,N21,VIIRS,n,2.0NRT,296.51,10.81,D
20.8236,75.08286,333.13,0.52,0.41,2026-09-15,754,N21,VIIRS,n,2.0NRT,297.94,5.84,D
20.88648,84.9843,342.66,0.41,0.45,2026-09-15,754,N21,VIIRS,n,2.0NRT,298.42,5.11,D
20.8901,84.97985,332.61,0.41,0.45,2026-09-15,754,N21,VIIRS,n,2.0NRT,298.01,5.11,D
20.96124,85.18665,344.02,0.42,0.45,2026-09-15,754,N21,VIIRS,n,2.0NRT,299.42,15.0,D
20.96182,85.1709,331.81,0.42,0.45,2026-09-15,754,N21,VIIRS,n,2.0NRT,298.51,6.66,D
20.96321,85.18289,333.36,0.42,0.45,2026-09-15,754,N21,VIIRS,n,2.0NRT,298.9,7.34,D
20.96368,85.18692,347.57,0.42,0.45,2026-09-15,754,N21,VIIRS,n,2.0NRT,300.2,13.51,D
20.9655,85.16637,333.1,0.42,0.45,2026-09-15,754,N21,VIIRS,n,2.0NRT,298.27,6.34,D
20.97056,85.1738,351.98,0.42,0.45,2026-09-15,754,N21,VIIRS,n,2.0NRT,300.11,14.89,D
21.07876,85.03534,332.42,0.41,0.45,2026-09-15,754,N21,VIIRS,n,2.0NRT,300.29,10.59,D
21.19239,81.41476,332.81,0.41,0.37,2026-09-15,754,N21,VIIRS,n,2.0NRT,292.78,2.49,D
21.74434,83.84428,330.55,0.54,0.42,2026-09-15,754,N21,VIIRS,n,2.0NRT,298.0,4.87,D
21.74819,83.84373,339.13,0.54,0.42,2026-09-15,754,N21,VIIRS,n,2.0NRT,300.11,15.49,D
21.75589,83.84266,336.69,0.54,0.42,2026-09-15,754,N21,VIIRS,n,2.0NRT,298.21,12.14,D
21.76284,83.84975,333.38,0.54,0.42,2026-09-15,754,N21,VIIRS,n,2.0NRT,298.73,7.14,D
22.05318,88.12531,331.62,0.33,0.55,2026-09-15,754,N21,VIIRS,n,2.0NRT,299.13,2.46,D
22.20994,84.86133,332.42,0.41,0.45,2026-09-15,754,N21,VIIRS,n,2.0NRT,296.66,3.94,D
22.21503,84.86877,330.82,0.41,0.45,2026-09-15,754,N21,VIIRS,n,2.0NRT,296.48,4.83,D
22.3582,82.30425,336.71,0.46,0.39,2026-09-15,754,N21,VIIRS,n,2.0NRT,297.55,6.96,D
22.37667,87.27725,331.03,0.59,0.53,2026-09-15,754,N21,VIIRS,n,2.0NRT,293.99,11.29,D
22.37778,87.27937,335.79,0.59,0.53,2026-09-15,754,N21,VIIRS,n,2.0NRT,294.15,11.18,D
23.16464,82.34007,332.81,0.47,0.4,2026-09-15,754,N21,VIIRS,n,2.0NRT,298.9,5.19,D
23.50048,91.71208,333.11,0.59,0.7,2026-09-15,754,N21,VIIRS,n,2.0NRT,290.09,7.78,D
23.50187,91.71603,334.05,0.59,0.7,2026-09-15,754,N21,VIIRS,n,2.0NRT,289.86,11.96,D
23.6776,86.3942,333.15,0.54,0.51,2026-09-15,754,N21,VIIRS,n,2.0NRT,297.55,7.86,D
23.67813,86.39944,330.83,0.54,0.51,2026-09-15,754,N21,VIIRS,n,2.0NRT,298.25,11.53,D
23.67892,86.39605,331.6,0.54,0.51,2026-09-15,754,N21,VIIRS,n,2.0NRT,298.43,7.75,D
23.68224,86.39358,331.6,0.54,0.51,2026-09-15,754,N21,VIIRS,n,2.0NRT,297.39,6.08,D
23.68355,86.39541,334.32,0.54,0.51,2026-09-15,754,N21,VIIRS,n,2.0NRT,297.43,7.75,D
23.68687,86.39296,332.63,0.54,0.51,2026-09-15,754,N21,VIIRS,n,2.0NRT,295.97,6.08,D
23.69587,85.36932,333.03,0.46,0.47,2026-09-15,754,N21,VIIRS,n,2.0NRT,293.93,3.64,D
23.71136,86.44856,334.75,0.54,0.51,2026-09-15,754,N21,VIIRS,n,2.0NRT,296.5,11.32,D
23.7382,86.43439,339.67,0.54,0.51,2026-09-15,754,N21,VIIRS,n,2.0NRT,296.68,10.84,D
23.75663,85.85342,331.67,0.5,0.49,2026-09-15,754,N21,VIIRS,n,2.0NRT,297.92,5.93,D
23.78004,86.21083,341.95,0.53,0.5,2026-09-15,754,N21,VIIRS,n,2.0NRT,296.56,9.47,D
23.78704,85.55325,332.73,0.48,0.48,2026-09-15,754,N21,VIIRS,n,2.0NRT,297.59,3.18,D
23.80147,86.32903,334.78,0.54,0.5,2026-09-15,754,N21,VIIRS,n,2.0NRT,297.49,9.77,D
24.19787,82.71607,332.5,0.5,0.41,2026-09-15,754,N21,VIIRS,n,2.0NRT,297.84,5.54,D
26.18587,91.81001,326.65,0.64,0.72,2026-09-15,756,N21,VIIRS,n,2.0NRT,288.9,6.4,D
26.37746,78.60052,332.1,0.39,0.36,2026-09-15,756,N21,VIIRS,n,2.0NRT,296.87,3.74,D
27.42038,70.86834,337.77,0.46,0.47,2026-09-15,756,N21,VIIRS,n,2.0NRT,305.56,5.08,D
28.45914,68.03567,335.55,0.32,0.55,2026-09-15,756,N21,VIIRS,n,2.0NRT,302.72,6.75,D
28.55451,77.08445,335.42,0.38,0.36,2026-09-15,756,N21,VIIRS,n,2.0NRT,303.98,3.83,D
29.29466,70.65086,330.04,0.44,0.46,2026-09-15,756,N21,VIIRS,l,2.0NRT,301.84,1.91,D
29.73137,69.9503,333.2,0.47,0.48,2026-09-15,756,N21,VIIRS,n,2.0NRT,299.67,5.5,D
29.8047,70.41058,331.34,0.44,0.46,2026-09-15,756,N21,VIIRS,l,2.0NRT,301.65,2.78,D
30.26756,75.17442,330.29,0.4,0.37,2026-09-15,756,N21,VIIRS,l,2.0NRT,303.16,5.81,D
31.05087,74.48088,331.28,0.41,0.37,2026-09-15,758,N21,VIIRS,n,2.0NRT,296.66,4.5,D
31.12929,74.62807,330.84,0.41,0.37,2026-09-15,758,N21,VIIRS,n,2.0NRT,299.02,4.4,D
31.39248,75.85404,331.24,0.39,0.36,2026-09-15,758,N21,VIIRS,n,2.0NRT,289.59,4.31,D
31.45562,74.87386,336.91,0.4,0.37,2026-09-15,758,N21,VIIRS,n,2.0NRT,296.34,7.84,D
31.4625,72.19001,337.08,0.5,0.41,2026-09-15,758,N21,VIIRS,n,2.0NRT,294.0,12.68,D
31.47223,75.18405,336.99,0.4,0.37,2026-09-15,758,N21,VIIRS,n,2.0NRT,296.25,4.46,D
31.56974,75.11226,330.14,0.4,0.37,2026-09-15,758,N21,VIIRS,n,2.0NRT,291.83,3.87,D
31.64829,74.98766,330.97,0.4,0.37,2026-09-15,758,N21,VIIRS,n,2.0NRT,296.95,2.82,D
31.87322,74.70067,331.32,0.4,0.37,2026-09-15,758,N21,VIIRS,n,2.0NRT,295.53,3.34,D
35.43684,73.60258,328.56,0.4,0.37,2026-09-15,758,N21,VIIRS,n,2.0NRT,291.57,2.64,D
